  0
SECTION
  2
HEADER
  9
$ACADVER
  1
AC1018
  9
$ACADMAINTVER
 70
0
  9
$DWGCODEPAGE
  3
ANSI_1252
  9
$LASTSAVEDBY
  1
ezdxf
  9
$INSBASE
 10
0.0
 20
0.0
 30
0.0
  9
$EXTMIN
 10
1e+20
 20
1e+20
 30
1e+20
  9
$EXTMAX
 10
-1e+20
 20
-1e+20
 30
-1e+20
  9
$LIMMIN
 10
0.0
 20
0.0
  9
$LIMMAX
 10
420.0
 20
297.0
  9
$ORTHOMODE
 70
0
  9
$REGENMODE
 70
1
  9
$FILLMODE
 70
1
  9
$QTEXTMODE
 70
0
  9
$MIRRTEXT
 70
1
  9
$LTSCALE
 40
1.0
  9
$ATTMODE
 70
1
  9
$TEXTSIZE
 40
2.5
  9
$TRACEWID
 40
1.0
  9
$TEXTSTYLE
  7
OpenSans
  9
$CLAYER
  8
0
  9
$CELTYPE
  6
ByLayer
  9
$CECOLOR
 62
256
  9
$CELTSCALE
 40
1.0
  9
$DISPSILH
 70
0
  9
$DIMSCALE
 40
1.0
  9
$DIMASZ
 40
0.175
  9
$DIMEXO
 40
0.125
  9
$DIMDLI
 40
3.75
  9
$DIMRND
 40
0.0
  9
$DIMDLE
 40
0.0
  9
$DIMEXE
 40
0.375
  9
$DIMTP
 40
0.0
  9
$DIMTM
 40
0.0
  9
$DIMTXT
 40
0.25
  9
$DIMCEN
 40
2.5
  9
$DIMTSZ
 40
0.0
  9
$DIMTOL
 70
0
  9
$DIMLIM
 70
0
  9
$DIMTIH
 70
0
  9
$DIMTOH
 70
0
  9
$DIMSE1
 70
0
  9
$DIMSE2
 70
0
  9
$DIMTAD
 70
1
  9
$DIMZIN
 70
12
  9
$DIMBLK
  1
ARCHTICK
  9
$DIMASO
 70
1
  9
$DIMSHO
 70
1
  9
$DIMPOST
  1

  9
$DIMAPOST
  1

  9
$DIMALT
 70
0
  9
$DIMALTD
 70
3
  9
$DIMALTF
 40
0.03937007874
  9
$DIMLFAC
 40
100.0
  9
$DIMTOFL
 70
1
  9
$DIMTVP
 40
0.0
  9
$DIMTIX
 70
0
  9
$DIMSOXD
 70
0
  9
$DIMSAH
 70
0
  9
$DIMBLK1
  1

  9
$DIMBLK2
  1

  9
$DIMSTYLE
  2
EZDXF
  9
$DIMCLRD
 70
0
  9
$DIMCLRE
 70
0
  9
$DIMCLRT
 70
0
  9
$DIMTFAC
 40
0.5
  9
$DIMGAP
 40
0.1
  9
$DIMJUST
 70
0
  9
$DIMSD1
 70
0
  9
$DIMSD2
 70
0
  9
$DIMTOLJ
 70
0
  9
$DIMTZIN
 70
8
  9
$DIMALTZ
 70
0
  9
$DIMALTTZ
 70
0
  9
$DIMUPT
 70
1
  9
$DIMDEC
 70
2
  9
$DIMTDEC
 70
2
  9
$DIMALTU
 70
2
  9
$DIMALTTD
 70
3
  9
$DIMTXSTY
  7
OpenSansCondensed-Light
  9
$DIMAUNIT
 70
0
  9
$DIMADEC
 70
2
  9
$DIMALTRND
 40
0.0
  9
$DIMAZIN
 70
3
  9
$DIMDSEP
 70
46
  9
$DIMATFIT
 70
3
  9
$DIMFRAC
 70
0
  9
$DIMLDRBLK
  1

  9
$DIMLUNIT
 70
2
  9
$DIMLWD
 70
-2
  9
$DIMLWE
 70
-2
  9
$DIMTMOVE
 70
2
  9
$LUNITS
 70
2
  9
$LUPREC
 70
4
  9
$SKETCHINC
 40
1.0
  9
$FILLETRAD
 40
10.0
  9
$AUNITS
 70
0
  9
$AUPREC
 70
2
  9
$MENU
  1
.
  9
$ELEVATION
 40
0.0
  9
$PELEVATION
 40
0.0
  9
$THICKNESS
 40
0.0
  9
$LIMCHECK
 70
0
  9
$CHAMFERA
 40
0.0
  9
$CHAMFERB
 40
0.0
  9
$CHAMFERC
 40
0.0
  9
$CHAMFERD
 40
0.0
  9
$SKPOLY
 70
0
  9
$TDCREATE
 40
2461321.354548611
  9
$TDUCREATE
 40
2458532.153996898
  9
$TDUPDATE
 40
2461321.354560185
  9
$TDUUPDATE
 40
2458532.1544311
  9
$TDINDWG
 40
0.0
  9
$TDUSRTIMER
 40
0.0
  9
$USRTIMER
 70
1
  9
$ANGBASE
 50
0.0
  9
$ANGDIR
 70
0
  9
$PDMODE
 70
0
  9
$PDSIZE
 40
0.0
  9
$PLINEWID
 40
0.0
  9
$SPLFRAME
 70
0
  9
$SPLINETYPE
 70
6
  9
$SPLINESEGS
 70
8
  9
$HANDSEED
  5
125F
  9
$SURFTAB1
 70
6
  9
$SURFTAB2
 70
6
  9
$SURFTYPE
 70
6
  9
$SURFU
 70
6
  9
$SURFV
 70
6
  9
$UCSBASE
  2

  9
$UCSNAME
  2

  9
$UCSORG
 10
0.0
 20
0.0
 30
0.0
  9
$UCSXDIR
 10
1.0
 20
0.0
 30
0.0
  9
$UCSYDIR
 10
0.0
 20
1.0
 30
0.0
  9
$UCSORTHOREF
  2

  9
$UCSORTHOVIEW
 70
0
  9
$UCSORGTOP
 10
0.0
 20
0.0
 30
0.0
  9
$UCSORGBOTTOM
 10
0.0
 20
0.0
 30
0.0
  9
$UCSORGLEFT
 10
0.0
 20
0.0
 30
0.0
  9
$UCSORGRIGHT
 10
0.0
 20
0.0
 30
0.0
  9
$UCSORGFRONT
 10
0.0
 20
0.0
 30
0.0
  9
$UCSORGBACK
 10
0.0
 20
0.0
 30
0.0
  9
$PUCSBASE
  2

  9
$PUCSNAME
  2

  9
$PUCSORG
 10
0.0
 20
0.0
 30
0.0
  9
$PUCSXDIR
 10
1.0
 20
0.0
 30
0.0
  9
$PUCSYDIR
 10
0.0
 20
1.0
 30
0.0
  9
$PUCSORTHOREF
  2

  9
$PUCSORTHOVIEW
 70
0
  9
$PUCSORGTOP
 10
0.0
 20
0.0
 30
0.0
  9
$PUCSORGBOTTOM
 10
0.0
 20
0.0
 30
0.0
  9
$PUCSORGLEFT
 10
0.0
 20
0.0
 30
0.0
  9
$PUCSORGRIGHT
 10
0.0
 20
0.0
 30
0.0
  9
$PUCSORGFRONT
 10
0.0
 20
0.0
 30
0.0
  9
$PUCSORGBACK
 10
0.0
 20
0.0
 30
0.0
  9
$USERI1
 70
0
  9
$USERI2
 70
0
  9
$USERI3
 70
0
  9
$USERI4
 70
0
  9
$USERI5
 70
0
  9
$USERR1
 40
0.0
  9
$USERR2
 40
0.0
  9
$USERR3
 40
0.0
  9
$USERR4
 40
0.0
  9
$USERR5
 40
0.0
  9
$WORLDVIEW
 70
1
  9
$SHADEDGE
 70
3
  9
$SHADEDIF
 70
70
  9
$TILEMODE
 70
1
  9
$MAXACTVP
 70
64
  9
$PINSBASE
 10
0.0
 20
0.0
 30
0.0
  9
$PLIMCHECK
 70
0
  9
$PEXTMIN
 10
1e+20
 20
1e+20
 30
1e+20
  9
$PEXTMAX
 10
-1e+20
 20
-1e+20
 30
-1e+20
  9
$PLIMMIN
 10
0.0
 20
0.0
  9
$PLIMMAX
 10
420.0
 20
297.0
  9
$UNITMODE
 70
0
  9
$VISRETAIN
 70
1
  9
$PLINEGEN
 70
0
  9
$PSLTSCALE
 70
1
  9
$TREEDEPTH
 70
3020
  9
$CMLSTYLE
  2
Standard
  9
$CMLJUST
 70
0
  9
$CMLSCALE
 40
20.0
  9
$PROXYGRAPHICS
 70
1
  9
$MEASUREMENT
 70
1
  9
$CELWEIGHT
370
-1
  9
$ENDCAPS
280
0
  9
$JOINSTYLE
280
0
  9
$LWDISPLAY
290
0
  9
$INSUNITS
 70
4
  9
$HYPERLINKBASE
  1

  9
$STYLESHEET
  1

  9
$XEDIT
290
1
  9
$CEPSNTYPE
380
0
  9
$PSTYLEMODE
290
1
  9
$FINGERPRINTGUID
  2
{88B9BE27-4C5C-41A7-948A-488F5B4779A0}
  9
$VERSIONGUID
  2
{C73D4E76-27CF-4219-93A4-3FAA4D94E0A4}
  9
$EXTNAMES
290
1
  9
$PSVPSCALE
 40
0.0
  9
$OLESTARTUP
290
0
  9
$SORTENTS
280
127
  9
$INDEXCTL
280
0
  9
$HIDETEXT
280
1
  9
$XCLIPFRAME
290
1
  9
$HALOGAP
280
0
  9
$OBSCOLOR
 70
257
  9
$OBSLTYPE
280
0
  9
$INTERSECTIONDISPLAY
280
0
  9
$INTERSECTIONCOLOR
 70
257
  9
$DIMASSOC
280
2
  9
$PROJECTNAME
  1

  0
ENDSEC
  0
SECTION
  2
CLASSES
  0
CLASS
  1
ACDBDICTIONARYWDFLT
  2
AcDbDictionaryWithDefault
  3
ObjectDBX Classes
 90
0
 91
0
280
0
281
0
  0
CLASS
  1
SUN
  2
AcDbSun
  3
SCENEOE
 90
1153
 91
0
280
0
281
0
  0
CLASS
  1
VISUALSTYLE
  2
AcDbVisualStyle
  3
ObjectDBX Classes
 90
4095
 91
0
280
0
281
0
  0
CLASS
  1
MATERIAL
  2
AcDbMaterial
  3
ObjectDBX Classes
 90
1153
 91
0
280
0
281
0
  0
CLASS
  1
SCALE
  2
AcDbScale
  3
ObjectDBX Classes
 90
1153
 91
0
280
0
281
0
  0
CLASS
  1
TABLESTYLE
  2
AcDbTableStyle
  3
ObjectDBX Classes
 90
4095
 91
0
280
0
281
0
  0
CLASS
  1
MLEADERSTYLE
  2
AcDbMLeaderStyle
  3
ACDB_MLEADERSTYLE_CLASS
 90
4095
 91
0
280
0
281
0
  0
CLASS
  1
DICTIONARYVAR
  2
AcDbDictionaryVar
  3
ObjectDBX Classes
 90
0
 91
0
280
0
281
0
  0
CLASS
  1
CELLSTYLEMAP
  2
AcDbCellStyleMap
  3
ObjectDBX Classes
 90
1152
 91
0
280
0
281
0
  0
CLASS
  1
MENTALRAYRENDERSETTINGS
  2
AcDbMentalRayRenderSettings
  3
SCENEOE
 90
1024
 91
0
280
0
281
0
  0
CLASS
  1
ACDBDETAILVIEWSTYLE
  2
AcDbDetailViewStyle
  3
ObjectDBX Classes
 90
1025
 91
0
280
0
281
0
  0
CLASS
  1
ACDBSECTIONVIEWSTYLE
  2
AcDbSectionViewStyle
  3
ObjectDBX Classes
 90
1025
 91
0
280
0
281
0
  0
CLASS
  1
RASTERVARIABLES
  2
AcDbRasterVariables
  3
ISM
 90
0
 91
0
280
0
281
0
  0
CLASS
  1
LAYOUT
  2
AcDbLayout
  3
ObjectDBX Classes
 90
0
 91
0
280
0
281
0
  0
CLASS
  1
ACDBPLACEHOLDER
  2
AcDbPlaceHolder
  3
ObjectDBX Classes
 90
0
 91
0
280
0
281
0
  0
ENDSEC
  0
SECTION
  2
TABLES
  0
TABLE
  2
VPORT
  5
8
330
0
100
AcDbSymbolTable
 70
1
  0
VPORT
  5
23
330
8
100
AcDbSymbolTableRecord
100
AcDbViewportTableRecord
  2
*Active
 70
0
 10
0.0
 20
0.0
 11
1.0
 21
1.0
 12
0.0
 22
0.0
 13
0.0
 23
0.0
 14
0.5
 24
0.5
 15
0.5
 25
0.5
 16
0.0
 26
0.0
 36
1.0
 17
0.0
 27
0.0
 37
0.0
 40
1000.0
 41
1.34
 42
50.0
 43
0.0
 44
0.0
 50
0.0
 51
0.0
 71
0
 72
1000
 73
1
 74
3
 75
0
 76
0
 77
0
 78
0
281
0
 65
0
146
0.0
  0
ENDTAB
  0
TABLE
  2
LTYPE
  5
2
330
0
100
AcDbSymbolTable
 70
21
  0
LTYPE
  5
24
330
2
100
AcDbSymbolTableRecord
100
AcDbLinetypeTableRecord
  2
ByBlock
 70
0
  3

 72
65
 73
0
 40
0.0
  0
LTYPE
  5
25
330
2
100
AcDbSymbolTableRecord
100
AcDbLinetypeTableRecord
  2
ByLayer
 70
0
  3

 72
65
 73
0
 40
0.0
  0
LTYPE
  5
26
330
2
100
AcDbSymbolTableRecord
100
AcDbLinetypeTableRecord
  2
Continuous
 70
0
  3

 72
65
 73
0
 40
0.0
  0
LTYPE
  5
2F
330
2
100
AcDbSymbolTableRecord
100
AcDbLinetypeTableRecord
  2
CENTER
 70
0
  3
Center ____ _ ____ _ ____ _ ____ _ ____ _ ____
 72
65
 73
4
 40
5.08
 49
3.175
 74
0
 49
-0.635
 74
0
 49
0.635
 74
0
 49
-0.635
 74
0
  0
LTYPE
  5
30
330
2
100
AcDbSymbolTableRecord
100
AcDbLinetypeTableRecord
  2
CENTERX2
 70
0
  3
Center (2x) ________  __  ________  __  ________
 72
65
 73
4
 40
8.89
 49
6.35
 74
0
 49
-0.635
 74
0
 49
1.27
 74
0
 49
-0.635
 74
0
  0
LTYPE
  5
31
330
2
100
AcDbSymbolTableRecord
100
AcDbLinetypeTableRecord
  2
CENTER2
 70
0
  3
Center (.5x) ____ _ ____ _ ____ _ ____ _ ____
 72
65
 73
4
 40
2.54
 49
1.587
 74
0
 49
-0.318
 74
0
 49
0.318
 74
0
 49
-0.318
 74
0
  0
LTYPE
  5
32
330
2
100
AcDbSymbolTableRecord
100
AcDbLinetypeTableRecord
  2
DASHED
 70
0
  3
Dashed __ __ __ __ __ __ __ __ __ __ __ __ __ _
 72
65
 73
2
 40
1.524
 49
1.27
 74
0
 49
-0.254
 74
0
  0
LTYPE
  5
33
330
2
100
AcDbSymbolTableRecord
100
AcDbLinetypeTableRecord
  2
DASHEDX2
 70
0
  3
Dashed (2x) ____  ____  ____  ____  ____  ____
 72
65
 73
2
 40
3.048
 49
2.54
 74
0
 49
-0.508
 74
0
  0
LTYPE
  5
34
330
2
100
AcDbSymbolTableRecord
100
AcDbLinetypeTableRecord
  2
DASHED2
 70
0
  3
Dashed (.5x) _ _ _ _ _ _ _ _ _ _ _ _ _ _
 72
65
 73
2
 40
0.762
 49
0.635
 74
0
 49
-0.127
 74
0
  0
LTYPE
  5
35
330
2
100
AcDbSymbolTableRecord
100
AcDbLinetypeTableRecord
  2
PHANTOM
 70
0
  3
Phantom ______  __  __  ______  __  __  ______
 72
65
 73
6
 40
6.35
 49
3.175
 74
0
 49
-0.635
 74
0
 49
0.635
 74
0
 49
-0.635
 74
0
 49
0.635
 74
0
 49
-0.635
 74
0
  0
LTYPE
  5
36
330
2
100
AcDbSymbolTableRecord
100
AcDbLinetypeTableRecord
  2
PHANTOMX2
 70
0
  3
Phantom (2x)____________    ____    ____    ____________
 72
65
 73
6
 40
10.795
 49
6.35
 74
0
 49
-0.635
 74
0
 49
1.27
 74
0
 49
-0.635
 74
0
 49
1.27
 74
0
 49
-0.635
 74
0
  0
LTYPE
  5
37
330
2
100
AcDbSymbolTableRecord
100
AcDbLinetypeTableRecord
  2
PHANTOM2
 70
0
  3
Phantom (.5x) ___ _ _ ___ _ _ ___ _ _ ___ _ _ ___
 72
65
 73
6
 40
3.175
 49
1.587
 74
0
 49
-0.318
 74
0
 49
0.318
 74
0
 49
-0.318
 74
0
 49
0.318
 74
0
 49
-0.318
 74
0
  0
LTYPE
  5
38
330
2
100
AcDbSymbolTableRecord
100
AcDbLinetypeTableRecord
  2
DASHDOT
 70
0
  3
Dash dot __ . __ . __ . __ . __ . __ . __ . __
 72
65
 73
4
 40
3.556
 49
2.54
 74
0
 49
-0.508
 74
0
 49
0.0
 74
0
 49
-0.508
 74
0
  0
LTYPE
  5
39
330
2
100
AcDbSymbolTableRecord
100
AcDbLinetypeTableRecord
  2
DASHDOTX2
 70
0
  3
Dash dot (2x) ____  .  ____  .  ____  .  ____
 72
65
 73
4
 40
6.096
 49
5.08
 74
0
 49
-0.508
 74
0
 49
0.0
 74
0
 49
-0.508
 74
0
  0
LTYPE
  5
3A
330
2
100
AcDbSymbolTableRecord
100
AcDbLinetypeTableRecord
  2
DASHDOT2
 70
0
  3
Dash dot (.5x) _ . _ . _ . _ . _ . _ . _ . _
 72
65
 73
4
 40
1.778
 49
1.27
 74
0
 49
-0.254
 74
0
 49
0.0
 74
0
 49
-0.254
 74
0
  0
LTYPE
  5
3B
330
2
100
AcDbSymbolTableRecord
100
AcDbLinetypeTableRecord
  2
DOT
 70
0
  3
Dot .  .  .  .  .  .  .  .  .  .  .  .  .  .  .  .
 72
65
 73
2
 40
0.508
 49
0.0
 74
0
 49
-0.508
 74
0
  0
LTYPE
  5
3C
330
2
100
AcDbSymbolTableRecord
100
AcDbLinetypeTableRecord
  2
DOTX2
 70
0
  3
Dot (2x) .    .    .    .    .    .    .    . 
 72
65
 73
2
 40
1.016
 49
0.0
 74
0
 49
-1.016
 74
0
  0
LTYPE
  5
3D
330
2
100
AcDbSymbolTableRecord
100
AcDbLinetypeTableRecord
  2
DOT2
 70
0
  3
Dot (.5) . . . . . . . . . . . . . . . . . . . 
 72
65
 73
2
 40
0.254
 49
0.0
 74
0
 49
-0.254
 74
0
  0
LTYPE
  5
3E
330
2
100
AcDbSymbolTableRecord
100
AcDbLinetypeTableRecord
  2
DIVIDE
 70
0
  3
Divide __ . . __ . . __ . . __ . . __ . . __
 72
65
 73
6
 40
4.064
 49
2.54
 74
0
 49
-0.508
 74
0
 49
0.0
 74
0
 49
-0.508
 74
0
 49
0.0
 74
0
 49
-0.508
 74
0
  0
LTYPE
  5
3F
330
2
100
AcDbSymbolTableRecord
100
AcDbLinetypeTableRecord
  2
DIVIDEX2
 70
0
  3
Divide (2x) ____  . .  ____  . .  ____  . .  ____
 72
65
 73
6
 40
6.604
 49
5.08
 74
0
 49
-0.508
 74
0
 49
0.0
 74
0
 49
-0.508
 74
0
 49
0.0
 74
0
 49
-0.508
 74
0
  0
LTYPE
  5
40
330
2
100
AcDbSymbolTableRecord
100
AcDbLinetypeTableRecord
  2
DIVIDE2
 70
0
  3
Divide(.5x) _ . _ . _ . _ . _ . _ . _ . _
 72
65
 73
6
 40
2.032
 49
1.27
 74
0
 49
-0.254
 74
0
 49
0.0
 74
0
 49
-0.254
 74
0
 49
0.0
 74
0
 49
-0.254
 74
0
  0
ENDTAB
  0
TABLE
  2
LAYER
  5
1
330
0
100
AcDbSymbolTable
 70
7
  0
LAYER
  5
27
330
1
100
AcDbSymbolTableRecord
100
AcDbLayerTableRecord
  2
0
 70
0
 62
7
  6
Continuous
370
-3
390
13
  0
LAYER
  5
28
330
1
100
AcDbSymbolTableRecord
100
AcDbLayerTableRecord
  2
Defpoints
 70
0
 62
7
  6
Continuous
290
0
370
-3
390
13
  0
LAYER
  5
8A
330
1
100
AcDbSymbolTableRecord
100
AcDbLayerTableRecord
  2
IV_OUTER_PROFILE
 70
0
 62
7
  6
Continuous
370
-3
390
13
  0
LAYER
  5
8B
330
1
100
AcDbSymbolTableRecord
100
AcDbLayerTableRecord
  2
IV_INTERIOR_PROFILES
 70
0
 62
7
  6
Continuous
370
-3
390
13
  0
LAYER
  5
8C
330
1
100
AcDbSymbolTableRecord
100
AcDbLayerTableRecord
  2
IV_BEND
 70
0
 62
1
  6
Continuous
370
-3
390
13
  0
LAYER
  5
8D
330
1
100
AcDbSymbolTableRecord
100
AcDbLayerTableRecord
  2
IV_BEND_DOWN
 70
0
 62
1
  6
Continuous
370
-3
390
13
  0
LAYER
  5
8E
330
1
100
AcDbSymbolTableRecord
100
AcDbLayerTableRecord
  2
LABELS
 70
0
 62
3
  6
Continuous
370
-3
390
13
  0
ENDTAB
  0
TABLE
  2
STYLE
  5
5
330
0
100
AcDbSymbolTable
 70
26
  0
STYLE
  5
29
330
5
100
AcDbSymbolTableRecord
100
AcDbTextStyleTableRecord
  2
Standard
 70
0
 40
0.0
 41
1.0
 50
0.0
 71
0
 42
2.5
  3
txt
  4

  0
STYLE
  5
41
330
5
100
AcDbSymbolTableRecord
100
AcDbTextStyleTableRecord
  2
OpenSans-Light
 70
0
 40
0.0
 41
1.0
 50
0.0
 71
0
 42
2.5
  3
OpenSans-Light.ttf
  4

  0
STYLE
  5
42
330
5
100
AcDbSymbolTableRecord
100
AcDbTextStyleTableRecord
  2
OpenSans-Light-Italic
 70
0
 40
0.0
 41
1.0
 50
0.0
 71
0
 42
2.5
  3
OpenSans-LightItalic.ttf
  4

  0
STYLE
  5
43
330
5
100
AcDbSymbolTableRecord
100
AcDbTextStyleTableRecord
  2
OpenSans
 70
0
 40
0.0
 41
1.0
 50
0.0
 71
0
 42
2.5
  3
OpenSans-Regular.ttf
  4

  0
STYLE
  5
44
330
5
100
AcDbSymbolTableRecord
100
AcDbTextStyleTableRecord
  2
OpenSans-Italic
 70
0
 40
0.0
 41
1.0
 50
0.0
 71
0
 42
2.5
  3
OpenSans-Italic.ttf
  4

  0
STYLE
  5
45
330
5
100
AcDbSymbolTableRecord
100
AcDbTextStyleTableRecord
  2
OpenSans-SemiBold
 70
0
 40
0.0
 41
1.0
 50
0.0
 71
0
 42
2.5
  3
OpenSans-SemiBold.ttf
  4

  0
STYLE
  5
46
330
5
100
AcDbSymbolTableRecord
100
AcDbTextStyleTableRecord
  2
OpenSans-SemiBoldItalic
 70
0
 40
0.0
 41
1.0
 50
0.0
 71
0
 42
2.5
  3
OpenSans-SemiBoldItalic.ttf
  4

  0
STYLE
  5
47
330
5
100
AcDbSymbolTableRecord
100
AcDbTextStyleTableRecord
  2
OpenSans-Bold
 70
0
 40
0.0
 41
1.0
 50
0.0
 71
0
 42
2.5
  3
OpenSans-Bold.ttf
  4

  0
STYLE
  5
48
330
5
100
AcDbSymbolTableRecord
100
AcDbTextStyleTableRecord
  2
OpenSans-BoldItalic
 70
0
 40
0.0
 41
1.0
 50
0.0
 71
0
 42
2.5
  3
OpenSans-BoldItalic.ttf
  4

  0
STYLE
  5
49
330
5
100
AcDbSymbolTableRecord
100
AcDbTextStyleTableRecord
  2
OpenSans-ExtraBold
 70
0
 40
0.0
 41
1.0
 50
0.0
 71
0
 42
2.5
  3
OpenSans-ExtraBold.ttf
  4

  0
STYLE
  5
4A
330
5
100
AcDbSymbolTableRecord
100
AcDbTextStyleTableRecord
  2
OpenSans-ExtraBoldItalic
 70
0
 40
0.0
 41
1.0
 50
0.0
 71
0
 42
2.5
  3
OpenSans-ExtraBoldItalic.ttf
  4

  0
STYLE
  5
4B
330
5
100
AcDbSymbolTableRecord
100
AcDbTextStyleTableRecord
  2
OpenSansCondensed-Bold
 70
0
 40
0.0
 41
1.0
 50
0.0
 71
0
 42
2.5
  3
OpenSansCondensed-Bold.ttf
  4

  0
STYLE
  5
4C
330
5
100
AcDbSymbolTableRecord
100
AcDbTextStyleTableRecord
  2
OpenSansCondensed-Light
 70
0
 40
0.0
 41
1.0
 50
0.0
 71
0
 42
2.5
  3
OpenSansCondensed-Light.ttf
  4

  0
STYLE
  5
4D
330
5
100
AcDbSymbolTableRecord
100
AcDbTextStyleTableRecord
  2
OpenSansCondensed-Italic
 70
0
 40
0.0
 41
1.0
 50
0.0
 71
0
 42
2.5
  3
OpenSansCondensed-LightItalic.ttf
  4

  0
STYLE
  5
4E
330
5
100
AcDbSymbolTableRecord
100
AcDbTextStyleTableRecord
  2
LiberationSans
 70
0
 40
0.0
 41
1.0
 50
0.0
 71
0
 42
2.5
  3
LiberationSans-Regular.ttf
  4

  0
STYLE
  5
4F
330
5
100
AcDbSymbolTableRecord
100
AcDbTextStyleTableRecord
  2
LiberationSans-Bold
 70
0
 40
0.0
 41
1.0
 50
0.0
 71
0
 42
2.5
  3
LiberationSans-Bold.ttf
  4

  0
STYLE
  5
50
330
5
100
AcDbSymbolTableRecord
100
AcDbTextStyleTableRecord
  2
LiberationSans-BoldItalic
 70
0
 40
0.0
 41
1.0
 50
0.0
 71
0
 42
2.5
  3
LiberationSans-BoldItalic.ttf
  4

  0
STYLE
  5
51
330
5
100
AcDbSymbolTableRecord
100
AcDbTextStyleTableRecord
  2
LiberationSans-Italic
 70
0
 40
0.0
 41
1.0
 50
0.0
 71
0
 42
2.5
  3
LiberationSans-Italic.ttf
  4

  0
STYLE
  5
52
330
5
100
AcDbSymbolTableRecord
100
AcDbTextStyleTableRecord
  2
LiberationSerif
 70
0
 40
0.0
 41
1.0
 50
0.0
 71
0
 42
2.5
  3
LiberationSerif-Regular.ttf
  4

  0
STYLE
  5
53
330
5
100
AcDbSymbolTableRecord
100
AcDbTextStyleTableRecord
  2
LiberationSerif-Bold
 70
0
 40
0.0
 41
1.0
 50
0.0
 71
0
 42
2.5
  3
LiberationSerif-Bold.ttf
  4

  0
STYLE
  5
54
330
5
100
AcDbSymbolTableRecord
100
AcDbTextStyleTableRecord
  2
LiberationSerif-BoldItalic
 70
0
 40
0.0
 41
1.0
 50
0.0
 71
0
 42
2.5
  3
LiberationSerif-BoldItalic.ttf
  4

  0
STYLE
  5
55
330
5
100
AcDbSymbolTableRecord
100
AcDbTextStyleTableRecord
  2
LiberationSerif-Italic
 70
0
 40
0.0
 41
1.0
 50
0.0
 71
0
 42
2.5
  3
LiberationSerif-Italic.ttf
  4

  0
STYLE
  5
56
330
5
100
AcDbSymbolTableRecord
100
AcDbTextStyleTableRecord
  2
LiberationMono
 70
0
 40
0.0
 41
1.0
 50
0.0
 71
0
 42
2.5
  3
LiberationMono-Regular.ttf
  4

  0
STYLE
  5
57
330
5
100
AcDbSymbolTableRecord
100
AcDbTextStyleTableRecord
  2
LiberationMono-Bold
 70
0
 40
0.0
 41
1.0
 50
0.0
 71
0
 42
2.5
  3
LiberationMono-Bold.ttf
  4

  0
STYLE
  5
58
330
5
100
AcDbSymbolTableRecord
100
AcDbTextStyleTableRecord
  2
LiberationMono-BoldItalic
 70
0
 40
0.0
 41
1.0
 50
0.0
 71
0
 42
2.5
  3
LiberationMono-BoldItalic.ttf
  4

  0
STYLE
  5
59
330
5
100
AcDbSymbolTableRecord
100
AcDbTextStyleTableRecord
  2
LiberationMono-Italic
 70
0
 40
0.0
 41
1.0
 50
0.0
 71
0
 42
2.5
  3
LiberationMono-Italic.ttf
  4

  0
ENDTAB
  0
TABLE
  2
VIEW
  5
7
330
0
100
AcDbSymbolTable
 70
0
  0
ENDTAB
  0
TABLE
  2
UCS
  5
6
330
0
100
AcDbSymbolTable
 70
0
  0
ENDTAB
  0
TABLE
  2
APPID
  5
3
330
0
100
AcDbSymbolTable
 70
3
  0
APPID
  5
2A
330
3
100
AcDbSymbolTableRecord
100
AcDbRegAppTableRecord
  2
ACAD
 70
0
  0
APPID
  5
1227
330
3
100
AcDbSymbolTableRecord
100
AcDbRegAppTableRecord
  2
HATCHBACKGROUNDCOLOR
 70
0
  0
APPID
  5
1228
330
3
100
AcDbSymbolTableRecord
100
AcDbRegAppTableRecord
  2
EZDXF
 70
0
  0
ENDTAB
  0
TABLE
  2
DIMSTYLE
  5
4
330
0
100
AcDbSymbolTable
 70
12
100
AcDbDimStyleTable
  0
DIMSTYLE
105
2B
330
4
100
AcDbSymbolTableRecord
100
AcDbDimStyleTableRecord
  2
Standard
 70
0
  3

  4

 40
1.0
 41
2.5
 42
0.625
 43
3.75
 44
1.25
 45
0.0
 46
0.0
 47
0.0
 48
0.0
140
2.5
141
2.5
142
0.0
143
0.03937007874
144
1.0
145
0.0
146
1.0
147
0.625
148
0.0
 71
0
 72
0
 73
0
 74
0
 75
0
 76
0
 77
1
 78
8
 79
3
170
0
171
3
172
1
173
0
174
0
175
0
176
0
177
0
178
0
179
2
271
2
272
2
273
2
274
3
275
0
276
0
277
2
278
44
279
0
280
0
281
0
282
0
283
0
284
8
285
0
286
0
288
0
289
3
371
-2
372
-2
  0
DIMSTYLE
105
73
330
4
100
AcDbSymbolTableRecord
100
AcDbDimStyleTableRecord
  2
EZDXF
 70
0
  3

  4

 40
1.0
 41
0.175
 42
0.125
 43
3.75
 44
0.375
 45
0.0
 46
0.0
 47
0.0
 48
0.0
140
0.25
141
2.5
142
0.0
143
0.03937007874
144
100.0
145
0.0
146
0.5
147
0.1
148
0.0
 71
0
 72
0
 73
0
 74
0
 75
0
 76
0
 77
1
 78
12
 79
3
170
0
171
3
172
1
173
0
174
0
175
0
176
0
177
0
178
0
179
2
271
2
272
2
273
2
274
3
275
0
276
0
277
2
278
46
279
2
280
0
281
0
282
0
283
0
284
8
285
0
286
0
288
1
289
3
340
4C
342
74
371
-2
372
-2
  0
DIMSTYLE
105
7C
330
4
100
AcDbSymbolTableRecord
100
AcDbDimStyleTableRecord
  2
EZ_M_100_H25_CM
 70
0
  3

  4

 40
1.0
 41
0.25
 42
0.125
 43
3.75
 44
0.375
 45
0.0
 46
0.0
 47
0.0
 48
0.0
140
0.25
141
2.5
142
0.125
143
0.03937007874
144
100.0
145
0.0
146
0.5
147
0.1
148
0.0
 71
0
 72
0
 73
0
 74
0
 75
0
 76
0
 77
1
 78
12
 79
3
170
0
171
3
172
1
173
0
174
0
175
0
176
0
177
0
178
0
179
2
271
2
272
2
273
2
274
3
275
0
276
0
277
2
278
46
279
2
280
0
281
0
282
0
283
0
284
8
285
0
286
0
288
1
289
3
340
4C
371
-2
372
-2
  0
DIMSTYLE
105
7D
330
4
100
AcDbSymbolTableRecord
100
AcDbDimStyleTableRecord
  2
EZ_M_50_H25_CM
 70
0
  3

  4

 40
1.0
 41
0.125
 42
0.0625
 43
3.75
 44
0.1875
 45
0.0
 46
0.0
 47
0.0
 48
0.0
140
0.125
141
2.5
142
0.0625
143
0.03937007874
144
100.0
145
0.0
146
0.5
147
0.05
148
0.0
 71
0
 72
0
 73
0
 74
0
 75
0
 76
0
 77
1
 78
12
 79
3
170
0
171
3
172
1
173
0
174
0
175
0
176
0
177
0
178
0
179
2
271
2
272
2
273
2
274
3
275
0
276
0
277
2
278
46
279
2
280
0
281
0
282
0
283
0
284
8
285
0
286
0
288
1
289
3
340
4C
371
-2
372
-2
  0
DIMSTYLE
105
7E
330
4
100
AcDbSymbolTableRecord
100
AcDbDimStyleTableRecord
  2
EZ_M_25_H25_CM
 70
0
  3

  4

 40
1.0
 41
0.0625
 42
0.03125
 43
3.75
 44
0.09375
 45
0.0
 46
0.0
 47
0.0
 48
0.0
140
0.0625
141
2.5
142
0.03125
143
0.03937007874
144
100.0
145
0.0
146
0.5
147
0.025
148
0.0
 71
0
 72
0
 73
0
 74
0
 75
0
 76
0
 77
1
 78
12
 79
3
170
0
171
3
172
1
173
0
174
0
175
0
176
0
177
0
178
0
179
2
271
2
272
2
273
2
274
3
275
0
276
0
277
2
278
46
279
2
280
0
281
0
282
0
283
0
284
8
285
0
286
0
288
1
289
3
340
4C
371
-2
372
-2
  0
DIMSTYLE
105
7F
330
4
100
AcDbSymbolTableRecord
100
AcDbDimStyleTableRecord
  2
EZ_M_20_H25_CM
 70
0
  3

  4

 40
1.0
 41
0.05
 42
0.025
 43
3.75
 44
0.07500000000000001
 45
0.0
 46
0.0
 47
0.0
 48
0.0
140
0.05
141
2.5
142
0.025
143
0.03937007874
144
100.0
145
0.0
146
0.5
147
0.020000000000000004
148
0.0
 71
0
 72
0
 73
0
 74
0
 75
0
 76
0
 77
1
 78
12
 79
3
170
0
171
3
172
1
173
0
174
0
175
0
176
0
177
0
178
0
179
2
271
2
272
2
273
2
274
3
275
0
276
0
277
2
278
46
279
2
280
0
281
0
282
0
283
0
284
8
285
0
286
0
288
1
289
3
340
4C
371
-2
372
-2
  0
DIMSTYLE
105
80
330
4
100
AcDbSymbolTableRecord
100
AcDbDimStyleTableRecord
  2
EZ_M_10_H25_CM
 70
0
  3

  4

 40
1.0
 41
0.025
 42
0.0125
 43
3.75
 44
0.037500000000000006
 45
0.0
 46
0.0
 47
0.0
 48
0.0
140
0.025
141
2.5
142
0.0125
143
0.03937007874
144
100.0
145
0.0
146
0.5
147
0.010000000000000002
148
0.0
 71
0
 72
0
 73
0
 74
0
 75
0
 76
0
 77
1
 78
12
 79
3
170
0
171
3
172
1
173
0
174
0
175
0
176
0
177
0
178
0
179
2
271
2
272
2
273
2
274
3
275
0
276
0
277
2
278
46
279
2
280
0
281
0
282
0
283
0
284
8
285
0
286
0
288
1
289
3
340
4C
371
-2
372
-2
  0
DIMSTYLE
105
81
330
4
100
AcDbSymbolTableRecord
100
AcDbDimStyleTableRecord
  2
EZ_M_5_H25_CM
 70
0
  3

  4

 40
1.0
 41
0.0125
 42
0.00625
 43
3.75
 44
0.018750000000000003
 45
0.0
 46
0.0
 47
0.0
 48
0.0
140
0.0125
141
2.5
142
0.00625
143
0.03937007874
144
100.0
145
0.0
146
0.5
147
0.005000000000000001
148
0.0
 71
0
 72
0
 73
0
 74
0
 75
0
 76
0
 77
1
 78
12
 79
3
170
0
171
3
172
1
173
0
174
0
175
0
176
0
177
0
178
0
179
2
271
2
272
2
273
2
274
3
275
0
276
0
277
2
278
46
279
2
280
0
281
0
282
0
283
0
284
8
285
0
286
0
288
1
289
3
340
4C
371
-2
372
-2
  0
DIMSTYLE
105
82
330
4
100
AcDbSymbolTableRecord
100
AcDbDimStyleTableRecord
  2
EZ_M_1_H25_CM
 70
0
  3

  4

 40
1.0
 41
0.0025
 42
0.00125
 43
3.75
 44
0.00375
 45
0.0
 46
0.0
 47
0.0
 48
0.0
140
0.0025
141
2.5
142
0.00125
143
0.03937007874
144
100.0
145
0.0
146
0.5
147
0.001
148
0.0
 71
0
 72
0
 73
0
 74
0
 75
0
 76
0
 77
1
 78
12
 79
3
170
0
171
3
172
1
173
0
174
0
175
0
176
0
177
0
178
0
179
2
271
2
272
2
273
2
274
3
275
0
276
0
277
2
278
46
279
2
280
0
281
0
282
0
283
0
284
8
285
0
286
0
288
1
289
3
340
4C
371
-2
372
-2
  0
DIMSTYLE
105
83
330
4
100
AcDbSymbolTableRecord
100
AcDbDimStyleTableRecord
  2
EZ_RADIUS
 70
0
  3

  4

 40
1.0
 41
0.25
 42
0.125
 43
3.75
 44
0.375
 45
0.0
 46
0.0
 47
0.0
 48
0.0
140
0.25
141
0.0
142
0.0
143
0.03937007874
144
100.0
145
0.0
146
0.5
147
0.1
148
0.0
 71
0
 72
0
 73
0
 74
0
 75
0
 76
0
 77
1
 78
12
 79
3
170
0
171
3
172
0
173
0
174
0
175
0
176
0
177
0
178
0
179
2
271
2
272
2
273
2
274
3
275
0
276
0
277
2
278
46
279
1
280
0
281
0
282
0
283
0
284
8
285
0
286
0
288
1
289
3
340
4C
342
84
371
-2
372
-2
  0
DIMSTYLE
105
88
330
4
100
AcDbSymbolTableRecord
100
AcDbDimStyleTableRecord
  2
EZ_RADIUS_INSIDE
 70
0
  3

  4

 40
1.0
 41
0.25
 42
0.125
 43
3.75
 44
0.375
 45
0.0
 46
0.0
 47
0.0
 48
0.0
140
0.25
141
0.0
142
0.0
143
0.03937007874
144
100.0
145
0.0
146
0.5
147
0.1
148
0.0
 71
0
 72
0
 73
0
 74
0
 75
0
 76
0
 77
0
 78
12
 79
3
170
0
171
3
172
0
173
0
174
1
175
0
176
0
177
0
178
0
179
2
271
2
272
2
273
2
274
3
275
0
276
0
277
2
278
46
279
0
280
0
281
0
282
0
283
0
284
8
285
0
286
0
288
1
289
0
340
4C
342
84
371
-2
372
-2
  0
DIMSTYLE
105
89
330
4
100
AcDbSymbolTableRecord
100
AcDbDimStyleTableRecord
  2
EZ_CURVED
 70
0
  3

  4

 40
1.0
 41
0.25
 42
0.125
 43
3.75
 44
0.375
 45
0.0
 46
0.0
 47
0.0
 48
0.0
140
0.25
141
2.5
142
0.0
143
0.03937007874
144
100.0
145
0.0
146
0.5
147
0.1
148
0.0
 71
0
 72
0
 73
0
 74
0
 75
0
 76
0
 77
1
 78
12
 79
2
 90
2
170
0
171
3
172
1
173
0
174
0
175
0
176
0
177
0
178
0
179
2
271
2
272
2
273
2
274
3
275
0
276
0
277
2
278
46
279
2
280
0
281
0
282
0
283
0
284
8
285
0
286
0
288
1
289
3
340
4C
371
-2
372
-2
  0
ENDTAB
  0
TABLE
  2
BLOCK_RECORD
  5
9
330
0
100
AcDbSymbolTable
 70
5
  0
BLOCK_RECORD
  5
17
330
9
100
AcDbSymbolTableRecord
100
AcDbBlockTableRecord
  2
*Model_Space
340
1A
  0
BLOCK_RECORD
  5
1B
330
9
100
AcDbSymbolTableRecord
100
AcDbBlockTableRecord
  2
*Paper_Space
340
1E
  0
BLOCK_RECORD
  5
74
330
9
100
AcDbSymbolTableRecord
100
AcDbBlockTableRecord
  2
_ARCHTICK
340
0
  0
BLOCK_RECORD
  5
78
330
9
100
AcDbSymbolTableRecord
100
AcDbBlockTableRecord
  2
_CLOSEDFILLED
340
0
  0
BLOCK_RECORD
  5
84
330
9
100
AcDbSymbolTableRecord
100
AcDbBlockTableRecord
  2
_CLOSEDBLANK
340
0
  0
ENDTAB
  0
ENDSEC
  0
SECTION
  2
BLOCKS
  0
BLOCK
  5
18
330
17
100
AcDbEntity
  8
0
100
AcDbBlockBegin
  2
*Model_Space
 70
0
 10
0.0
 20
0.0
 30
0.0
  3
*Model_Space
  1

  0
ENDBLK
  5
19
330
17
100
AcDbEntity
  8
0
100
AcDbBlockEnd
  0
BLOCK
  5
1C
330
1B
100
AcDbEntity
  8
0
100
AcDbBlockBegin
  2
*Paper_Space
 70
0
 10
0.0
 20
0.0
 30
0.0
  3
*Paper_Space
  1

  0
ENDBLK
  5
1D
330
1B
100
AcDbEntity
  8
0
100
AcDbBlockEnd
  0
BLOCK
  5
75
330
74
100
AcDbEntity
  8
0
100
AcDbBlockBegin
  2
_ARCHTICK
 70
0
 10
0.0
 20
0.0
 30
0.0
  3
_ARCHTICK
  1

  0
LWPOLYLINE
  5
77
330
74
100
AcDbEntity
  8
0
  6
BYBLOCK
 62
0
100
AcDbPolyline
 90
2
 70
0
 43
0.15
 10
-0.5
 20
-0.5
 10
0.5
 20
0.5
  0
ENDBLK
  5
76
330
74
100
AcDbEntity
  8
0
100
AcDbBlockEnd
  0
BLOCK
  5
79
330
78
100
AcDbEntity
  8
0
100
AcDbBlockBegin
  2
_CLOSEDFILLED
 70
0
 10
0.0
 20
0.0
 30
0.0
  3
_CLOSEDFILLED
  1

  0
SOLID
  5
7B
330
78
100
AcDbEntity
  8
0
  6
BYBLOCK
 62
0
100
AcDbTrace
 10
-1.0
 20
0.16439898372402537
 30
0.0
 11
0.0
 21
0.0
 31
0.0
 12
-1.0
 22
-0.16439898372402537
 32
0.0
 13
-1.0
 23
-0.16439898372402537
 33
0.0
  0
ENDBLK
  5
7A
330
78
100
AcDbEntity
  8
0
100
AcDbBlockEnd
  0
BLOCK
  5
85
330
84
100
AcDbEntity
  8
0
100
AcDbBlockBegin
  2
_CLOSEDBLANK
 70
0
 10
0.0
 20
0.0
 30
0.0
  3
_CLOSEDBLANK
  1

  0
LWPOLYLINE
  5
87
330
84
100
AcDbEntity
  8
0
  6
BYBLOCK
 62
0
100
AcDbPolyline
 90
3
 70
1
 10
-1.0
 20
0.16439898372402537
 10
0.0
 20
0.0
 10
-1.0
 20
-0.16439898372402537
  0
ENDBLK
  5
86
330
84
100
AcDbEntity
  8
0
100
AcDbBlockEnd
  0
ENDSEC
  0
SECTION
  2
ENTITIES
  0
ARC
  5
8F
330
17
100
AcDbEntity
  8
IV_OUTER_PROFILE
100
AcDbCircle
 10
1041.0000701905067
 20
-23.171262480925527
 30
0.0
 40
1.0
100
AcDbArc
 50
125.5376777919744
 51
270.0
  0
LINE
  5
90
330
17
100
AcDbEntity
  8
IV_OUTER_PROFILE
100
AcDbLine
 10
1086.7591400836895
 20
-24.171262480925527
 30
0.0
 11
1041.0000701905067
 21
-24.171262480925527
 31
0.0
  0
ARC
  5
91
330
17
100
AcDbEntity
  8
IV_OUTER_PROFILE
100
AcDbCircle
 10
1086.7591400836895
 20
-23.171262480925527
 30
0.0
 40
1.0
100
AcDbArc
 50
270.0
 51
54.46232220802494
  0
LINE
  5
92
330
17
100
AcDbEntity
  8
IV_OUTER_PROFILE
100
AcDbLine
 10
1064.4608433308172
 20
-6.015004047867738
 30
0.0
 11
1087.3403782774087
 21
-22.357529009718796
 31
0.0
  0
ARC
  5
93
330
17
100
AcDbEntity
  8
IV_OUTER_PROFILE
100
AcDbCircle
 10
1063.8796051370982
 20
-6.828737519074469
 30
0.0
 40
1.0
100
AcDbArc
 50
54.4623222080257
 51
125.5376777919744
  0
LINE
  5
94
330
17
100
AcDbEntity
  8
IV_OUTER_PROFILE
100
AcDbLine
 10
1040.4188319967875
 20
-22.357529009718792
 30
0.0
 11
1063.298366943379
 21
-6.015004047867738
 31
0.0
  0
TEXT
  5
95
330
17
100
AcDbEntity
  8
LABELS
100
AcDbText
 10
0.0
 20
-30.0
 30
0.0
 40
30.0
  1
NDV-3003 s0.8mm x72
 11
0.0
 21
-30.0
 31
0.0
100
AcDbText
  0
LINE
  5
96
330
17
100
AcDbEntity
  8
IV_BEND_DOWN
100
AcDbLine
 10
1040.0
 20
-164.79467409375135
 30
0.0
 11
2150.0
 21
-164.79467409375135
 31
0.0
  0
LINE
  5
97
330
17
100
AcDbEntity
  8
IV_BEND_DOWN
100
AcDbLine
 10
1040.0
 20
-189.8622382117246
 30
0.0
 11
2150.0
 21
-189.8622382117246
 31
0.0
  0
LINE
  5
98
330
17
100
AcDbEntity
  8
IV_BEND_DOWN
100
AcDbLine
 10
1040.0
 20
-139.72455543569356
 30
0.0
 11
2150.0
 21
-139.72455543569356
 31
0.0
  0
LINE
  5
99
330
17
100
AcDbEntity
  8
IV_INTERIOR_PROFILES
100
AcDbLine
 10
1063.1
 20
-170.50696823127055
 30
0.0
 11
1063.5
 21
-170.50696823127055
 31
0.0
  0
LINE
  5
9A
330
17
100
AcDbEntity
  8
IV_INTERIOR_PROFILES
100
AcDbLine
 10
1063.1
 20
-185.50696823127055
 30
0.0
 11
1063.1
 21
-170.50696823127055
 31
0.0
  0
LINE
  5
9B
330
17
100
AcDbEntity
  8
IV_INTERIOR_PROFILES
100
AcDbLine
 10
1063.5
 20
-185.50696823127055
 30
0.0
 11
1063.1
 21
-185.50696823127055
 31
0.0
  0
LINE
  5
9C
330
17
100
AcDbEntity
  8
IV_INTERIOR_PROFILES
100
AcDbLine
 10
1063.5
 20
-170.50696823127055
 30
0.0
 11
1063.5
 21
-185.50696823127055
 31
0.0
  0
LINE
  5
9D
330
17
100
AcDbEntity
  8
IV_INTERIOR_PROFILES
100
AcDbLine
 10
1072.1
 20
-170.50696823127055
 30
0.0
 11
1072.4999999999998
 21
-170.50696823127055
 31
0.0
  0
LINE
  5
9E
330
17
100
AcDbEntity
  8
IV_INTERIOR_PROFILES
100
AcDbLine
 10
1072.1
 20
-185.50696823127055
 30
0.0
 11
1072.1
 21
-170.50696823127055
 31
0.0
  0
LINE
  5
9F
330
17
100
AcDbEntity
  8
IV_INTERIOR_PROFILES
100
AcDbLine
 10
1072.4999999999998
 20
-185.50696823127055
 30
0.0
 11
1072.1
 21
-185.50696823127055
 31
0.0
  0
LINE
  5
A0
330
17
100
AcDbEntity
  8
IV_INTERIOR_PROFILES
100
AcDbLine
 10
1072.4999999999998
 20
-170.50696823127055
 30
0.0
 11
1072.4999999999998
 21
-185.50696823127055
 31
0.0
  0
LINE
  5
A1
330
17
100
AcDbEntity
  8
IV_INTERIOR_PROFILES
100
AcDbLine
 10
1081.1
 20
-170.50696823127055
 30
0.0
 11
1081.5
 21
-170.50696823127055
 31
0.0
  0
LINE
  5
A2
330
17
100
AcDbEntity
  8
IV_INTERIOR_PROFILES
100
AcDbLine
 10
1081.1
 20
-185.50696823127055
 30
0.0
 11
1081.1
 21
-170.50696823127055
 31
0.0
  0
LINE
  5
A3
330
17
100
AcDbEntity
  8
IV_INTERIOR_PROFILES
100
AcDbLine
 10
1081.5
 20
-185.50696823127055
 30
0.0
 11
1081.1
 21
-185.50696823127055
 31
0.0
  0
LINE
  5
A4
330
17
100
AcDbEntity
  8
IV_INTERIOR_PROFILES
100
AcDbLine
 10
1081.5
 20
-170.50696823127055
 30
0.0
 11
1081.5
 21
-185.50696823127055
 31
0.0
  0
LINE
  5
A5
330
17
100
AcDbEntity
  8
IV_INTERIOR_PROFILES
100
AcDbLine
 10
1090.1000000000001
 20
-170.50696823127055
 30
0.0
 11
1090.5
 21
-170.50696823127055
 31
0.0
  0
LINE
  5
A6
330
17
100
AcDbEntity
  8
IV_INTERIOR_PROFILES
100
AcDbLine
 10
1090.1000000000001
 20
-185.50696823127055
 30
0.0
 11
1090.1000000000001
 21
-170.50696823127055
 31
0.0
  0
LINE
  5
A7
330
17
100
AcDbEntity
  8
IV_INTERIOR_PROFILES
100
AcDbLine
 10
1090.5
 20
-185.50696823127055
 30
0.0
 11
1090.1000000000001
 21
-185.50696823127055
 31
0.0
  0
LINE
  5
A8
330
17
100
AcDbEntity
  8
IV_INTERIOR_PROFILES
100
AcDbLine
 10
1090.5
 20
-170.50696823127055
 30
0.0
 11
1090.5
 21
-185.50696823127055
 31
0.0
  0
LINE
  5
A9
330
17
100
AcDbEntity
  8
IV_INTERIOR_PROFILES
100
AcDbLine
 10
1099.1
 20
-170.50696823127055
 30
0.0
 11
1099.4999999999998
 21
-170.50696823127055
 31
0.0
  0
LINE
  5
AA
330
17
100
AcDbEntity
  8
IV_INTERIOR_PROFILES
100
AcDbLine
 10
1099.1
 20
-185.50696823127055
 30
0.0
 11
1099.1
 21
-170.50696823127055
 31
0.0
  0
LINE
  5
AB
330
17
100
AcDbEntity
  8
IV_INTERIOR_PROFILES
100
AcDbLine
 10
1099.4999999999998
 20
-185.50696823127055
 30
0.0
 11
1099.1
 21
-185.50696823127055
 31
0.0
  0
LINE
  5
AC
330
17
100
AcDbEntity
  8
IV_INTERIOR_PROFILES
100
AcDbLine
 10
1099.4999999999998
 20
-170.50696823127055
 30
0.0
 11
1099.4999999999998
 21
-185.50696823127055
 31
0.0
  0
LINE
  5
AD
330
17
100
AcDbEntity
  8
IV_INTERIOR_PROFILES
100
AcDbLine
 10
1108.1
 20
-170.50696823127055
 30
0.0
 11
1108.5
 21
-170.50696823127055
 31
0.0
  0
LINE
  5
AE
330
17
100
AcDbEntity
  8
IV_INTERIOR_PROFILES
100
AcDbLine
 10
1108.1
 20
-185.50696823127055
 30
0.0
 11
1108.1
 21
-170.50696823127055
 31
0.0
  0
LINE
  5
AF
330
17
100
AcDbEntity
  8
IV_INTERIOR_PROFILES
100
AcDbLine
 10
1108.5
 20
-185.50696823127055
 30
0.0
 11
1108.1
 21
-185.50696823127055
 31
0.0
  0
LINE
  5
B0
330
17
100
AcDbEntity
  8
IV_INTERIOR_PROFILES
100
AcDbLine
 10
1108.5
 20
-170.50696823127055
 30
0.0
 11
1108.5
 21
-185.50696823127055
 31
0.0
  0
LINE
  5
B1
330
17
100
AcDbEntity
  8
IV_INTERIOR_PROFILES
100
AcDbLine
 10
1117.1
 20
-170.50696823127055
 30
0.0
 11
1117.4999999999998
 21
-170.50696823127055
 31
0.0
  0
LINE
  5
B2
330
17
100
AcDbEntity
  8
IV_INTERIOR_PROFILES
100
AcDbLine
 10
1117.1
 20
-185.50696823127055
 30
0.0
 11
1117.1
 21
-170.50696823127055
 31
0.0
  0
LINE
  5
B3
330
17
100
AcDbEntity
  8
IV_INTERIOR_PROFILES
100
AcDbLine
 10
1117.4999999999998
 20
-185.50696823127055
 30
0.0
 11
1117.1
 21
-185.50696823127055
 31
0.0
  0
LINE
  5
B4
330
17
100
AcDbEntity
  8
IV_INTERIOR_PROFILES
100
AcDbLine
 10
1117.4999999999998
 20
-170.50696823127055
 30
0.0
 11
1117.4999999999998
 21
-185.50696823127055
 31
0.0
  0
LINE
  5
B5
330
17
100
AcDbEntity
  8
IV_INTERIOR_PROFILES
100
AcDbLine
 10
1126.1
 20
-170.50696823127055
 30
0.0
 11
1126.5
 21
-170.50696823127055
 31
0.0
  0
LINE
  5
B6
330
17
100
AcDbEntity
  8
IV_INTERIOR_PROFILES
100
AcDbLine
 10
1126.1
 20
-185.50696823127055
 30
0.0
 11
1126.1
 21
-170.50696823127055
 31
0.0
  0
LINE
  5
B7
330
17
100
AcDbEntity
  8
IV_INTERIOR_PROFILES
100
AcDbLine
 10
1126.5
 20
-185.50696823127055
 30
0.0
 11
1126.1
 21
-185.50696823127055
 31
0.0
  0
LINE
  5
B8
330
17
100
AcDbEntity
  8
IV_INTERIOR_PROFILES
100
AcDbLine
 10
1126.5
 20
-170.50696823127055
 30
0.0
 11
1126.5
 21
-185.50696823127055
 31
0.0
  0
LINE
  5
B9
330
17
100
AcDbEntity
  8
IV_INTERIOR_PROFILES
100
AcDbLine
 10
1135.1000000000001
 20
-170.50696823127055
 30
0.0
 11
1135.5
 21
-170.50696823127055
 31
0.0
  0
LINE
  5
BA
330
17
100
AcDbEntity
  8
IV_INTERIOR_PROFILES
100
AcDbLine
 10
1135.1000000000001
 20
-185.50696823127055
 30
0.0
 11
1135.1000000000001
 21
-170.50696823127055
 31
0.0
  0
LINE
  5
BB
330
17
100
AcDbEntity
  8
IV_INTERIOR_PROFILES
100
AcDbLine
 10
1135.5
 20
-185.50696823127055
 30
0.0
 11
1135.1000000000001
 21
-185.50696823127055
 31
0.0
  0
LINE
  5
BC
330
17
100
AcDbEntity
  8
IV_INTERIOR_PROFILES
100
AcDbLine
 10
1135.5
 20
-170.50696823127055
 30
0.0
 11
1135.5
 21
-185.50696823127055
 31
0.0
  0
LINE
  5
BD
330
17
100
AcDbEntity
  8
IV_INTERIOR_PROFILES
100
AcDbLine
 10
1144.1
 20
-170.50696823127055
 30
0.0
 11
1144.5
 21
-170.50696823127055
 31
0.0
  0
LINE
  5
BE
330
17
100
AcDbEntity
  8
IV_INTERIOR_PROFILES
100
AcDbLine
 10
1144.1
 20
-185.50696823127055
 30
0.0
 11
1144.1
 21
-170.50696823127055
 31
0.0
  0
LINE
  5
BF
330
17
100
AcDbEntity
  8
IV_INTERIOR_PROFILES
100
AcDbLine
 10
1144.5
 20
-185.50696823127055
 30
0.0
 11
1144.1
 21
-185.50696823127055
 31
0.0
  0
LINE
  5
C0
330
17
100
AcDbEntity
  8
IV_INTERIOR_PROFILES
100
AcDbLine
 10
1144.5
 20
-170.50696823127055
 30
0.0
 11
1144.5
 21
-185.50696823127055
 31
0.0
  0
LINE
  5
C1
330
17
100
AcDbEntity
  8
IV_INTERIOR_PROFILES
100
AcDbLine
 10
1153.1
 20
-170.50696823127055
 30
0.0
 11
1153.5
 21
-170.50696823127055
 31
0.0
  0
LINE
  5
C2
330
17
100
AcDbEntity
  8
IV_INTERIOR_PROFILES
100
AcDbLine
 10
1153.1
 20
-185.50696823127055
 30
0.0
 11
1153.1
 21
-170.50696823127055
 31
0.0
  0
LINE
  5
C3
330
17
100
AcDbEntity
  8
IV_INTERIOR_PROFILES
100
AcDbLine
 10
1153.5
 20
-185.50696823127055
 30
0.0
 11
1153.1
 21
-185.50696823127055
 31
0.0
  0
LINE
  5
C4
330
17
100
AcDbEntity
  8
IV_INTERIOR_PROFILES
100
AcDbLine
 10
1153.5
 20
-170.50696823127055
 30
0.0
 11
1153.5
 21
-185.50696823127055
 31
0.0
  0
LINE
  5
C5
330
17
100
AcDbEntity
  8
IV_INTERIOR_PROFILES
100
AcDbLine
 10
1162.1
 20
-170.50696823127055
 30
0.0
 11
1162.4999999999998
 21
-170.50696823127055
 31
0.0
  0
LINE
  5
C6
330
17
100
AcDbEntity
  8
IV_INTERIOR_PROFILES
100
AcDbLine
 10
1162.1
 20
-185.50696823127055
 30
0.0
 11
1162.1
 21
-170.50696823127055
 31
0.0
  0
LINE
  5
C7
330
17
100
AcDbEntity
  8
IV_INTERIOR_PROFILES
100
AcDbLine
 10
1162.4999999999998
 20
-185.50696823127055
 30
0.0
 11
1162.1
 21
-185.50696823127055
 31
0.0
  0
LINE
  5
C8
330
17
100
AcDbEntity
  8
IV_INTERIOR_PROFILES
100
AcDbLine
 10
1162.4999999999998
 20
-170.50696823127055
 30
0.0
 11
1162.4999999999998
 21
-185.50696823127055
 31
0.0
  0
LINE
  5
C9
330
17
100
AcDbEntity
  8
IV_INTERIOR_PROFILES
100
AcDbLine
 10
1171.1
 20
-170.50696823127055
 30
0.0
 11
1171.5
 21
-170.50696823127055
 31
0.0
  0
LINE
  5
CA
330
17
100
AcDbEntity
  8
IV_INTERIOR_PROFILES
100
AcDbLine
 10
1171.1
 20
-185.50696823127055
 30
0.0
 11
1171.1
 21
-170.50696823127055
 31
0.0
  0
LINE
  5
CB
330
17
100
AcDbEntity
  8
IV_INTERIOR_PROFILES
100
AcDbLine
 10
1171.5
 20
-185.50696823127055
 30
0.0
 11
1171.1
 21
-185.50696823127055
 31
0.0
  0
LINE
  5
CC
330
17
100
AcDbEntity
  8
IV_INTERIOR_PROFILES
100
AcDbLine
 10
1171.5
 20
-170.50696823127055
 30
0.0
 11
1171.5
 21
-185.50696823127055
 31
0.0
  0
LINE
  5
CD
330
17
100
AcDbEntity
  8
IV_INTERIOR_PROFILES
100
AcDbLine
 10
1180.1
 20
-170.50696823127055
 30
0.0
 11
1180.5
 21
-170.50696823127055
 31
0.0
  0
LINE
  5
CE
330
17
100
AcDbEntity
  8
IV_INTERIOR_PROFILES
100
AcDbLine
 10
1180.1
 20
-185.50696823127055
 30
0.0
 11
1180.1
 21
-170.50696823127055
 31
0.0
  0
LINE
  5
CF
330
17
100
AcDbEntity
  8
IV_INTERIOR_PROFILES
100
AcDbLine
 10
1180.5
 20
-185.50696823127055
 30
0.0
 11
1180.1
 21
-185.50696823127055
 31
0.0
  0
LINE
  5
D0
330
17
100
AcDbEntity
  8
IV_INTERIOR_PROFILES
100
AcDbLine
 10
1180.5
 20
-170.50696823127055
 30
0.0
 11
1180.5
 21
-185.50696823127055
 31
0.0
  0
LINE
  5
D1
330
17
100
AcDbEntity
  8
IV_INTERIOR_PROFILES
100
AcDbLine
 10
1189.1
 20
-170.50696823127055
 30
0.0
 11
1189.5
 21
-170.50696823127055
 31
0.0
  0
LINE
  5
D2
330
17
100
AcDbEntity
  8
IV_INTERIOR_PROFILES
100
AcDbLine
 10
1189.1
 20
-185.50696823127055
 30
0.0
 11
1189.1
 21
-170.50696823127055
 31
0.0
  0
LINE
  5
D3
330
17
100
AcDbEntity
  8
IV_INTERIOR_PROFILES
100
AcDbLine
 10
1189.5
 20
-185.50696823127055
 30
0.0
 11
1189.1
 21
-185.50696823127055
 31
0.0
  0
LINE
  5
D4
330
17
100
AcDbEntity
  8
IV_INTERIOR_PROFILES
100
AcDbLine
 10
1189.5
 20
-170.50696823127055
 30
0.0
 11
1189.5
 21
-185.50696823127055
 31
0.0
  0
LINE
  5
D5
330
17
100
AcDbEntity
  8
IV_INTERIOR_PROFILES
100
AcDbLine
 10
1198.1
 20
-170.50696823127055
 30
0.0
 11
1198.5
 21
-170.50696823127055
 31
0.0
  0
LINE
  5
D6
330
17
100
AcDbEntity
  8
IV_INTERIOR_PROFILES
100
AcDbLine
 10
1198.1
 20
-185.50696823127055
 30
0.0
 11
1198.1
 21
-170.50696823127055
 31
0.0
  0
LINE
  5
D7
330
17
100
AcDbEntity
  8
IV_INTERIOR_PROFILES
100
AcDbLine
 10
1198.5
 20
-185.50696823127055
 30
0.0
 11
1198.1
 21
-185.50696823127055
 31
0.0
  0
LINE
  5
D8
330
17
100
AcDbEntity
  8
IV_INTERIOR_PROFILES
100
AcDbLine
 10
1198.5
 20
-170.50696823127055
 30
0.0
 11
1198.5
 21
-185.50696823127055
 31
0.0
  0
LINE
  5
D9
330
17
100
AcDbEntity
  8
IV_INTERIOR_PROFILES
100
AcDbLine
 10
1207.1
 20
-170.50696823127055
 30
0.0
 11
1207.4999999999998
 21
-170.50696823127055
 31
0.0
  0
LINE
  5
DA
330
17
100
AcDbEntity
  8
IV_INTERIOR_PROFILES
100
AcDbLine
 10
1207.1
 20
-185.50696823127055
 30
0.0
 11
1207.1
 21
-170.50696823127055
 31
0.0
  0
LINE
  5
DB
330
17
100
AcDbEntity
  8
IV_INTERIOR_PROFILES
100
AcDbLine
 10
1207.4999999999998
 20
-185.50696823127055
 30
0.0
 11
1207.1
 21
-185.50696823127055
 31
0.0
  0
LINE
  5
DC
330
17
100
AcDbEntity
  8
IV_INTERIOR_PROFILES
100
AcDbLine
 10
1207.4999999999998
 20
-170.50696823127055
 30
0.0
 11
1207.4999999999998
 21
-185.50696823127055
 31
0.0
  0
LINE
  5
DD
330
17
100
AcDbEntity
  8
IV_INTERIOR_PROFILES
100
AcDbLine
 10
1216.1
 20
-170.50696823127055
 30
0.0
 11
1216.5
 21
-170.50696823127055
 31
0.0
  0
LINE
  5
DE
330
17
100
AcDbEntity
  8
IV_INTERIOR_PROFILES
100
AcDbLine
 10
1216.1
 20
-185.50696823127055
 30
0.0
 11
1216.1
 21
-170.50696823127055
 31
0.0
  0
LINE
  5
DF
330
17
100
AcDbEntity
  8
IV_INTERIOR_PROFILES
100
AcDbLine
 10
1216.5
 20
-185.50696823127055
 30
0.0
 11
1216.1
 21
-185.50696823127055
 31
0.0
  0
LINE
  5
E0
330
17
100
AcDbEntity
  8
IV_INTERIOR_PROFILES
100
AcDbLine
 10
1216.5
 20
-170.50696823127055
 30
0.0
 11
1216.5
 21
-185.50696823127055
 31
0.0
  0
LINE
  5
E1
330
17
100
AcDbEntity
  8
IV_INTERIOR_PROFILES
100
AcDbLine
 10
1225.1
 20
-170.50696823127055
 30
0.0
 11
1225.5
 21
-170.50696823127055
 31
0.0
  0
LINE
  5
E2
330
17
100
AcDbEntity
  8
IV_INTERIOR_PROFILES
100
AcDbLine
 10
1225.1
 20
-185.50696823127055
 30
0.0
 11
1225.1
 21
-170.50696823127055
 31
0.0
  0
LINE
  5
E3
330
17
100
AcDbEntity
  8
IV_INTERIOR_PROFILES
100
AcDbLine
 10
1225.5
 20
-185.50696823127055
 30
0.0
 11
1225.1
 21
-185.50696823127055
 31
0.0
  0
LINE
  5
E4
330
17
100
AcDbEntity
  8
IV_INTERIOR_PROFILES
100
AcDbLine
 10
1225.5
 20
-170.50696823127055
 30
0.0
 11
1225.5
 21
-185.50696823127055
 31
0.0
  0
LINE
  5
E5
330
17
100
AcDbEntity
  8
IV_INTERIOR_PROFILES
100
AcDbLine
 10
1234.1
 20
-170.50696823127055
 30
0.0
 11
1234.5
 21
-170.50696823127055
 31
0.0
  0
LINE
  5
E6
330
17
100
AcDbEntity
  8
IV_INTERIOR_PROFILES
100
AcDbLine
 10
1234.1
 20
-185.50696823127055
 30
0.0
 11
1234.1
 21
-170.50696823127055
 31
0.0
  0
LINE
  5
E7
330
17
100
AcDbEntity
  8
IV_INTERIOR_PROFILES
100
AcDbLine
 10
1234.5
 20
-185.50696823127055
 30
0.0
 11
1234.1
 21
-185.50696823127055
 31
0.0
  0
LINE
  5
E8
330
17
100
AcDbEntity
  8
IV_INTERIOR_PROFILES
100
AcDbLine
 10
1234.5
 20
-170.50696823127055
 30
0.0
 11
1234.5
 21
-185.50696823127055
 31
0.0
  0
LINE
  5
E9
330
17
100
AcDbEntity
  8
IV_INTERIOR_PROFILES
100
AcDbLine
 10
1243.1
 20
-170.50696823127055
 30
0.0
 11
1243.5
 21
-170.50696823127055
 31
0.0
  0
LINE
  5
EA
330
17
100
AcDbEntity
  8
IV_INTERIOR_PROFILES
100
AcDbLine
 10
1243.1
 20
-185.50696823127055
 30
0.0
 11
1243.1
 21
-170.50696823127055
 31
0.0
  0
LINE
  5
EB
330
17
100
AcDbEntity
  8
IV_INTERIOR_PROFILES
100
AcDbLine
 10
1243.5
 20
-185.50696823127055
 30
0.0
 11
1243.1
 21
-185.50696823127055
 31
0.0
  0
LINE
  5
EC
330
17
100
AcDbEntity
  8
IV_INTERIOR_PROFILES
100
AcDbLine
 10
1243.5
 20
-170.50696823127055
 30
0.0
 11
1243.5
 21
-185.50696823127055
 31
0.0
  0
LINE
  5
ED
330
17
100
AcDbEntity
  8
IV_INTERIOR_PROFILES
100
AcDbLine
 10
1252.1
 20
-170.50696823127055
 30
0.0
 11
1252.5
 21
-170.50696823127055
 31
0.0
  0
LINE
  5
EE
330
17
100
AcDbEntity
  8
IV_INTERIOR_PROFILES
100
AcDbLine
 10
1252.1
 20
-185.50696823127055
 30
0.0
 11
1252.1
 21
-170.50696823127055
 31
0.0
  0
LINE
  5
EF
330
17
100
AcDbEntity
  8
IV_INTERIOR_PROFILES
100
AcDbLine
 10
1252.5
 20
-185.50696823127055
 30
0.0
 11
1252.1
 21
-185.50696823127055
 31
0.0
  0
LINE
  5
F0
330
17
100
AcDbEntity
  8
IV_INTERIOR_PROFILES
100
AcDbLine
 10
1252.5
 20
-170.50696823127055
 30
0.0
 11
1252.5
 21
-185.50696823127055
 31
0.0
  0
LINE
  5
F1
330
17
100
AcDbEntity
  8
IV_INTERIOR_PROFILES
100
AcDbLine
 10
1261.1
 20
-170.50696823127055
 30
0.0
 11
1261.5
 21
-170.50696823127055
 31
0.0
  0
LINE
  5
F2
330
17
100
AcDbEntity
  8
IV_INTERIOR_PROFILES
100
AcDbLine
 10
1261.1
 20
-185.50696823127055
 30
0.0
 11
1261.1
 21
-170.50696823127055
 31
0.0
  0
LINE
  5
F3
330
17
100
AcDbEntity
  8
IV_INTERIOR_PROFILES
100
AcDbLine
 10
1261.5
 20
-185.50696823127055
 30
0.0
 11
1261.1
 21
-185.50696823127055
 31
0.0
  0
LINE
  5
F4
330
17
100
AcDbEntity
  8
IV_INTERIOR_PROFILES
100
AcDbLine
 10
1261.5
 20
-170.50696823127055
 30
0.0
 11
1261.5
 21
-185.50696823127055
 31
0.0
  0
LINE
  5
F5
330
17
100
AcDbEntity
  8
IV_INTERIOR_PROFILES
100
AcDbLine
 10
1270.1000000000001
 20
-170.50696823127055
 30
0.0
 11
1270.5
 21
-170.50696823127055
 31
0.0
  0
LINE
  5
F6
330
17
100
AcDbEntity
  8
IV_INTERIOR_PROFILES
100
AcDbLine
 10
1270.1000000000001
 20
-185.50696823127055
 30
0.0
 11
1270.1000000000001
 21
-170.50696823127055
 31
0.0
  0
LINE
  5
F7
330
17
100
AcDbEntity
  8
IV_INTERIOR_PROFILES
100
AcDbLine
 10
1270.5
 20
-185.50696823127055
 30
0.0
 11
1270.1000000000001
 21
-185.50696823127055
 31
0.0
  0
LINE
  5
F8
330
17
100
AcDbEntity
  8
IV_INTERIOR_PROFILES
100
AcDbLine
 10
1270.5
 20
-170.50696823127055
 30
0.0
 11
1270.5
 21
-185.50696823127055
 31
0.0
  0
LINE
  5
F9
330
17
100
AcDbEntity
  8
IV_INTERIOR_PROFILES
100
AcDbLine
 10
1279.1
 20
-170.50696823127055
 30
0.0
 11
1279.5
 21
-170.50696823127055
 31
0.0
  0
LINE
  5
FA
330
17
100
AcDbEntity
  8
IV_INTERIOR_PROFILES
100
AcDbLine
 10
1279.1
 20
-185.50696823127055
 30
0.0
 11
1279.1
 21
-170.50696823127055
 31
0.0
  0
LINE
  5
FB
330
17
100
AcDbEntity
  8
IV_INTERIOR_PROFILES
100
AcDbLine
 10
1279.5
 20
-185.50696823127055
 30
0.0
 11
1279.1
 21
-185.50696823127055
 31
0.0
  0
LINE
  5
FC
330
17
100
AcDbEntity
  8
IV_INTERIOR_PROFILES
100
AcDbLine
 10
1279.5
 20
-170.50696823127055
 30
0.0
 11
1279.5
 21
-185.50696823127055
 31
0.0
  0
LINE
  5
FD
330
17
100
AcDbEntity
  8
IV_INTERIOR_PROFILES
100
AcDbLine
 10
1288.1
 20
-170.50696823127055
 30
0.0
 11
1288.5
 21
-170.50696823127055
 31
0.0
  0
LINE
  5
FE
330
17
100
AcDbEntity
  8
IV_INTERIOR_PROFILES
100
AcDbLine
 10
1288.1
 20
-185.50696823127055
 30
0.0
 11
1288.1
 21
-170.50696823127055
 31
0.0
  0
LINE
  5
FF
330
17
100
AcDbEntity
  8
IV_INTERIOR_PROFILES
100
AcDbLine
 10
1288.5
 20
-185.50696823127055
 30
0.0
 11
1288.1
 21
-185.50696823127055
 31
0.0
  0
LINE
  5
100
330
17
100
AcDbEntity
  8
IV_INTERIOR_PROFILES
100
AcDbLine
 10
1288.5
 20
-170.50696823127055
 30
0.0
 11
1288.5
 21
-185.50696823127055
 31
0.0
  0
LINE
  5
101
330
17
100
AcDbEntity
  8
IV_INTERIOR_PROFILES
100
AcDbLine
 10
1297.1
 20
-170.50696823127055
 30
0.0
 11
1297.5
 21
-170.50696823127055
 31
0.0
  0
LINE
  5
102
330
17
100
AcDbEntity
  8
IV_INTERIOR_PROFILES
100
AcDbLine
 10
1297.1
 20
-185.50696823127055
 30
0.0
 11
1297.1
 21
-170.50696823127055
 31
0.0
  0
LINE
  5
103
330
17
100
AcDbEntity
  8
IV_INTERIOR_PROFILES
100
AcDbLine
 10
1297.5
 20
-185.50696823127055
 30
0.0
 11
1297.1
 21
-185.50696823127055
 31
0.0
  0
LINE
  5
104
330
17
100
AcDbEntity
  8
IV_INTERIOR_PROFILES
100
AcDbLine
 10
1297.5
 20
-170.50696823127055
 30
0.0
 11
1297.5
 21
-185.50696823127055
 31
0.0
  0
LINE
  5
105
330
17
100
AcDbEntity
  8
IV_INTERIOR_PROFILES
100
AcDbLine
 10
1306.1
 20
-170.50696823127055
 30
0.0
 11
1306.5
 21
-170.50696823127055
 31
0.0
  0
LINE
  5
106
330
17
100
AcDbEntity
  8
IV_INTERIOR_PROFILES
100
AcDbLine
 10
1306.1
 20
-185.50696823127055
 30
0.0
 11
1306.1
 21
-170.50696823127055
 31
0.0
  0
LINE
  5
107
330
17
100
AcDbEntity
  8
IV_INTERIOR_PROFILES
100
AcDbLine
 10
1306.5
 20
-185.50696823127055
 30
0.0
 11
1306.1
 21
-185.50696823127055
 31
0.0
  0
LINE
  5
108
330
17
100
AcDbEntity
  8
IV_INTERIOR_PROFILES
100
AcDbLine
 10
1306.5
 20
-170.50696823127055
 30
0.0
 11
1306.5
 21
-185.50696823127055
 31
0.0
  0
LINE
  5
109
330
17
100
AcDbEntity
  8
IV_INTERIOR_PROFILES
100
AcDbLine
 10
1315.1
 20
-170.50696823127055
 30
0.0
 11
1315.5
 21
-170.50696823127055
 31
0.0
  0
LINE
  5
10A
330
17
100
AcDbEntity
  8
IV_INTERIOR_PROFILES
100
AcDbLine
 10
1315.1
 20
-185.50696823127055
 30
0.0
 11
1315.1
 21
-170.50696823127055
 31
0.0
  0
LINE
  5
10B
330
17
100
AcDbEntity
  8
IV_INTERIOR_PROFILES
100
AcDbLine
 10
1315.5
 20
-185.50696823127055
 30
0.0
 11
1315.1
 21
-185.50696823127055
 31
0.0
  0
LINE
  5
10C
330
17
100
AcDbEntity
  8
IV_INTERIOR_PROFILES
100
AcDbLine
 10
1315.5
 20
-170.50696823127055
 30
0.0
 11
1315.5
 21
-185.50696823127055
 31
0.0
  0
LINE
  5
10D
330
17
100
AcDbEntity
  8
IV_INTERIOR_PROFILES
100
AcDbLine
 10
1324.1
 20
-170.50696823127055
 30
0.0
 11
1324.5
 21
-170.50696823127055
 31
0.0
  0
LINE
  5
10E
330
17
100
AcDbEntity
  8
IV_INTERIOR_PROFILES
100
AcDbLine
 10
1324.1
 20
-185.50696823127055
 30
0.0
 11
1324.1
 21
-170.50696823127055
 31
0.0
  0
LINE
  5
10F
330
17
100
AcDbEntity
  8
IV_INTERIOR_PROFILES
100
AcDbLine
 10
1324.5
 20
-185.50696823127055
 30
0.0
 11
1324.1
 21
-185.50696823127055
 31
0.0
  0
LINE
  5
110
330
17
100
AcDbEntity
  8
IV_INTERIOR_PROFILES
100
AcDbLine
 10
1324.5
 20
-170.50696823127055
 30
0.0
 11
1324.5
 21
-185.50696823127055
 31
0.0
  0
LINE
  5
111
330
17
100
AcDbEntity
  8
IV_INTERIOR_PROFILES
100
AcDbLine
 10
1333.1
 20
-170.50696823127055
 30
0.0
 11
1333.5
 21
-170.50696823127055
 31
0.0
  0
LINE
  5
112
330
17
100
AcDbEntity
  8
IV_INTERIOR_PROFILES
100
AcDbLine
 10
1333.1
 20
-185.50696823127055
 30
0.0
 11
1333.1
 21
-170.50696823127055
 31
0.0
  0
LINE
  5
113
330
17
100
AcDbEntity
  8
IV_INTERIOR_PROFILES
100
AcDbLine
 10
1333.5
 20
-185.50696823127055
 30
0.0
 11
1333.1
 21
-185.50696823127055
 31
0.0
  0
LINE
  5
114
330
17
100
AcDbEntity
  8
IV_INTERIOR_PROFILES
100
AcDbLine
 10
1333.5
 20
-170.50696823127055
 30
0.0
 11
1333.5
 21
-185.50696823127055
 31
0.0
  0
LINE
  5
115
330
17
100
AcDbEntity
  8
IV_INTERIOR_PROFILES
100
AcDbLine
 10
1342.1
 20
-170.50696823127055
 30
0.0
 11
1342.5
 21
-170.50696823127055
 31
0.0
  0
LINE
  5
116
330
17
100
AcDbEntity
  8
IV_INTERIOR_PROFILES
100
AcDbLine
 10
1342.1
 20
-185.50696823127055
 30
0.0
 11
1342.1
 21
-170.50696823127055
 31
0.0
  0
LINE
  5
117
330
17
100
AcDbEntity
  8
IV_INTERIOR_PROFILES
100
AcDbLine
 10
1342.5
 20
-185.50696823127055
 30
0.0
 11
1342.1
 21
-185.50696823127055
 31
0.0
  0
LINE
  5
118
330
17
100
AcDbEntity
  8
IV_INTERIOR_PROFILES
100
AcDbLine
 10
1342.5
 20
-170.50696823127055
 30
0.0
 11
1342.5
 21
-185.50696823127055
 31
0.0
  0
LINE
  5
119
330
17
100
AcDbEntity
  8
IV_INTERIOR_PROFILES
100
AcDbLine
 10
1351.1
 20
-170.50696823127055
 30
0.0
 11
1351.5
 21
-170.50696823127055
 31
0.0
  0
LINE
  5
11A
330
17
100
AcDbEntity
  8
IV_INTERIOR_PROFILES
100
AcDbLine
 10
1351.1
 20
-185.50696823127055
 30
0.0
 11
1351.1
 21
-170.50696823127055
 31
0.0
  0
LINE
  5
11B
330
17
100
AcDbEntity
  8
IV_INTERIOR_PROFILES
100
AcDbLine
 10
1351.5
 20
-185.50696823127055
 30
0.0
 11
1351.1
 21
-185.50696823127055
 31
0.0
  0
LINE
  5
11C
330
17
100
AcDbEntity
  8
IV_INTERIOR_PROFILES
100
AcDbLine
 10
1351.5
 20
-170.50696823127055
 30
0.0
 11
1351.5
 21
-185.50696823127055
 31
0.0
  0
LINE
  5
11D
330
17
100
AcDbEntity
  8
IV_INTERIOR_PROFILES
100
AcDbLine
 10
1360.1
 20
-170.50696823127055
 30
0.0
 11
1360.5
 21
-170.50696823127055
 31
0.0
  0
LINE
  5
11E
330
17
100
AcDbEntity
  8
IV_INTERIOR_PROFILES
100
AcDbLine
 10
1360.1
 20
-185.50696823127055
 30
0.0
 11
1360.1
 21
-170.50696823127055
 31
0.0
  0
LINE
  5
11F
330
17
100
AcDbEntity
  8
IV_INTERIOR_PROFILES
100
AcDbLine
 10
1360.5
 20
-185.50696823127055
 30
0.0
 11
1360.1
 21
-185.50696823127055
 31
0.0
  0
LINE
  5
120
330
17
100
AcDbEntity
  8
IV_INTERIOR_PROFILES
100
AcDbLine
 10
1360.5
 20
-170.50696823127055
 30
0.0
 11
1360.5
 21
-185.50696823127055
 31
0.0
  0
LINE
  5
121
330
17
100
AcDbEntity
  8
IV_INTERIOR_PROFILES
100
AcDbLine
 10
1369.1
 20
-170.50696823127055
 30
0.0
 11
1369.5
 21
-170.50696823127055
 31
0.0
  0
LINE
  5
122
330
17
100
AcDbEntity
  8
IV_INTERIOR_PROFILES
100
AcDbLine
 10
1369.1
 20
-185.50696823127055
 30
0.0
 11
1369.1
 21
-170.50696823127055
 31
0.0
  0
LINE
  5
123
330
17
100
AcDbEntity
  8
IV_INTERIOR_PROFILES
100
AcDbLine
 10
1369.5
 20
-185.50696823127055
 30
0.0
 11
1369.1
 21
-185.50696823127055
 31
0.0
  0
LINE
  5
124
330
17
100
AcDbEntity
  8
IV_INTERIOR_PROFILES
100
AcDbLine
 10
1369.5
 20
-170.50696823127055
 30
0.0
 11
1369.5
 21
-185.50696823127055
 31
0.0
  0
LINE
  5
125
330
17
100
AcDbEntity
  8
IV_INTERIOR_PROFILES
100
AcDbLine
 10
1378.1
 20
-170.50696823127055
 30
0.0
 11
1378.5
 21
-170.50696823127055
 31
0.0
  0
LINE
  5
126
330
17
100
AcDbEntity
  8
IV_INTERIOR_PROFILES
100
AcDbLine
 10
1378.1
 20
-185.50696823127055
 30
0.0
 11
1378.1
 21
-170.50696823127055
 31
0.0
  0
LINE
  5
127
330
17
100
AcDbEntity
  8
IV_INTERIOR_PROFILES
100
AcDbLine
 10
1378.5
 20
-185.50696823127055
 30
0.0
 11
1378.1
 21
-185.50696823127055
 31
0.0
  0
LINE
  5
128
330
17
100
AcDbEntity
  8
IV_INTERIOR_PROFILES
100
AcDbLine
 10
1378.5
 20
-170.50696823127055
 30
0.0
 11
1378.5
 21
-185.50696823127055
 31
0.0
  0
LINE
  5
129
330
17
100
AcDbEntity
  8
IV_INTERIOR_PROFILES
100
AcDbLine
 10
1387.1
 20
-170.50696823127055
 30
0.0
 11
1387.5
 21
-170.50696823127055
 31
0.0
  0
LINE
  5
12A
330
17
100
AcDbEntity
  8
IV_INTERIOR_PROFILES
100
AcDbLine
 10
1387.1
 20
-185.50696823127055
 30
0.0
 11
1387.1
 21
-170.50696823127055
 31
0.0
  0
LINE
  5
12B
330
17
100
AcDbEntity
  8
IV_INTERIOR_PROFILES
100
AcDbLine
 10
1387.5
 20
-185.50696823127055
 30
0.0
 11
1387.1
 21
-185.50696823127055
 31
0.0
  0
LINE
  5
12C
330
17
100
AcDbEntity
  8
IV_INTERIOR_PROFILES
100
AcDbLine
 10
1387.5
 20
-170.50696823127055
 30
0.0
 11
1387.5
 21
-185.50696823127055
 31
0.0
  0
LINE
  5
12D
330
17
100
AcDbEntity
  8
IV_INTERIOR_PROFILES
100
AcDbLine
 10
1396.1
 20
-170.50696823127055
 30
0.0
 11
1396.5
 21
-170.50696823127055
 31
0.0
  0
LINE
  5
12E
330
17
100
AcDbEntity
  8
IV_INTERIOR_PROFILES
100
AcDbLine
 10
1396.1
 20
-185.50696823127055
 30
0.0
 11
1396.1
 21
-170.50696823127055
 31
0.0
  0
LINE
  5
12F
330
17
100
AcDbEntity
  8
IV_INTERIOR_PROFILES
100
AcDbLine
 10
1396.5
 20
-185.50696823127055
 30
0.0
 11
1396.1
 21
-185.50696823127055
 31
0.0
  0
LINE
  5
130
330
17
100
AcDbEntity
  8
IV_INTERIOR_PROFILES
100
AcDbLine
 10
1396.5
 20
-170.50696823127055
 30
0.0
 11
1396.5
 21
-185.50696823127055
 31
0.0
  0
LINE
  5
131
330
17
100
AcDbEntity
  8
IV_INTERIOR_PROFILES
100
AcDbLine
 10
1405.1
 20
-170.50696823127055
 30
0.0
 11
1405.5
 21
-170.50696823127055
 31
0.0
  0
LINE
  5
132
330
17
100
AcDbEntity
  8
IV_INTERIOR_PROFILES
100
AcDbLine
 10
1405.1
 20
-185.50696823127055
 30
0.0
 11
1405.1
 21
-170.50696823127055
 31
0.0
  0
LINE
  5
133
330
17
100
AcDbEntity
  8
IV_INTERIOR_PROFILES
100
AcDbLine
 10
1405.5
 20
-185.50696823127055
 30
0.0
 11
1405.1
 21
-185.50696823127055
 31
0.0
  0
LINE
  5
134
330
17
100
AcDbEntity
  8
IV_INTERIOR_PROFILES
100
AcDbLine
 10
1405.5
 20
-170.50696823127055
 30
0.0
 11
1405.5
 21
-185.50696823127055
 31
0.0
  0
LINE
  5
135
330
17
100
AcDbEntity
  8
IV_INTERIOR_PROFILES
100
AcDbLine
 10
1414.1
 20
-170.50696823127055
 30
0.0
 11
1414.5
 21
-170.50696823127055
 31
0.0
  0
LINE
  5
136
330
17
100
AcDbEntity
  8
IV_INTERIOR_PROFILES
100
AcDbLine
 10
1414.1
 20
-185.50696823127055
 30
0.0
 11
1414.1
 21
-170.50696823127055
 31
0.0
  0
LINE
  5
137
330
17
100
AcDbEntity
  8
IV_INTERIOR_PROFILES
100
AcDbLine
 10
1414.5
 20
-185.50696823127055
 30
0.0
 11
1414.1
 21
-185.50696823127055
 31
0.0
  0
LINE
  5
138
330
17
100
AcDbEntity
  8
IV_INTERIOR_PROFILES
100
AcDbLine
 10
1414.5
 20
-170.50696823127055
 30
0.0
 11
1414.5
 21
-185.50696823127055
 31
0.0
  0
LINE
  5
139
330
17
100
AcDbEntity
  8
IV_INTERIOR_PROFILES
100
AcDbLine
 10
1423.1
 20
-170.50696823127055
 30
0.0
 11
1423.5
 21
-170.50696823127055
 31
0.0
  0
LINE
  5
13A
330
17
100
AcDbEntity
  8
IV_INTERIOR_PROFILES
100
AcDbLine
 10
1423.1
 20
-185.50696823127055
 30
0.0
 11
1423.1
 21
-170.50696823127055
 31
0.0
  0
LINE
  5
13B
330
17
100
AcDbEntity
  8
IV_INTERIOR_PROFILES
100
AcDbLine
 10
1423.5
 20
-185.50696823127055
 30
0.0
 11
1423.1
 21
-185.50696823127055
 31
0.0
  0
LINE
  5
13C
330
17
100
AcDbEntity
  8
IV_INTERIOR_PROFILES
100
AcDbLine
 10
1423.5
 20
-170.50696823127055
 30
0.0
 11
1423.5
 21
-185.50696823127055
 31
0.0
  0
LINE
  5
13D
330
17
100
AcDbEntity
  8
IV_INTERIOR_PROFILES
100
AcDbLine
 10
1432.1
 20
-170.50696823127055
 30
0.0
 11
1432.5
 21
-170.50696823127055
 31
0.0
  0
LINE
  5
13E
330
17
100
AcDbEntity
  8
IV_INTERIOR_PROFILES
100
AcDbLine
 10
1432.1
 20
-185.50696823127055
 30
0.0
 11
1432.1
 21
-170.50696823127055
 31
0.0
  0
LINE
  5
13F
330
17
100
AcDbEntity
  8
IV_INTERIOR_PROFILES
100
AcDbLine
 10
1432.5
 20
-185.50696823127055
 30
0.0
 11
1432.1
 21
-185.50696823127055
 31
0.0
  0
LINE
  5
140
330
17
100
AcDbEntity
  8
IV_INTERIOR_PROFILES
100
AcDbLine
 10
1432.5
 20
-170.50696823127055
 30
0.0
 11
1432.5
 21
-185.50696823127055
 31
0.0
  0
LINE
  5
141
330
17
100
AcDbEntity
  8
IV_INTERIOR_PROFILES
100
AcDbLine
 10
1441.1
 20
-170.50696823127055
 30
0.0
 11
1441.4999999999998
 21
-170.50696823127055
 31
0.0
  0
LINE
  5
142
330
17
100
AcDbEntity
  8
IV_INTERIOR_PROFILES
100
AcDbLine
 10
1441.1
 20
-185.50696823127055
 30
0.0
 11
1441.1
 21
-170.50696823127055
 31
0.0
  0
LINE
  5
143
330
17
100
AcDbEntity
  8
IV_INTERIOR_PROFILES
100
AcDbLine
 10
1441.4999999999998
 20
-185.50696823127055
 30
0.0
 11
1441.1
 21
-185.50696823127055
 31
0.0
  0
LINE
  5
144
330
17
100
AcDbEntity
  8
IV_INTERIOR_PROFILES
100
AcDbLine
 10
1441.4999999999998
 20
-170.50696823127055
 30
0.0
 11
1441.4999999999998
 21
-185.50696823127055
 31
0.0
  0
LINE
  5
145
330
17
100
AcDbEntity
  8
IV_INTERIOR_PROFILES
100
AcDbLine
 10
1450.1
 20
-170.50696823127055
 30
0.0
 11
1450.5
 21
-170.50696823127055
 31
0.0
  0
LINE
  5
146
330
17
100
AcDbEntity
  8
IV_INTERIOR_PROFILES
100
AcDbLine
 10
1450.1
 20
-185.50696823127055
 30
0.0
 11
1450.1
 21
-170.50696823127055
 31
0.0
  0
LINE
  5
147
330
17
100
AcDbEntity
  8
IV_INTERIOR_PROFILES
100
AcDbLine
 10
1450.5
 20
-185.50696823127055
 30
0.0
 11
1450.1
 21
-185.50696823127055
 31
0.0
  0
LINE
  5
148
330
17
100
AcDbEntity
  8
IV_INTERIOR_PROFILES
100
AcDbLine
 10
1450.5
 20
-170.50696823127055
 30
0.0
 11
1450.5
 21
-185.50696823127055
 31
0.0
  0
LINE
  5
149
330
17
100
AcDbEntity
  8
IV_INTERIOR_PROFILES
100
AcDbLine
 10
1459.1
 20
-170.50696823127055
 30
0.0
 11
1459.4999999999998
 21
-170.50696823127055
 31
0.0
  0
LINE
  5
14A
330
17
100
AcDbEntity
  8
IV_INTERIOR_PROFILES
100
AcDbLine
 10
1459.1
 20
-185.50696823127055
 30
0.0
 11
1459.1
 21
-170.50696823127055
 31
0.0
  0
LINE
  5
14B
330
17
100
AcDbEntity
  8
IV_INTERIOR_PROFILES
100
AcDbLine
 10
1459.4999999999998
 20
-185.50696823127055
 30
0.0
 11
1459.1
 21
-185.50696823127055
 31
0.0
  0
LINE
  5
14C
330
17
100
AcDbEntity
  8
IV_INTERIOR_PROFILES
100
AcDbLine
 10
1459.4999999999998
 20
-170.50696823127055
 30
0.0
 11
1459.4999999999998
 21
-185.50696823127055
 31
0.0
  0
LINE
  5
14D
330
17
100
AcDbEntity
  8
IV_INTERIOR_PROFILES
100
AcDbLine
 10
1468.1
 20
-170.50696823127055
 30
0.0
 11
1468.5
 21
-170.50696823127055
 31
0.0
  0
LINE
  5
14E
330
17
100
AcDbEntity
  8
IV_INTERIOR_PROFILES
100
AcDbLine
 10
1468.1
 20
-185.50696823127055
 30
0.0
 11
1468.1
 21
-170.50696823127055
 31
0.0
  0
LINE
  5
14F
330
17
100
AcDbEntity
  8
IV_INTERIOR_PROFILES
100
AcDbLine
 10
1468.5
 20
-185.50696823127055
 30
0.0
 11
1468.1
 21
-185.50696823127055
 31
0.0
  0
LINE
  5
150
330
17
100
AcDbEntity
  8
IV_INTERIOR_PROFILES
100
AcDbLine
 10
1468.5
 20
-170.50696823127055
 30
0.0
 11
1468.5
 21
-185.50696823127055
 31
0.0
  0
LINE
  5
151
330
17
100
AcDbEntity
  8
IV_INTERIOR_PROFILES
100
AcDbLine
 10
1477.1
 20
-170.50696823127055
 30
0.0
 11
1477.5
 21
-170.50696823127055
 31
0.0
  0
LINE
  5
152
330
17
100
AcDbEntity
  8
IV_INTERIOR_PROFILES
100
AcDbLine
 10
1477.1
 20
-185.50696823127055
 30
0.0
 11
1477.1
 21
-170.50696823127055
 31
0.0
  0
LINE
  5
153
330
17
100
AcDbEntity
  8
IV_INTERIOR_PROFILES
100
AcDbLine
 10
1477.5
 20
-185.50696823127055
 30
0.0
 11
1477.1
 21
-185.50696823127055
 31
0.0
  0
LINE
  5
154
330
17
100
AcDbEntity
  8
IV_INTERIOR_PROFILES
100
AcDbLine
 10
1477.5
 20
-170.50696823127055
 30
0.0
 11
1477.5
 21
-185.50696823127055
 31
0.0
  0
LINE
  5
155
330
17
100
AcDbEntity
  8
IV_INTERIOR_PROFILES
100
AcDbLine
 10
1486.1
 20
-170.50696823127055
 30
0.0
 11
1486.4999999999998
 21
-170.50696823127055
 31
0.0
  0
LINE
  5
156
330
17
100
AcDbEntity
  8
IV_INTERIOR_PROFILES
100
AcDbLine
 10
1486.1
 20
-185.50696823127055
 30
0.0
 11
1486.1
 21
-170.50696823127055
 31
0.0
  0
LINE
  5
157
330
17
100
AcDbEntity
  8
IV_INTERIOR_PROFILES
100
AcDbLine
 10
1486.4999999999998
 20
-185.50696823127055
 30
0.0
 11
1486.1
 21
-185.50696823127055
 31
0.0
  0
LINE
  5
158
330
17
100
AcDbEntity
  8
IV_INTERIOR_PROFILES
100
AcDbLine
 10
1486.4999999999998
 20
-170.50696823127055
 30
0.0
 11
1486.4999999999998
 21
-185.50696823127055
 31
0.0
  0
LINE
  5
159
330
17
100
AcDbEntity
  8
IV_INTERIOR_PROFILES
100
AcDbLine
 10
1495.1
 20
-170.50696823127055
 30
0.0
 11
1495.5
 21
-170.50696823127055
 31
0.0
  0
LINE
  5
15A
330
17
100
AcDbEntity
  8
IV_INTERIOR_PROFILES
100
AcDbLine
 10
1495.1
 20
-185.50696823127055
 30
0.0
 11
1495.1
 21
-170.50696823127055
 31
0.0
  0
LINE
  5
15B
330
17
100
AcDbEntity
  8
IV_INTERIOR_PROFILES
100
AcDbLine
 10
1495.5
 20
-185.50696823127055
 30
0.0
 11
1495.1
 21
-185.50696823127055
 31
0.0
  0
LINE
  5
15C
330
17
100
AcDbEntity
  8
IV_INTERIOR_PROFILES
100
AcDbLine
 10
1495.5
 20
-170.50696823127055
 30
0.0
 11
1495.5
 21
-185.50696823127055
 31
0.0
  0
LINE
  5
15D
330
17
100
AcDbEntity
  8
IV_INTERIOR_PROFILES
100
AcDbLine
 10
1504.1
 20
-170.50696823127055
 30
0.0
 11
1504.5
 21
-170.50696823127055
 31
0.0
  0
LINE
  5
15E
330
17
100
AcDbEntity
  8
IV_INTERIOR_PROFILES
100
AcDbLine
 10
1504.1
 20
-185.50696823127055
 30
0.0
 11
1504.1
 21
-170.50696823127055
 31
0.0
  0
LINE
  5
15F
330
17
100
AcDbEntity
  8
IV_INTERIOR_PROFILES
100
AcDbLine
 10
1504.5
 20
-185.50696823127055
 30
0.0
 11
1504.1
 21
-185.50696823127055
 31
0.0
  0
LINE
  5
160
330
17
100
AcDbEntity
  8
IV_INTERIOR_PROFILES
100
AcDbLine
 10
1504.5
 20
-170.50696823127055
 30
0.0
 11
1504.5
 21
-185.50696823127055
 31
0.0
  0
LINE
  5
161
330
17
100
AcDbEntity
  8
IV_INTERIOR_PROFILES
100
AcDbLine
 10
1513.1
 20
-170.50696823127055
 30
0.0
 11
1513.5
 21
-170.50696823127055
 31
0.0
  0
LINE
  5
162
330
17
100
AcDbEntity
  8
IV_INTERIOR_PROFILES
100
AcDbLine
 10
1513.1
 20
-185.50696823127055
 30
0.0
 11
1513.1
 21
-170.50696823127055
 31
0.0
  0
LINE
  5
163
330
17
100
AcDbEntity
  8
IV_INTERIOR_PROFILES
100
AcDbLine
 10
1513.5
 20
-185.50696823127055
 30
0.0
 11
1513.1
 21
-185.50696823127055
 31
0.0
  0
LINE
  5
164
330
17
100
AcDbEntity
  8
IV_INTERIOR_PROFILES
100
AcDbLine
 10
1513.5
 20
-170.50696823127055
 30
0.0
 11
1513.5
 21
-185.50696823127055
 31
0.0
  0
LINE
  5
165
330
17
100
AcDbEntity
  8
IV_INTERIOR_PROFILES
100
AcDbLine
 10
1522.1
 20
-170.50696823127055
 30
0.0
 11
1522.5
 21
-170.50696823127055
 31
0.0
  0
LINE
  5
166
330
17
100
AcDbEntity
  8
IV_INTERIOR_PROFILES
100
AcDbLine
 10
1522.1
 20
-185.50696823127055
 30
0.0
 11
1522.1
 21
-170.50696823127055
 31
0.0
  0
LINE
  5
167
330
17
100
AcDbEntity
  8
IV_INTERIOR_PROFILES
100
AcDbLine
 10
1522.5
 20
-185.50696823127055
 30
0.0
 11
1522.1
 21
-185.50696823127055
 31
0.0
  0
LINE
  5
168
330
17
100
AcDbEntity
  8
IV_INTERIOR_PROFILES
100
AcDbLine
 10
1522.5
 20
-170.50696823127055
 30
0.0
 11
1522.5
 21
-185.50696823127055
 31
0.0
  0
LINE
  5
169
330
17
100
AcDbEntity
  8
IV_INTERIOR_PROFILES
100
AcDbLine
 10
1531.1
 20
-170.50696823127055
 30
0.0
 11
1531.5
 21
-170.50696823127055
 31
0.0
  0
LINE
  5
16A
330
17
100
AcDbEntity
  8
IV_INTERIOR_PROFILES
100
AcDbLine
 10
1531.1
 20
-185.50696823127055
 30
0.0
 11
1531.1
 21
-170.50696823127055
 31
0.0
  0
LINE
  5
16B
330
17
100
AcDbEntity
  8
IV_INTERIOR_PROFILES
100
AcDbLine
 10
1531.5
 20
-185.50696823127055
 30
0.0
 11
1531.1
 21
-185.50696823127055
 31
0.0
  0
LINE
  5
16C
330
17
100
AcDbEntity
  8
IV_INTERIOR_PROFILES
100
AcDbLine
 10
1531.5
 20
-170.50696823127055
 30
0.0
 11
1531.5
 21
-185.50696823127055
 31
0.0
  0
LINE
  5
16D
330
17
100
AcDbEntity
  8
IV_INTERIOR_PROFILES
100
AcDbLine
 10
1540.1
 20
-170.50696823127055
 30
0.0
 11
1540.5
 21
-170.50696823127055
 31
0.0
  0
LINE
  5
16E
330
17
100
AcDbEntity
  8
IV_INTERIOR_PROFILES
100
AcDbLine
 10
1540.1
 20
-185.50696823127055
 30
0.0
 11
1540.1
 21
-170.50696823127055
 31
0.0
  0
LINE
  5
16F
330
17
100
AcDbEntity
  8
IV_INTERIOR_PROFILES
100
AcDbLine
 10
1540.5
 20
-185.50696823127055
 30
0.0
 11
1540.1
 21
-185.50696823127055
 31
0.0
  0
LINE
  5
170
330
17
100
AcDbEntity
  8
IV_INTERIOR_PROFILES
100
AcDbLine
 10
1540.5
 20
-170.50696823127055
 30
0.0
 11
1540.5
 21
-185.50696823127055
 31
0.0
  0
LINE
  5
171
330
17
100
AcDbEntity
  8
IV_INTERIOR_PROFILES
100
AcDbLine
 10
1549.1
 20
-170.50696823127055
 30
0.0
 11
1549.5
 21
-170.50696823127055
 31
0.0
  0
LINE
  5
172
330
17
100
AcDbEntity
  8
IV_INTERIOR_PROFILES
100
AcDbLine
 10
1549.1
 20
-185.50696823127055
 30
0.0
 11
1549.1
 21
-170.50696823127055
 31
0.0
  0
LINE
  5
173
330
17
100
AcDbEntity
  8
IV_INTERIOR_PROFILES
100
AcDbLine
 10
1549.5
 20
-185.50696823127055
 30
0.0
 11
1549.1
 21
-185.50696823127055
 31
0.0
  0
LINE
  5
174
330
17
100
AcDbEntity
  8
IV_INTERIOR_PROFILES
100
AcDbLine
 10
1549.5
 20
-170.50696823127055
 30
0.0
 11
1549.5
 21
-185.50696823127055
 31
0.0
  0
LINE
  5
175
330
17
100
AcDbEntity
  8
IV_INTERIOR_PROFILES
100
AcDbLine
 10
1558.1
 20
-170.50696823127055
 30
0.0
 11
1558.5
 21
-170.50696823127055
 31
0.0
  0
LINE
  5
176
330
17
100
AcDbEntity
  8
IV_INTERIOR_PROFILES
100
AcDbLine
 10
1558.1
 20
-185.50696823127055
 30
0.0
 11
1558.1
 21
-170.50696823127055
 31
0.0
  0
LINE
  5
177
330
17
100
AcDbEntity
  8
IV_INTERIOR_PROFILES
100
AcDbLine
 10
1558.5
 20
-185.50696823127055
 30
0.0
 11
1558.1
 21
-185.50696823127055
 31
0.0
  0
LINE
  5
178
330
17
100
AcDbEntity
  8
IV_INTERIOR_PROFILES
100
AcDbLine
 10
1558.5
 20
-170.50696823127055
 30
0.0
 11
1558.5
 21
-185.50696823127055
 31
0.0
  0
LINE
  5
179
330
17
100
AcDbEntity
  8
IV_INTERIOR_PROFILES
100
AcDbLine
 10
1567.1
 20
-170.50696823127055
 30
0.0
 11
1567.5
 21
-170.50696823127055
 31
0.0
  0
LINE
  5
17A
330
17
100
AcDbEntity
  8
IV_INTERIOR_PROFILES
100
AcDbLine
 10
1567.1
 20
-185.50696823127055
 30
0.0
 11
1567.1
 21
-170.50696823127055
 31
0.0
  0
LINE
  5
17B
330
17
100
AcDbEntity
  8
IV_INTERIOR_PROFILES
100
AcDbLine
 10
1567.5
 20
-185.50696823127055
 30
0.0
 11
1567.1
 21
-185.50696823127055
 31
0.0
  0
LINE
  5
17C
330
17
100
AcDbEntity
  8
IV_INTERIOR_PROFILES
100
AcDbLine
 10
1567.5
 20
-170.50696823127055
 30
0.0
 11
1567.5
 21
-185.50696823127055
 31
0.0
  0
LINE
  5
17D
330
17
100
AcDbEntity
  8
IV_INTERIOR_PROFILES
100
AcDbLine
 10
1576.1
 20
-170.50696823127055
 30
0.0
 11
1576.5
 21
-170.50696823127055
 31
0.0
  0
LINE
  5
17E
330
17
100
AcDbEntity
  8
IV_INTERIOR_PROFILES
100
AcDbLine
 10
1576.1
 20
-185.50696823127055
 30
0.0
 11
1576.1
 21
-170.50696823127055
 31
0.0
  0
LINE
  5
17F
330
17
100
AcDbEntity
  8
IV_INTERIOR_PROFILES
100
AcDbLine
 10
1576.5
 20
-185.50696823127055
 30
0.0
 11
1576.1
 21
-185.50696823127055
 31
0.0
  0
LINE
  5
180
330
17
100
AcDbEntity
  8
IV_INTERIOR_PROFILES
100
AcDbLine
 10
1576.5
 20
-170.50696823127055
 30
0.0
 11
1576.5
 21
-185.50696823127055
 31
0.0
  0
LINE
  5
181
330
17
100
AcDbEntity
  8
IV_INTERIOR_PROFILES
100
AcDbLine
 10
1585.1
 20
-170.50696823127055
 30
0.0
 11
1585.5
 21
-170.50696823127055
 31
0.0
  0
LINE
  5
182
330
17
100
AcDbEntity
  8
IV_INTERIOR_PROFILES
100
AcDbLine
 10
1585.1
 20
-185.50696823127055
 30
0.0
 11
1585.1
 21
-170.50696823127055
 31
0.0
  0
LINE
  5
183
330
17
100
AcDbEntity
  8
IV_INTERIOR_PROFILES
100
AcDbLine
 10
1585.5
 20
-185.50696823127055
 30
0.0
 11
1585.1
 21
-185.50696823127055
 31
0.0
  0
LINE
  5
184
330
17
100
AcDbEntity
  8
IV_INTERIOR_PROFILES
100
AcDbLine
 10
1585.5
 20
-170.50696823127055
 30
0.0
 11
1585.5
 21
-185.50696823127055
 31
0.0
  0
LINE
  5
185
330
17
100
AcDbEntity
  8
IV_INTERIOR_PROFILES
100
AcDbLine
 10
1594.1
 20
-170.50696823127055
 30
0.0
 11
1594.5
 21
-170.50696823127055
 31
0.0
  0
LINE
  5
186
330
17
100
AcDbEntity
  8
IV_INTERIOR_PROFILES
100
AcDbLine
 10
1594.1
 20
-185.50696823127055
 30
0.0
 11
1594.1
 21
-170.50696823127055
 31
0.0
  0
LINE
  5
187
330
17
100
AcDbEntity
  8
IV_INTERIOR_PROFILES
100
AcDbLine
 10
1594.5
 20
-185.50696823127055
 30
0.0
 11
1594.1
 21
-185.50696823127055
 31
0.0
  0
LINE
  5
188
330
17
100
AcDbEntity
  8
IV_INTERIOR_PROFILES
100
AcDbLine
 10
1594.5
 20
-170.50696823127055
 30
0.0
 11
1594.5
 21
-185.50696823127055
 31
0.0
  0
LINE
  5
189
330
17
100
AcDbEntity
  8
IV_INTERIOR_PROFILES
100
AcDbLine
 10
1603.1
 20
-170.50696823127055
 30
0.0
 11
1603.5
 21
-170.50696823127055
 31
0.0
  0
LINE
  5
18A
330
17
100
AcDbEntity
  8
IV_INTERIOR_PROFILES
100
AcDbLine
 10
1603.1
 20
-185.50696823127055
 30
0.0
 11
1603.1
 21
-170.50696823127055
 31
0.0
  0
LINE
  5
18B
330
17
100
AcDbEntity
  8
IV_INTERIOR_PROFILES
100
AcDbLine
 10
1603.5
 20
-185.50696823127055
 30
0.0
 11
1603.1
 21
-185.50696823127055
 31
0.0
  0
LINE
  5
18C
330
17
100
AcDbEntity
  8
IV_INTERIOR_PROFILES
100
AcDbLine
 10
1603.5
 20
-170.50696823127055
 30
0.0
 11
1603.5
 21
-185.50696823127055
 31
0.0
  0
LINE
  5
18D
330
17
100
AcDbEntity
  8
IV_INTERIOR_PROFILES
100
AcDbLine
 10
1612.1
 20
-170.50696823127055
 30
0.0
 11
1612.5
 21
-170.50696823127055
 31
0.0
  0
LINE
  5
18E
330
17
100
AcDbEntity
  8
IV_INTERIOR_PROFILES
100
AcDbLine
 10
1612.1
 20
-185.50696823127055
 30
0.0
 11
1612.1
 21
-170.50696823127055
 31
0.0
  0
LINE
  5
18F
330
17
100
AcDbEntity
  8
IV_INTERIOR_PROFILES
100
AcDbLine
 10
1612.5
 20
-185.50696823127055
 30
0.0
 11
1612.1
 21
-185.50696823127055
 31
0.0
  0
LINE
  5
190
330
17
100
AcDbEntity
  8
IV_INTERIOR_PROFILES
100
AcDbLine
 10
1612.5
 20
-170.50696823127055
 30
0.0
 11
1612.5
 21
-185.50696823127055
 31
0.0
  0
LINE
  5
191
330
17
100
AcDbEntity
  8
IV_INTERIOR_PROFILES
100
AcDbLine
 10
1621.1
 20
-170.50696823127055
 30
0.0
 11
1621.5
 21
-170.50696823127055
 31
0.0
  0
LINE
  5
192
330
17
100
AcDbEntity
  8
IV_INTERIOR_PROFILES
100
AcDbLine
 10
1621.1
 20
-185.50696823127055
 30
0.0
 11
1621.1
 21
-170.50696823127055
 31
0.0
  0
LINE
  5
193
330
17
100
AcDbEntity
  8
IV_INTERIOR_PROFILES
100
AcDbLine
 10
1621.5
 20
-185.50696823127055
 30
0.0
 11
1621.1
 21
-185.50696823127055
 31
0.0
  0
LINE
  5
194
330
17
100
AcDbEntity
  8
IV_INTERIOR_PROFILES
100
AcDbLine
 10
1621.5
 20
-170.50696823127055
 30
0.0
 11
1621.5
 21
-185.50696823127055
 31
0.0
  0
LINE
  5
195
330
17
100
AcDbEntity
  8
IV_INTERIOR_PROFILES
100
AcDbLine
 10
1630.1
 20
-170.50696823127055
 30
0.0
 11
1630.5
 21
-170.50696823127055
 31
0.0
  0
LINE
  5
196
330
17
100
AcDbEntity
  8
IV_INTERIOR_PROFILES
100
AcDbLine
 10
1630.1
 20
-185.50696823127055
 30
0.0
 11
1630.1
 21
-170.50696823127055
 31
0.0
  0
LINE
  5
197
330
17
100
AcDbEntity
  8
IV_INTERIOR_PROFILES
100
AcDbLine
 10
1630.5
 20
-185.50696823127055
 30
0.0
 11
1630.1
 21
-185.50696823127055
 31
0.0
  0
LINE
  5
198
330
17
100
AcDbEntity
  8
IV_INTERIOR_PROFILES
100
AcDbLine
 10
1630.5
 20
-170.50696823127055
 30
0.0
 11
1630.5
 21
-185.50696823127055
 31
0.0
  0
LINE
  5
199
330
17
100
AcDbEntity
  8
IV_INTERIOR_PROFILES
100
AcDbLine
 10
1639.1
 20
-170.50696823127055
 30
0.0
 11
1639.5
 21
-170.50696823127055
 31
0.0
  0
LINE
  5
19A
330
17
100
AcDbEntity
  8
IV_INTERIOR_PROFILES
100
AcDbLine
 10
1639.1
 20
-185.50696823127055
 30
0.0
 11
1639.1
 21
-170.50696823127055
 31
0.0
  0
LINE
  5
19B
330
17
100
AcDbEntity
  8
IV_INTERIOR_PROFILES
100
AcDbLine
 10
1639.5
 20
-185.50696823127055
 30
0.0
 11
1639.1
 21
-185.50696823127055
 31
0.0
  0
LINE
  5
19C
330
17
100
AcDbEntity
  8
IV_INTERIOR_PROFILES
100
AcDbLine
 10
1639.5
 20
-170.50696823127055
 30
0.0
 11
1639.5
 21
-185.50696823127055
 31
0.0
  0
LINE
  5
19D
330
17
100
AcDbEntity
  8
IV_INTERIOR_PROFILES
100
AcDbLine
 10
1648.1
 20
-170.50696823127055
 30
0.0
 11
1648.5
 21
-170.50696823127055
 31
0.0
  0
LINE
  5
19E
330
17
100
AcDbEntity
  8
IV_INTERIOR_PROFILES
100
AcDbLine
 10
1648.1
 20
-185.50696823127055
 30
0.0
 11
1648.1
 21
-170.50696823127055
 31
0.0
  0
LINE
  5
19F
330
17
100
AcDbEntity
  8
IV_INTERIOR_PROFILES
100
AcDbLine
 10
1648.5
 20
-185.50696823127055
 30
0.0
 11
1648.1
 21
-185.50696823127055
 31
0.0
  0
LINE
  5
1A0
330
17
100
AcDbEntity
  8
IV_INTERIOR_PROFILES
100
AcDbLine
 10
1648.5
 20
-170.50696823127055
 30
0.0
 11
1648.5
 21
-185.50696823127055
 31
0.0
  0
LINE
  5
1A1
330
17
100
AcDbEntity
  8
IV_INTERIOR_PROFILES
100
AcDbLine
 10
1657.1
 20
-170.50696823127055
 30
0.0
 11
1657.5
 21
-170.50696823127055
 31
0.0
  0
LINE
  5
1A2
330
17
100
AcDbEntity
  8
IV_INTERIOR_PROFILES
100
AcDbLine
 10
1657.1
 20
-185.50696823127055
 30
0.0
 11
1657.1
 21
-170.50696823127055
 31
0.0
  0
LINE
  5
1A3
330
17
100
AcDbEntity
  8
IV_INTERIOR_PROFILES
100
AcDbLine
 10
1657.5
 20
-185.50696823127055
 30
0.0
 11
1657.1
 21
-185.50696823127055
 31
0.0
  0
LINE
  5
1A4
330
17
100
AcDbEntity
  8
IV_INTERIOR_PROFILES
100
AcDbLine
 10
1657.5
 20
-170.50696823127055
 30
0.0
 11
1657.5
 21
-185.50696823127055
 31
0.0
  0
LINE
  5
1A5
330
17
100
AcDbEntity
  8
IV_INTERIOR_PROFILES
100
AcDbLine
 10
1666.1
 20
-170.50696823127055
 30
0.0
 11
1666.5
 21
-170.50696823127055
 31
0.0
  0
LINE
  5
1A6
330
17
100
AcDbEntity
  8
IV_INTERIOR_PROFILES
100
AcDbLine
 10
1666.1
 20
-185.50696823127055
 30
0.0
 11
1666.1
 21
-170.50696823127055
 31
0.0
  0
LINE
  5
1A7
330
17
100
AcDbEntity
  8
IV_INTERIOR_PROFILES
100
AcDbLine
 10
1666.5
 20
-185.50696823127055
 30
0.0
 11
1666.1
 21
-185.50696823127055
 31
0.0
  0
LINE
  5
1A8
330
17
100
AcDbEntity
  8
IV_INTERIOR_PROFILES
100
AcDbLine
 10
1666.5
 20
-170.50696823127055
 30
0.0
 11
1666.5
 21
-185.50696823127055
 31
0.0
  0
LINE
  5
1A9
330
17
100
AcDbEntity
  8
IV_INTERIOR_PROFILES
100
AcDbLine
 10
1675.1
 20
-170.50696823127055
 30
0.0
 11
1675.5
 21
-170.50696823127055
 31
0.0
  0
LINE
  5
1AA
330
17
100
AcDbEntity
  8
IV_INTERIOR_PROFILES
100
AcDbLine
 10
1675.1
 20
-185.50696823127055
 30
0.0
 11
1675.1
 21
-170.50696823127055
 31
0.0
  0
LINE
  5
1AB
330
17
100
AcDbEntity
  8
IV_INTERIOR_PROFILES
100
AcDbLine
 10
1675.5
 20
-185.50696823127055
 30
0.0
 11
1675.1
 21
-185.50696823127055
 31
0.0
  0
LINE
  5
1AC
330
17
100
AcDbEntity
  8
IV_INTERIOR_PROFILES
100
AcDbLine
 10
1675.5
 20
-170.50696823127055
 30
0.0
 11
1675.5
 21
-185.50696823127055
 31
0.0
  0
LINE
  5
1AD
330
17
100
AcDbEntity
  8
IV_INTERIOR_PROFILES
100
AcDbLine
 10
1684.1000000000001
 20
-170.50696823127055
 30
0.0
 11
1684.5
 21
-170.50696823127055
 31
0.0
  0
LINE
  5
1AE
330
17
100
AcDbEntity
  8
IV_INTERIOR_PROFILES
100
AcDbLine
 10
1684.1000000000001
 20
-185.50696823127055
 30
0.0
 11
1684.1000000000001
 21
-170.50696823127055
 31
0.0
  0
LINE
  5
1AF
330
17
100
AcDbEntity
  8
IV_INTERIOR_PROFILES
100
AcDbLine
 10
1684.5
 20
-185.50696823127055
 30
0.0
 11
1684.1000000000001
 21
-185.50696823127055
 31
0.0
  0
LINE
  5
1B0
330
17
100
AcDbEntity
  8
IV_INTERIOR_PROFILES
100
AcDbLine
 10
1684.5
 20
-170.50696823127055
 30
0.0
 11
1684.5
 21
-185.50696823127055
 31
0.0
  0
LINE
  5
1B1
330
17
100
AcDbEntity
  8
IV_INTERIOR_PROFILES
100
AcDbLine
 10
1693.1
 20
-170.50696823127055
 30
0.0
 11
1693.5
 21
-170.50696823127055
 31
0.0
  0
LINE
  5
1B2
330
17
100
AcDbEntity
  8
IV_INTERIOR_PROFILES
100
AcDbLine
 10
1693.1
 20
-185.50696823127055
 30
0.0
 11
1693.1
 21
-170.50696823127055
 31
0.0
  0
LINE
  5
1B3
330
17
100
AcDbEntity
  8
IV_INTERIOR_PROFILES
100
AcDbLine
 10
1693.5
 20
-185.50696823127055
 30
0.0
 11
1693.1
 21
-185.50696823127055
 31
0.0
  0
LINE
  5
1B4
330
17
100
AcDbEntity
  8
IV_INTERIOR_PROFILES
100
AcDbLine
 10
1693.5
 20
-170.50696823127055
 30
0.0
 11
1693.5
 21
-185.50696823127055
 31
0.0
  0
LINE
  5
1B5
330
17
100
AcDbEntity
  8
IV_INTERIOR_PROFILES
100
AcDbLine
 10
1702.1
 20
-170.50696823127055
 30
0.0
 11
1702.5
 21
-170.50696823127055
 31
0.0
  0
LINE
  5
1B6
330
17
100
AcDbEntity
  8
IV_INTERIOR_PROFILES
100
AcDbLine
 10
1702.1
 20
-185.50696823127055
 30
0.0
 11
1702.1
 21
-170.50696823127055
 31
0.0
  0
LINE
  5
1B7
330
17
100
AcDbEntity
  8
IV_INTERIOR_PROFILES
100
AcDbLine
 10
1702.5
 20
-185.50696823127055
 30
0.0
 11
1702.1
 21
-185.50696823127055
 31
0.0
  0
LINE
  5
1B8
330
17
100
AcDbEntity
  8
IV_INTERIOR_PROFILES
100
AcDbLine
 10
1702.5
 20
-170.50696823127055
 30
0.0
 11
1702.5
 21
-185.50696823127055
 31
0.0
  0
LINE
  5
1B9
330
17
100
AcDbEntity
  8
IV_INTERIOR_PROFILES
100
AcDbLine
 10
1711.1
 20
-170.50696823127055
 30
0.0
 11
1711.4999999999998
 21
-170.50696823127055
 31
0.0
  0
LINE
  5
1BA
330
17
100
AcDbEntity
  8
IV_INTERIOR_PROFILES
100
AcDbLine
 10
1711.1
 20
-185.50696823127055
 30
0.0
 11
1711.1
 21
-170.50696823127055
 31
0.0
  0
LINE
  5
1BB
330
17
100
AcDbEntity
  8
IV_INTERIOR_PROFILES
100
AcDbLine
 10
1711.4999999999998
 20
-185.50696823127055
 30
0.0
 11
1711.1
 21
-185.50696823127055
 31
0.0
  0
LINE
  5
1BC
330
17
100
AcDbEntity
  8
IV_INTERIOR_PROFILES
100
AcDbLine
 10
1711.4999999999998
 20
-170.50696823127055
 30
0.0
 11
1711.4999999999998
 21
-185.50696823127055
 31
0.0
  0
LINE
  5
1BD
330
17
100
AcDbEntity
  8
IV_INTERIOR_PROFILES
100
AcDbLine
 10
1720.1
 20
-170.50696823127055
 30
0.0
 11
1720.5
 21
-170.50696823127055
 31
0.0
  0
LINE
  5
1BE
330
17
100
AcDbEntity
  8
IV_INTERIOR_PROFILES
100
AcDbLine
 10
1720.1
 20
-185.50696823127055
 30
0.0
 11
1720.1
 21
-170.50696823127055
 31
0.0
  0
LINE
  5
1BF
330
17
100
AcDbEntity
  8
IV_INTERIOR_PROFILES
100
AcDbLine
 10
1720.5
 20
-185.50696823127055
 30
0.0
 11
1720.1
 21
-185.50696823127055
 31
0.0
  0
LINE
  5
1C0
330
17
100
AcDbEntity
  8
IV_INTERIOR_PROFILES
100
AcDbLine
 10
1720.5
 20
-170.50696823127055
 30
0.0
 11
1720.5
 21
-185.50696823127055
 31
0.0
  0
LINE
  5
1C1
330
17
100
AcDbEntity
  8
IV_INTERIOR_PROFILES
100
AcDbLine
 10
1729.1000000000001
 20
-170.50696823127055
 30
0.0
 11
1729.5
 21
-170.50696823127055
 31
0.0
  0
LINE
  5
1C2
330
17
100
AcDbEntity
  8
IV_INTERIOR_PROFILES
100
AcDbLine
 10
1729.1000000000001
 20
-185.50696823127055
 30
0.0
 11
1729.1000000000001
 21
-170.50696823127055
 31
0.0
  0
LINE
  5
1C3
330
17
100
AcDbEntity
  8
IV_INTERIOR_PROFILES
100
AcDbLine
 10
1729.5
 20
-185.50696823127055
 30
0.0
 11
1729.1000000000001
 21
-185.50696823127055
 31
0.0
  0
LINE
  5
1C4
330
17
100
AcDbEntity
  8
IV_INTERIOR_PROFILES
100
AcDbLine
 10
1729.5
 20
-170.50696823127055
 30
0.0
 11
1729.5
 21
-185.50696823127055
 31
0.0
  0
LINE
  5
1C5
330
17
100
AcDbEntity
  8
IV_INTERIOR_PROFILES
100
AcDbLine
 10
1738.1
 20
-170.50696823127055
 30
0.0
 11
1738.5
 21
-170.50696823127055
 31
0.0
  0
LINE
  5
1C6
330
17
100
AcDbEntity
  8
IV_INTERIOR_PROFILES
100
AcDbLine
 10
1738.1
 20
-185.50696823127055
 30
0.0
 11
1738.1
 21
-170.50696823127055
 31
0.0
  0
LINE
  5
1C7
330
17
100
AcDbEntity
  8
IV_INTERIOR_PROFILES
100
AcDbLine
 10
1738.5
 20
-185.50696823127055
 30
0.0
 11
1738.1
 21
-185.50696823127055
 31
0.0
  0
LINE
  5
1C8
330
17
100
AcDbEntity
  8
IV_INTERIOR_PROFILES
100
AcDbLine
 10
1738.5
 20
-170.50696823127055
 30
0.0
 11
1738.5
 21
-185.50696823127055
 31
0.0
  0
LINE
  5
1C9
330
17
100
AcDbEntity
  8
IV_INTERIOR_PROFILES
100
AcDbLine
 10
1747.1
 20
-170.50696823127055
 30
0.0
 11
1747.5
 21
-170.50696823127055
 31
0.0
  0
LINE
  5
1CA
330
17
100
AcDbEntity
  8
IV_INTERIOR_PROFILES
100
AcDbLine
 10
1747.1
 20
-185.50696823127055
 30
0.0
 11
1747.1
 21
-170.50696823127055
 31
0.0
  0
LINE
  5
1CB
330
17
100
AcDbEntity
  8
IV_INTERIOR_PROFILES
100
AcDbLine
 10
1747.5
 20
-185.50696823127055
 30
0.0
 11
1747.1
 21
-185.50696823127055
 31
0.0
  0
LINE
  5
1CC
330
17
100
AcDbEntity
  8
IV_INTERIOR_PROFILES
100
AcDbLine
 10
1747.5
 20
-170.50696823127055
 30
0.0
 11
1747.5
 21
-185.50696823127055
 31
0.0
  0
LINE
  5
1CD
330
17
100
AcDbEntity
  8
IV_INTERIOR_PROFILES
100
AcDbLine
 10
1756.1
 20
-170.50696823127055
 30
0.0
 11
1756.5
 21
-170.50696823127055
 31
0.0
  0
LINE
  5
1CE
330
17
100
AcDbEntity
  8
IV_INTERIOR_PROFILES
100
AcDbLine
 10
1756.1
 20
-185.50696823127055
 30
0.0
 11
1756.1
 21
-170.50696823127055
 31
0.0
  0
LINE
  5
1CF
330
17
100
AcDbEntity
  8
IV_INTERIOR_PROFILES
100
AcDbLine
 10
1756.5
 20
-185.50696823127055
 30
0.0
 11
1756.1
 21
-185.50696823127055
 31
0.0
  0
LINE
  5
1D0
330
17
100
AcDbEntity
  8
IV_INTERIOR_PROFILES
100
AcDbLine
 10
1756.5
 20
-170.50696823127055
 30
0.0
 11
1756.5
 21
-185.50696823127055
 31
0.0
  0
LINE
  5
1D1
330
17
100
AcDbEntity
  8
IV_INTERIOR_PROFILES
100
AcDbLine
 10
1765.1
 20
-170.50696823127055
 30
0.0
 11
1765.5
 21
-170.50696823127055
 31
0.0
  0
LINE
  5
1D2
330
17
100
AcDbEntity
  8
IV_INTERIOR_PROFILES
100
AcDbLine
 10
1765.1
 20
-185.50696823127055
 30
0.0
 11
1765.1
 21
-170.50696823127055
 31
0.0
  0
LINE
  5
1D3
330
17
100
AcDbEntity
  8
IV_INTERIOR_PROFILES
100
AcDbLine
 10
1765.5
 20
-185.50696823127055
 30
0.0
 11
1765.1
 21
-185.50696823127055
 31
0.0
  0
LINE
  5
1D4
330
17
100
AcDbEntity
  8
IV_INTERIOR_PROFILES
100
AcDbLine
 10
1765.5
 20
-170.50696823127055
 30
0.0
 11
1765.5
 21
-185.50696823127055
 31
0.0
  0
LINE
  5
1D5
330
17
100
AcDbEntity
  8
IV_INTERIOR_PROFILES
100
AcDbLine
 10
1774.1000000000001
 20
-170.50696823127055
 30
0.0
 11
1774.5
 21
-170.50696823127055
 31
0.0
  0
LINE
  5
1D6
330
17
100
AcDbEntity
  8
IV_INTERIOR_PROFILES
100
AcDbLine
 10
1774.1000000000001
 20
-185.50696823127055
 30
0.0
 11
1774.1000000000001
 21
-170.50696823127055
 31
0.0
  0
LINE
  5
1D7
330
17
100
AcDbEntity
  8
IV_INTERIOR_PROFILES
100
AcDbLine
 10
1774.5
 20
-185.50696823127055
 30
0.0
 11
1774.1000000000001
 21
-185.50696823127055
 31
0.0
  0
LINE
  5
1D8
330
17
100
AcDbEntity
  8
IV_INTERIOR_PROFILES
100
AcDbLine
 10
1774.5
 20
-170.50696823127055
 30
0.0
 11
1774.5
 21
-185.50696823127055
 31
0.0
  0
LINE
  5
1D9
330
17
100
AcDbEntity
  8
IV_INTERIOR_PROFILES
100
AcDbLine
 10
1783.1
 20
-170.50696823127055
 30
0.0
 11
1783.5
 21
-170.50696823127055
 31
0.0
  0
LINE
  5
1DA
330
17
100
AcDbEntity
  8
IV_INTERIOR_PROFILES
100
AcDbLine
 10
1783.1
 20
-185.50696823127055
 30
0.0
 11
1783.1
 21
-170.50696823127055
 31
0.0
  0
LINE
  5
1DB
330
17
100
AcDbEntity
  8
IV_INTERIOR_PROFILES
100
AcDbLine
 10
1783.5
 20
-185.50696823127055
 30
0.0
 11
1783.1
 21
-185.50696823127055
 31
0.0
  0
LINE
  5
1DC
330
17
100
AcDbEntity
  8
IV_INTERIOR_PROFILES
100
AcDbLine
 10
1783.5
 20
-170.50696823127055
 30
0.0
 11
1783.5
 21
-185.50696823127055
 31
0.0
  0
LINE
  5
1DD
330
17
100
AcDbEntity
  8
IV_INTERIOR_PROFILES
100
AcDbLine
 10
1792.1
 20
-170.50696823127055
 30
0.0
 11
1792.5
 21
-170.50696823127055
 31
0.0
  0
LINE
  5
1DE
330
17
100
AcDbEntity
  8
IV_INTERIOR_PROFILES
100
AcDbLine
 10
1792.1
 20
-185.50696823127055
 30
0.0
 11
1792.1
 21
-170.50696823127055
 31
0.0
  0
LINE
  5
1DF
330
17
100
AcDbEntity
  8
IV_INTERIOR_PROFILES
100
AcDbLine
 10
1792.5
 20
-185.50696823127055
 30
0.0
 11
1792.1
 21
-185.50696823127055
 31
0.0
  0
LINE
  5
1E0
330
17
100
AcDbEntity
  8
IV_INTERIOR_PROFILES
100
AcDbLine
 10
1792.5
 20
-170.50696823127055
 30
0.0
 11
1792.5
 21
-185.50696823127055
 31
0.0
  0
LINE
  5
1E1
330
17
100
AcDbEntity
  8
IV_INTERIOR_PROFILES
100
AcDbLine
 10
1801.1
 20
-170.50696823127055
 30
0.0
 11
1801.5
 21
-170.50696823127055
 31
0.0
  0
LINE
  5
1E2
330
17
100
AcDbEntity
  8
IV_INTERIOR_PROFILES
100
AcDbLine
 10
1801.1
 20
-185.50696823127055
 30
0.0
 11
1801.1
 21
-170.50696823127055
 31
0.0
  0
LINE
  5
1E3
330
17
100
AcDbEntity
  8
IV_INTERIOR_PROFILES
100
AcDbLine
 10
1801.5
 20
-185.50696823127055
 30
0.0
 11
1801.1
 21
-185.50696823127055
 31
0.0
  0
LINE
  5
1E4
330
17
100
AcDbEntity
  8
IV_INTERIOR_PROFILES
100
AcDbLine
 10
1801.5
 20
-170.50696823127055
 30
0.0
 11
1801.5
 21
-185.50696823127055
 31
0.0
  0
LINE
  5
1E5
330
17
100
AcDbEntity
  8
IV_INTERIOR_PROFILES
100
AcDbLine
 10
1810.1
 20
-170.50696823127055
 30
0.0
 11
1810.5
 21
-170.50696823127055
 31
0.0
  0
LINE
  5
1E6
330
17
100
AcDbEntity
  8
IV_INTERIOR_PROFILES
100
AcDbLine
 10
1810.1
 20
-185.50696823127055
 30
0.0
 11
1810.1
 21
-170.50696823127055
 31
0.0
  0
LINE
  5
1E7
330
17
100
AcDbEntity
  8
IV_INTERIOR_PROFILES
100
AcDbLine
 10
1810.5
 20
-185.50696823127055
 30
0.0
 11
1810.1
 21
-185.50696823127055
 31
0.0
  0
LINE
  5
1E8
330
17
100
AcDbEntity
  8
IV_INTERIOR_PROFILES
100
AcDbLine
 10
1810.5
 20
-170.50696823127055
 30
0.0
 11
1810.5
 21
-185.50696823127055
 31
0.0
  0
LINE
  5
1E9
330
17
100
AcDbEntity
  8
IV_INTERIOR_PROFILES
100
AcDbLine
 10
1819.1000000000001
 20
-170.50696823127055
 30
0.0
 11
1819.5
 21
-170.50696823127055
 31
0.0
  0
LINE
  5
1EA
330
17
100
AcDbEntity
  8
IV_INTERIOR_PROFILES
100
AcDbLine
 10
1819.1000000000001
 20
-185.50696823127055
 30
0.0
 11
1819.1000000000001
 21
-170.50696823127055
 31
0.0
  0
LINE
  5
1EB
330
17
100
AcDbEntity
  8
IV_INTERIOR_PROFILES
100
AcDbLine
 10
1819.5
 20
-185.50696823127055
 30
0.0
 11
1819.1000000000001
 21
-185.50696823127055
 31
0.0
  0
LINE
  5
1EC
330
17
100
AcDbEntity
  8
IV_INTERIOR_PROFILES
100
AcDbLine
 10
1819.5
 20
-170.50696823127055
 30
0.0
 11
1819.5
 21
-185.50696823127055
 31
0.0
  0
LINE
  5
1ED
330
17
100
AcDbEntity
  8
IV_INTERIOR_PROFILES
100
AcDbLine
 10
1828.1
 20
-170.50696823127055
 30
0.0
 11
1828.5
 21
-170.50696823127055
 31
0.0
  0
LINE
  5
1EE
330
17
100
AcDbEntity
  8
IV_INTERIOR_PROFILES
100
AcDbLine
 10
1828.1
 20
-185.50696823127055
 30
0.0
 11
1828.1
 21
-170.50696823127055
 31
0.0
  0
LINE
  5
1EF
330
17
100
AcDbEntity
  8
IV_INTERIOR_PROFILES
100
AcDbLine
 10
1828.5
 20
-185.50696823127055
 30
0.0
 11
1828.1
 21
-185.50696823127055
 31
0.0
  0
LINE
  5
1F0
330
17
100
AcDbEntity
  8
IV_INTERIOR_PROFILES
100
AcDbLine
 10
1828.5
 20
-170.50696823127055
 30
0.0
 11
1828.5
 21
-185.50696823127055
 31
0.0
  0
LINE
  5
1F1
330
17
100
AcDbEntity
  8
IV_INTERIOR_PROFILES
100
AcDbLine
 10
1837.1
 20
-170.50696823127055
 30
0.0
 11
1837.5
 21
-170.50696823127055
 31
0.0
  0
LINE
  5
1F2
330
17
100
AcDbEntity
  8
IV_INTERIOR_PROFILES
100
AcDbLine
 10
1837.1
 20
-185.50696823127055
 30
0.0
 11
1837.1
 21
-170.50696823127055
 31
0.0
  0
LINE
  5
1F3
330
17
100
AcDbEntity
  8
IV_INTERIOR_PROFILES
100
AcDbLine
 10
1837.5
 20
-185.50696823127055
 30
0.0
 11
1837.1
 21
-185.50696823127055
 31
0.0
  0
LINE
  5
1F4
330
17
100
AcDbEntity
  8
IV_INTERIOR_PROFILES
100
AcDbLine
 10
1837.5
 20
-170.50696823127055
 30
0.0
 11
1837.5
 21
-185.50696823127055
 31
0.0
  0
LINE
  5
1F5
330
17
100
AcDbEntity
  8
IV_INTERIOR_PROFILES
100
AcDbLine
 10
1846.1
 20
-170.50696823127055
 30
0.0
 11
1846.5
 21
-170.50696823127055
 31
0.0
  0
LINE
  5
1F6
330
17
100
AcDbEntity
  8
IV_INTERIOR_PROFILES
100
AcDbLine
 10
1846.1
 20
-185.50696823127055
 30
0.0
 11
1846.1
 21
-170.50696823127055
 31
0.0
  0
LINE
  5
1F7
330
17
100
AcDbEntity
  8
IV_INTERIOR_PROFILES
100
AcDbLine
 10
1846.5
 20
-185.50696823127055
 30
0.0
 11
1846.1
 21
-185.50696823127055
 31
0.0
  0
LINE
  5
1F8
330
17
100
AcDbEntity
  8
IV_INTERIOR_PROFILES
100
AcDbLine
 10
1846.5
 20
-170.50696823127055
 30
0.0
 11
1846.5
 21
-185.50696823127055
 31
0.0
  0
LINE
  5
1F9
330
17
100
AcDbEntity
  8
IV_INTERIOR_PROFILES
100
AcDbLine
 10
1855.1
 20
-170.50696823127055
 30
0.0
 11
1855.5
 21
-170.50696823127055
 31
0.0
  0
LINE
  5
1FA
330
17
100
AcDbEntity
  8
IV_INTERIOR_PROFILES
100
AcDbLine
 10
1855.1
 20
-185.50696823127055
 30
0.0
 11
1855.1
 21
-170.50696823127055
 31
0.0
  0
LINE
  5
1FB
330
17
100
AcDbEntity
  8
IV_INTERIOR_PROFILES
100
AcDbLine
 10
1855.5
 20
-185.50696823127055
 30
0.0
 11
1855.1
 21
-185.50696823127055
 31
0.0
  0
LINE
  5
1FC
330
17
100
AcDbEntity
  8
IV_INTERIOR_PROFILES
100
AcDbLine
 10
1855.5
 20
-170.50696823127055
 30
0.0
 11
1855.5
 21
-185.50696823127055
 31
0.0
  0
LINE
  5
1FD
330
17
100
AcDbEntity
  8
IV_INTERIOR_PROFILES
100
AcDbLine
 10
1864.1
 20
-170.50696823127055
 30
0.0
 11
1864.5
 21
-170.50696823127055
 31
0.0
  0
LINE
  5
1FE
330
17
100
AcDbEntity
  8
IV_INTERIOR_PROFILES
100
AcDbLine
 10
1864.1
 20
-185.50696823127055
 30
0.0
 11
1864.1
 21
-170.50696823127055
 31
0.0
  0
LINE
  5
1FF
330
17
100
AcDbEntity
  8
IV_INTERIOR_PROFILES
100
AcDbLine
 10
1864.5
 20
-185.50696823127055
 30
0.0
 11
1864.1
 21
-185.50696823127055
 31
0.0
  0
LINE
  5
200
330
17
100
AcDbEntity
  8
IV_INTERIOR_PROFILES
100
AcDbLine
 10
1864.5
 20
-170.50696823127055
 30
0.0
 11
1864.5
 21
-185.50696823127055
 31
0.0
  0
LINE
  5
201
330
17
100
AcDbEntity
  8
IV_INTERIOR_PROFILES
100
AcDbLine
 10
1873.1
 20
-170.50696823127055
 30
0.0
 11
1873.5
 21
-170.50696823127055
 31
0.0
  0
LINE
  5
202
330
17
100
AcDbEntity
  8
IV_INTERIOR_PROFILES
100
AcDbLine
 10
1873.1
 20
-185.50696823127055
 30
0.0
 11
1873.1
 21
-170.50696823127055
 31
0.0
  0
LINE
  5
203
330
17
100
AcDbEntity
  8
IV_INTERIOR_PROFILES
100
AcDbLine
 10
1873.5
 20
-185.50696823127055
 30
0.0
 11
1873.1
 21
-185.50696823127055
 31
0.0
  0
LINE
  5
204
330
17
100
AcDbEntity
  8
IV_INTERIOR_PROFILES
100
AcDbLine
 10
1873.5
 20
-170.50696823127055
 30
0.0
 11
1873.5
 21
-185.50696823127055
 31
0.0
  0
LINE
  5
205
330
17
100
AcDbEntity
  8
IV_INTERIOR_PROFILES
100
AcDbLine
 10
1882.1
 20
-170.50696823127055
 30
0.0
 11
1882.5
 21
-170.50696823127055
 31
0.0
  0
LINE
  5
206
330
17
100
AcDbEntity
  8
IV_INTERIOR_PROFILES
100
AcDbLine
 10
1882.1
 20
-185.50696823127055
 30
0.0
 11
1882.1
 21
-170.50696823127055
 31
0.0
  0
LINE
  5
207
330
17
100
AcDbEntity
  8
IV_INTERIOR_PROFILES
100
AcDbLine
 10
1882.5
 20
-185.50696823127055
 30
0.0
 11
1882.1
 21
-185.50696823127055
 31
0.0
  0
LINE
  5
208
330
17
100
AcDbEntity
  8
IV_INTERIOR_PROFILES
100
AcDbLine
 10
1882.5
 20
-170.50696823127055
 30
0.0
 11
1882.5
 21
-185.50696823127055
 31
0.0
  0
LINE
  5
209
330
17
100
AcDbEntity
  8
IV_INTERIOR_PROFILES
100
AcDbLine
 10
1891.1000000000001
 20
-170.50696823127055
 30
0.0
 11
1891.5
 21
-170.50696823127055
 31
0.0
  0
LINE
  5
20A
330
17
100
AcDbEntity
  8
IV_INTERIOR_PROFILES
100
AcDbLine
 10
1891.1000000000001
 20
-185.50696823127055
 30
0.0
 11
1891.1000000000001
 21
-170.50696823127055
 31
0.0
  0
LINE
  5
20B
330
17
100
AcDbEntity
  8
IV_INTERIOR_PROFILES
100
AcDbLine
 10
1891.5
 20
-185.50696823127055
 30
0.0
 11
1891.1000000000001
 21
-185.50696823127055
 31
0.0
  0
LINE
  5
20C
330
17
100
AcDbEntity
  8
IV_INTERIOR_PROFILES
100
AcDbLine
 10
1891.5
 20
-170.50696823127055
 30
0.0
 11
1891.5
 21
-185.50696823127055
 31
0.0
  0
LINE
  5
20D
330
17
100
AcDbEntity
  8
IV_INTERIOR_PROFILES
100
AcDbLine
 10
1900.1
 20
-170.50696823127055
 30
0.0
 11
1900.5
 21
-170.50696823127055
 31
0.0
  0
LINE
  5
20E
330
17
100
AcDbEntity
  8
IV_INTERIOR_PROFILES
100
AcDbLine
 10
1900.1
 20
-185.50696823127055
 30
0.0
 11
1900.1
 21
-170.50696823127055
 31
0.0
  0
LINE
  5
20F
330
17
100
AcDbEntity
  8
IV_INTERIOR_PROFILES
100
AcDbLine
 10
1900.5
 20
-185.50696823127055
 30
0.0
 11
1900.1
 21
-185.50696823127055
 31
0.0
  0
LINE
  5
210
330
17
100
AcDbEntity
  8
IV_INTERIOR_PROFILES
100
AcDbLine
 10
1900.5
 20
-170.50696823127055
 30
0.0
 11
1900.5
 21
-185.50696823127055
 31
0.0
  0
LINE
  5
211
330
17
100
AcDbEntity
  8
IV_INTERIOR_PROFILES
100
AcDbLine
 10
1909.1
 20
-170.50696823127055
 30
0.0
 11
1909.5
 21
-170.50696823127055
 31
0.0
  0
LINE
  5
212
330
17
100
AcDbEntity
  8
IV_INTERIOR_PROFILES
100
AcDbLine
 10
1909.1
 20
-185.50696823127055
 30
0.0
 11
1909.1
 21
-170.50696823127055
 31
0.0
  0
LINE
  5
213
330
17
100
AcDbEntity
  8
IV_INTERIOR_PROFILES
100
AcDbLine
 10
1909.5
 20
-185.50696823127055
 30
0.0
 11
1909.1
 21
-185.50696823127055
 31
0.0
  0
LINE
  5
214
330
17
100
AcDbEntity
  8
IV_INTERIOR_PROFILES
100
AcDbLine
 10
1909.5
 20
-170.50696823127055
 30
0.0
 11
1909.5
 21
-185.50696823127055
 31
0.0
  0
LINE
  5
215
330
17
100
AcDbEntity
  8
IV_INTERIOR_PROFILES
100
AcDbLine
 10
1918.1
 20
-170.50696823127055
 30
0.0
 11
1918.5
 21
-170.50696823127055
 31
0.0
  0
LINE
  5
216
330
17
100
AcDbEntity
  8
IV_INTERIOR_PROFILES
100
AcDbLine
 10
1918.1
 20
-185.50696823127055
 30
0.0
 11
1918.1
 21
-170.50696823127055
 31
0.0
  0
LINE
  5
217
330
17
100
AcDbEntity
  8
IV_INTERIOR_PROFILES
100
AcDbLine
 10
1918.5
 20
-185.50696823127055
 30
0.0
 11
1918.1
 21
-185.50696823127055
 31
0.0
  0
LINE
  5
218
330
17
100
AcDbEntity
  8
IV_INTERIOR_PROFILES
100
AcDbLine
 10
1918.5
 20
-170.50696823127055
 30
0.0
 11
1918.5
 21
-185.50696823127055
 31
0.0
  0
LINE
  5
219
330
17
100
AcDbEntity
  8
IV_INTERIOR_PROFILES
100
AcDbLine
 10
1927.1
 20
-170.50696823127055
 30
0.0
 11
1927.5
 21
-170.50696823127055
 31
0.0
  0
LINE
  5
21A
330
17
100
AcDbEntity
  8
IV_INTERIOR_PROFILES
100
AcDbLine
 10
1927.1
 20
-185.50696823127055
 30
0.0
 11
1927.1
 21
-170.50696823127055
 31
0.0
  0
LINE
  5
21B
330
17
100
AcDbEntity
  8
IV_INTERIOR_PROFILES
100
AcDbLine
 10
1927.5
 20
-185.50696823127055
 30
0.0
 11
1927.1
 21
-185.50696823127055
 31
0.0
  0
LINE
  5
21C
330
17
100
AcDbEntity
  8
IV_INTERIOR_PROFILES
100
AcDbLine
 10
1927.5
 20
-170.50696823127055
 30
0.0
 11
1927.5
 21
-185.50696823127055
 31
0.0
  0
LINE
  5
21D
330
17
100
AcDbEntity
  8
IV_INTERIOR_PROFILES
100
AcDbLine
 10
1936.1
 20
-170.50696823127055
 30
0.0
 11
1936.5
 21
-170.50696823127055
 31
0.0
  0
LINE
  5
21E
330
17
100
AcDbEntity
  8
IV_INTERIOR_PROFILES
100
AcDbLine
 10
1936.1
 20
-185.50696823127055
 30
0.0
 11
1936.1
 21
-170.50696823127055
 31
0.0
  0
LINE
  5
21F
330
17
100
AcDbEntity
  8
IV_INTERIOR_PROFILES
100
AcDbLine
 10
1936.5
 20
-185.50696823127055
 30
0.0
 11
1936.1
 21
-185.50696823127055
 31
0.0
  0
LINE
  5
220
330
17
100
AcDbEntity
  8
IV_INTERIOR_PROFILES
100
AcDbLine
 10
1936.5
 20
-170.50696823127055
 30
0.0
 11
1936.5
 21
-185.50696823127055
 31
0.0
  0
LINE
  5
221
330
17
100
AcDbEntity
  8
IV_INTERIOR_PROFILES
100
AcDbLine
 10
1945.1
 20
-170.50696823127055
 30
0.0
 11
1945.5
 21
-170.50696823127055
 31
0.0
  0
LINE
  5
222
330
17
100
AcDbEntity
  8
IV_INTERIOR_PROFILES
100
AcDbLine
 10
1945.1
 20
-185.50696823127055
 30
0.0
 11
1945.1
 21
-170.50696823127055
 31
0.0
  0
LINE
  5
223
330
17
100
AcDbEntity
  8
IV_INTERIOR_PROFILES
100
AcDbLine
 10
1945.5
 20
-185.50696823127055
 30
0.0
 11
1945.1
 21
-185.50696823127055
 31
0.0
  0
LINE
  5
224
330
17
100
AcDbEntity
  8
IV_INTERIOR_PROFILES
100
AcDbLine
 10
1945.5
 20
-170.50696823127055
 30
0.0
 11
1945.5
 21
-185.50696823127055
 31
0.0
  0
LINE
  5
225
330
17
100
AcDbEntity
  8
IV_INTERIOR_PROFILES
100
AcDbLine
 10
1954.1
 20
-170.50696823127055
 30
0.0
 11
1954.5
 21
-170.50696823127055
 31
0.0
  0
LINE
  5
226
330
17
100
AcDbEntity
  8
IV_INTERIOR_PROFILES
100
AcDbLine
 10
1954.1
 20
-185.50696823127055
 30
0.0
 11
1954.1
 21
-170.50696823127055
 31
0.0
  0
LINE
  5
227
330
17
100
AcDbEntity
  8
IV_INTERIOR_PROFILES
100
AcDbLine
 10
1954.5
 20
-185.50696823127055
 30
0.0
 11
1954.1
 21
-185.50696823127055
 31
0.0
  0
LINE
  5
228
330
17
100
AcDbEntity
  8
IV_INTERIOR_PROFILES
100
AcDbLine
 10
1954.5
 20
-170.50696823127055
 30
0.0
 11
1954.5
 21
-185.50696823127055
 31
0.0
  0
LINE
  5
229
330
17
100
AcDbEntity
  8
IV_INTERIOR_PROFILES
100
AcDbLine
 10
1963.1
 20
-170.50696823127055
 30
0.0
 11
1963.5
 21
-170.50696823127055
 31
0.0
  0
LINE
  5
22A
330
17
100
AcDbEntity
  8
IV_INTERIOR_PROFILES
100
AcDbLine
 10
1963.1
 20
-185.50696823127055
 30
0.0
 11
1963.1
 21
-170.50696823127055
 31
0.0
  0
LINE
  5
22B
330
17
100
AcDbEntity
  8
IV_INTERIOR_PROFILES
100
AcDbLine
 10
1963.5
 20
-185.50696823127055
 30
0.0
 11
1963.1
 21
-185.50696823127055
 31
0.0
  0
LINE
  5
22C
330
17
100
AcDbEntity
  8
IV_INTERIOR_PROFILES
100
AcDbLine
 10
1963.5
 20
-170.50696823127055
 30
0.0
 11
1963.5
 21
-185.50696823127055
 31
0.0
  0
LINE
  5
22D
330
17
100
AcDbEntity
  8
IV_INTERIOR_PROFILES
100
AcDbLine
 10
1972.1
 20
-170.50696823127055
 30
0.0
 11
1972.5
 21
-170.50696823127055
 31
0.0
  0
LINE
  5
22E
330
17
100
AcDbEntity
  8
IV_INTERIOR_PROFILES
100
AcDbLine
 10
1972.1
 20
-185.50696823127055
 30
0.0
 11
1972.1
 21
-170.50696823127055
 31
0.0
  0
LINE
  5
22F
330
17
100
AcDbEntity
  8
IV_INTERIOR_PROFILES
100
AcDbLine
 10
1972.5
 20
-185.50696823127055
 30
0.0
 11
1972.1
 21
-185.50696823127055
 31
0.0
  0
LINE
  5
230
330
17
100
AcDbEntity
  8
IV_INTERIOR_PROFILES
100
AcDbLine
 10
1972.5
 20
-170.50696823127055
 30
0.0
 11
1972.5
 21
-185.50696823127055
 31
0.0
  0
LINE
  5
231
330
17
100
AcDbEntity
  8
IV_INTERIOR_PROFILES
100
AcDbLine
 10
1981.1
 20
-170.50696823127055
 30
0.0
 11
1981.5
 21
-170.50696823127055
 31
0.0
  0
LINE
  5
232
330
17
100
AcDbEntity
  8
IV_INTERIOR_PROFILES
100
AcDbLine
 10
1981.1
 20
-185.50696823127055
 30
0.0
 11
1981.1
 21
-170.50696823127055
 31
0.0
  0
LINE
  5
233
330
17
100
AcDbEntity
  8
IV_INTERIOR_PROFILES
100
AcDbLine
 10
1981.5
 20
-185.50696823127055
 30
0.0
 11
1981.1
 21
-185.50696823127055
 31
0.0
  0
LINE
  5
234
330
17
100
AcDbEntity
  8
IV_INTERIOR_PROFILES
100
AcDbLine
 10
1981.5
 20
-170.50696823127055
 30
0.0
 11
1981.5
 21
-185.50696823127055
 31
0.0
  0
LINE
  5
235
330
17
100
AcDbEntity
  8
IV_INTERIOR_PROFILES
100
AcDbLine
 10
1990.1000000000001
 20
-170.50696823127055
 30
0.0
 11
1990.5
 21
-170.50696823127055
 31
0.0
  0
LINE
  5
236
330
17
100
AcDbEntity
  8
IV_INTERIOR_PROFILES
100
AcDbLine
 10
1990.1000000000001
 20
-185.50696823127055
 30
0.0
 11
1990.1000000000001
 21
-170.50696823127055
 31
0.0
  0
LINE
  5
237
330
17
100
AcDbEntity
  8
IV_INTERIOR_PROFILES
100
AcDbLine
 10
1990.5
 20
-185.50696823127055
 30
0.0
 11
1990.1000000000001
 21
-185.50696823127055
 31
0.0
  0
LINE
  5
238
330
17
100
AcDbEntity
  8
IV_INTERIOR_PROFILES
100
AcDbLine
 10
1990.5
 20
-170.50696823127055
 30
0.0
 11
1990.5
 21
-185.50696823127055
 31
0.0
  0
LINE
  5
239
330
17
100
AcDbEntity
  8
IV_INTERIOR_PROFILES
100
AcDbLine
 10
1999.1
 20
-170.50696823127055
 30
0.0
 11
1999.5
 21
-170.50696823127055
 31
0.0
  0
LINE
  5
23A
330
17
100
AcDbEntity
  8
IV_INTERIOR_PROFILES
100
AcDbLine
 10
1999.1
 20
-185.50696823127055
 30
0.0
 11
1999.1
 21
-170.50696823127055
 31
0.0
  0
LINE
  5
23B
330
17
100
AcDbEntity
  8
IV_INTERIOR_PROFILES
100
AcDbLine
 10
1999.5
 20
-185.50696823127055
 30
0.0
 11
1999.1
 21
-185.50696823127055
 31
0.0
  0
LINE
  5
23C
330
17
100
AcDbEntity
  8
IV_INTERIOR_PROFILES
100
AcDbLine
 10
1999.5
 20
-170.50696823127055
 30
0.0
 11
1999.5
 21
-185.50696823127055
 31
0.0
  0
LINE
  5
23D
330
17
100
AcDbEntity
  8
IV_INTERIOR_PROFILES
100
AcDbLine
 10
2008.1
 20
-170.50696823127055
 30
0.0
 11
2008.5
 21
-170.50696823127055
 31
0.0
  0
LINE
  5
23E
330
17
100
AcDbEntity
  8
IV_INTERIOR_PROFILES
100
AcDbLine
 10
2008.1
 20
-185.50696823127055
 30
0.0
 11
2008.1
 21
-170.50696823127055
 31
0.0
  0
LINE
  5
23F
330
17
100
AcDbEntity
  8
IV_INTERIOR_PROFILES
100
AcDbLine
 10
2008.5
 20
-185.50696823127055
 30
0.0
 11
2008.1
 21
-185.50696823127055
 31
0.0
  0
LINE
  5
240
330
17
100
AcDbEntity
  8
IV_INTERIOR_PROFILES
100
AcDbLine
 10
2008.5
 20
-170.50696823127055
 30
0.0
 11
2008.5
 21
-185.50696823127055
 31
0.0
  0
LINE
  5
241
330
17
100
AcDbEntity
  8
IV_INTERIOR_PROFILES
100
AcDbLine
 10
2017.1
 20
-170.50696823127055
 30
0.0
 11
2017.5
 21
-170.50696823127055
 31
0.0
  0
LINE
  5
242
330
17
100
AcDbEntity
  8
IV_INTERIOR_PROFILES
100
AcDbLine
 10
2017.1
 20
-185.50696823127055
 30
0.0
 11
2017.1
 21
-170.50696823127055
 31
0.0
  0
LINE
  5
243
330
17
100
AcDbEntity
  8
IV_INTERIOR_PROFILES
100
AcDbLine
 10
2017.5
 20
-185.50696823127055
 30
0.0
 11
2017.1
 21
-185.50696823127055
 31
0.0
  0
LINE
  5
244
330
17
100
AcDbEntity
  8
IV_INTERIOR_PROFILES
100
AcDbLine
 10
2017.5
 20
-170.50696823127055
 30
0.0
 11
2017.5
 21
-185.50696823127055
 31
0.0
  0
LINE
  5
245
330
17
100
AcDbEntity
  8
IV_INTERIOR_PROFILES
100
AcDbLine
 10
2026.1
 20
-170.50696823127055
 30
0.0
 11
2026.4999999999998
 21
-170.50696823127055
 31
0.0
  0
LINE
  5
246
330
17
100
AcDbEntity
  8
IV_INTERIOR_PROFILES
100
AcDbLine
 10
2026.1
 20
-185.50696823127055
 30
0.0
 11
2026.1
 21
-170.50696823127055
 31
0.0
  0
LINE
  5
247
330
17
100
AcDbEntity
  8
IV_INTERIOR_PROFILES
100
AcDbLine
 10
2026.4999999999998
 20
-185.50696823127055
 30
0.0
 11
2026.1
 21
-185.50696823127055
 31
0.0
  0
LINE
  5
248
330
17
100
AcDbEntity
  8
IV_INTERIOR_PROFILES
100
AcDbLine
 10
2026.4999999999998
 20
-170.50696823127055
 30
0.0
 11
2026.4999999999998
 21
-185.50696823127055
 31
0.0
  0
LINE
  5
249
330
17
100
AcDbEntity
  8
IV_INTERIOR_PROFILES
100
AcDbLine
 10
2035.1
 20
-170.50696823127055
 30
0.0
 11
2035.5
 21
-170.50696823127055
 31
0.0
  0
LINE
  5
24A
330
17
100
AcDbEntity
  8
IV_INTERIOR_PROFILES
100
AcDbLine
 10
2035.1
 20
-185.50696823127055
 30
0.0
 11
2035.1
 21
-170.50696823127055
 31
0.0
  0
LINE
  5
24B
330
17
100
AcDbEntity
  8
IV_INTERIOR_PROFILES
100
AcDbLine
 10
2035.5
 20
-185.50696823127055
 30
0.0
 11
2035.1
 21
-185.50696823127055
 31
0.0
  0
LINE
  5
24C
330
17
100
AcDbEntity
  8
IV_INTERIOR_PROFILES
100
AcDbLine
 10
2035.5
 20
-170.50696823127055
 30
0.0
 11
2035.5
 21
-185.50696823127055
 31
0.0
  0
LINE
  5
24D
330
17
100
AcDbEntity
  8
IV_INTERIOR_PROFILES
100
AcDbLine
 10
2044.1
 20
-170.50696823127055
 30
0.0
 11
2044.5
 21
-170.50696823127055
 31
0.0
  0
LINE
  5
24E
330
17
100
AcDbEntity
  8
IV_INTERIOR_PROFILES
100
AcDbLine
 10
2044.1
 20
-185.50696823127055
 30
0.0
 11
2044.1
 21
-170.50696823127055
 31
0.0
  0
LINE
  5
24F
330
17
100
AcDbEntity
  8
IV_INTERIOR_PROFILES
100
AcDbLine
 10
2044.5
 20
-185.50696823127055
 30
0.0
 11
2044.1
 21
-185.50696823127055
 31
0.0
  0
LINE
  5
250
330
17
100
AcDbEntity
  8
IV_INTERIOR_PROFILES
100
AcDbLine
 10
2044.5
 20
-170.50696823127055
 30
0.0
 11
2044.5
 21
-185.50696823127055
 31
0.0
  0
LINE
  5
251
330
17
100
AcDbEntity
  8
IV_INTERIOR_PROFILES
100
AcDbLine
 10
2053.1
 20
-170.50696823127055
 30
0.0
 11
2053.5
 21
-170.50696823127055
 31
0.0
  0
LINE
  5
252
330
17
100
AcDbEntity
  8
IV_INTERIOR_PROFILES
100
AcDbLine
 10
2053.1
 20
-185.50696823127055
 30
0.0
 11
2053.1
 21
-170.50696823127055
 31
0.0
  0
LINE
  5
253
330
17
100
AcDbEntity
  8
IV_INTERIOR_PROFILES
100
AcDbLine
 10
2053.5
 20
-185.50696823127055
 30
0.0
 11
2053.1
 21
-185.50696823127055
 31
0.0
  0
LINE
  5
254
330
17
100
AcDbEntity
  8
IV_INTERIOR_PROFILES
100
AcDbLine
 10
2053.5
 20
-170.50696823127055
 30
0.0
 11
2053.5
 21
-185.50696823127055
 31
0.0
  0
LINE
  5
255
330
17
100
AcDbEntity
  8
IV_INTERIOR_PROFILES
100
AcDbLine
 10
2062.1
 20
-170.50696823127055
 30
0.0
 11
2062.5
 21
-170.50696823127055
 31
0.0
  0
LINE
  5
256
330
17
100
AcDbEntity
  8
IV_INTERIOR_PROFILES
100
AcDbLine
 10
2062.1
 20
-185.50696823127055
 30
0.0
 11
2062.1
 21
-170.50696823127055
 31
0.0
  0
LINE
  5
257
330
17
100
AcDbEntity
  8
IV_INTERIOR_PROFILES
100
AcDbLine
 10
2062.5
 20
-185.50696823127055
 30
0.0
 11
2062.1
 21
-185.50696823127055
 31
0.0
  0
LINE
  5
258
330
17
100
AcDbEntity
  8
IV_INTERIOR_PROFILES
100
AcDbLine
 10
2062.5
 20
-170.50696823127055
 30
0.0
 11
2062.5
 21
-185.50696823127055
 31
0.0
  0
LINE
  5
259
330
17
100
AcDbEntity
  8
IV_INTERIOR_PROFILES
100
AcDbLine
 10
2071.1
 20
-170.50696823127055
 30
0.0
 11
2071.5
 21
-170.50696823127055
 31
0.0
  0
LINE
  5
25A
330
17
100
AcDbEntity
  8
IV_INTERIOR_PROFILES
100
AcDbLine
 10
2071.1
 20
-185.50696823127055
 30
0.0
 11
2071.1
 21
-170.50696823127055
 31
0.0
  0
LINE
  5
25B
330
17
100
AcDbEntity
  8
IV_INTERIOR_PROFILES
100
AcDbLine
 10
2071.5
 20
-185.50696823127055
 30
0.0
 11
2071.1
 21
-185.50696823127055
 31
0.0
  0
LINE
  5
25C
330
17
100
AcDbEntity
  8
IV_INTERIOR_PROFILES
100
AcDbLine
 10
2071.5
 20
-170.50696823127055
 30
0.0
 11
2071.5
 21
-185.50696823127055
 31
0.0
  0
LINE
  5
25D
330
17
100
AcDbEntity
  8
IV_INTERIOR_PROFILES
100
AcDbLine
 10
2080.1
 20
-170.50696823127055
 30
0.0
 11
2080.5
 21
-170.50696823127055
 31
0.0
  0
LINE
  5
25E
330
17
100
AcDbEntity
  8
IV_INTERIOR_PROFILES
100
AcDbLine
 10
2080.1
 20
-185.50696823127055
 30
0.0
 11
2080.1
 21
-170.50696823127055
 31
0.0
  0
LINE
  5
25F
330
17
100
AcDbEntity
  8
IV_INTERIOR_PROFILES
100
AcDbLine
 10
2080.5
 20
-185.50696823127055
 30
0.0
 11
2080.1
 21
-185.50696823127055
 31
0.0
  0
LINE
  5
260
330
17
100
AcDbEntity
  8
IV_INTERIOR_PROFILES
100
AcDbLine
 10
2080.5
 20
-170.50696823127055
 30
0.0
 11
2080.5
 21
-185.50696823127055
 31
0.0
  0
LINE
  5
261
330
17
100
AcDbEntity
  8
IV_INTERIOR_PROFILES
100
AcDbLine
 10
2089.1
 20
-170.50696823127055
 30
0.0
 11
2089.5
 21
-170.50696823127055
 31
0.0
  0
LINE
  5
262
330
17
100
AcDbEntity
  8
IV_INTERIOR_PROFILES
100
AcDbLine
 10
2089.1
 20
-185.50696823127055
 30
0.0
 11
2089.1
 21
-170.50696823127055
 31
0.0
  0
LINE
  5
263
330
17
100
AcDbEntity
  8
IV_INTERIOR_PROFILES
100
AcDbLine
 10
2089.5
 20
-185.50696823127055
 30
0.0
 11
2089.1
 21
-185.50696823127055
 31
0.0
  0
LINE
  5
264
330
17
100
AcDbEntity
  8
IV_INTERIOR_PROFILES
100
AcDbLine
 10
2089.5
 20
-170.50696823127055
 30
0.0
 11
2089.5
 21
-185.50696823127055
 31
0.0
  0
LINE
  5
265
330
17
100
AcDbEntity
  8
IV_INTERIOR_PROFILES
100
AcDbLine
 10
2098.1
 20
-170.50696823127055
 30
0.0
 11
2098.5
 21
-170.50696823127055
 31
0.0
  0
LINE
  5
266
330
17
100
AcDbEntity
  8
IV_INTERIOR_PROFILES
100
AcDbLine
 10
2098.1
 20
-185.50696823127055
 30
0.0
 11
2098.1
 21
-170.50696823127055
 31
0.0
  0
LINE
  5
267
330
17
100
AcDbEntity
  8
IV_INTERIOR_PROFILES
100
AcDbLine
 10
2098.5
 20
-185.50696823127055
 30
0.0
 11
2098.1
 21
-185.50696823127055
 31
0.0
  0
LINE
  5
268
330
17
100
AcDbEntity
  8
IV_INTERIOR_PROFILES
100
AcDbLine
 10
2098.5
 20
-170.50696823127055
 30
0.0
 11
2098.5
 21
-185.50696823127055
 31
0.0
  0
LINE
  5
269
330
17
100
AcDbEntity
  8
IV_INTERIOR_PROFILES
100
AcDbLine
 10
2107.1
 20
-170.50696823127055
 30
0.0
 11
2107.5
 21
-170.50696823127055
 31
0.0
  0
LINE
  5
26A
330
17
100
AcDbEntity
  8
IV_INTERIOR_PROFILES
100
AcDbLine
 10
2107.1
 20
-185.50696823127055
 30
0.0
 11
2107.1
 21
-170.50696823127055
 31
0.0
  0
LINE
  5
26B
330
17
100
AcDbEntity
  8
IV_INTERIOR_PROFILES
100
AcDbLine
 10
2107.5
 20
-185.50696823127055
 30
0.0
 11
2107.1
 21
-185.50696823127055
 31
0.0
  0
LINE
  5
26C
330
17
100
AcDbEntity
  8
IV_INTERIOR_PROFILES
100
AcDbLine
 10
2107.5
 20
-170.50696823127055
 30
0.0
 11
2107.5
 21
-185.50696823127055
 31
0.0
  0
LINE
  5
26D
330
17
100
AcDbEntity
  8
IV_INTERIOR_PROFILES
100
AcDbLine
 10
2116.1
 20
-170.50696823127055
 30
0.0
 11
2116.5
 21
-170.50696823127055
 31
0.0
  0
LINE
  5
26E
330
17
100
AcDbEntity
  8
IV_INTERIOR_PROFILES
100
AcDbLine
 10
2116.1
 20
-185.50696823127055
 30
0.0
 11
2116.1
 21
-170.50696823127055
 31
0.0
  0
LINE
  5
26F
330
17
100
AcDbEntity
  8
IV_INTERIOR_PROFILES
100
AcDbLine
 10
2116.5
 20
-185.50696823127055
 30
0.0
 11
2116.1
 21
-185.50696823127055
 31
0.0
  0
LINE
  5
270
330
17
100
AcDbEntity
  8
IV_INTERIOR_PROFILES
100
AcDbLine
 10
2116.5
 20
-170.50696823127055
 30
0.0
 11
2116.5
 21
-185.50696823127055
 31
0.0
  0
LINE
  5
271
330
17
100
AcDbEntity
  8
IV_INTERIOR_PROFILES
100
AcDbLine
 10
2125.1
 20
-170.50696823127055
 30
0.0
 11
2125.5
 21
-170.50696823127055
 31
0.0
  0
LINE
  5
272
330
17
100
AcDbEntity
  8
IV_INTERIOR_PROFILES
100
AcDbLine
 10
2125.1
 20
-185.50696823127055
 30
0.0
 11
2125.1
 21
-170.50696823127055
 31
0.0
  0
LINE
  5
273
330
17
100
AcDbEntity
  8
IV_INTERIOR_PROFILES
100
AcDbLine
 10
2125.5
 20
-185.50696823127055
 30
0.0
 11
2125.1
 21
-185.50696823127055
 31
0.0
  0
LINE
  5
274
330
17
100
AcDbEntity
  8
IV_INTERIOR_PROFILES
100
AcDbLine
 10
2125.5
 20
-170.50696823127055
 30
0.0
 11
2125.5
 21
-185.50696823127055
 31
0.0
  0
LINE
  5
275
330
17
100
AcDbEntity
  8
IV_INTERIOR_PROFILES
100
AcDbLine
 10
2134.1
 20
-170.50696823127055
 30
0.0
 11
2134.5
 21
-170.50696823127055
 31
0.0
  0
LINE
  5
276
330
17
100
AcDbEntity
  8
IV_INTERIOR_PROFILES
100
AcDbLine
 10
2134.1
 20
-185.50696823127055
 30
0.0
 11
2134.1
 21
-170.50696823127055
 31
0.0
  0
LINE
  5
277
330
17
100
AcDbEntity
  8
IV_INTERIOR_PROFILES
100
AcDbLine
 10
2134.5
 20
-185.50696823127055
 30
0.0
 11
2134.1
 21
-185.50696823127055
 31
0.0
  0
LINE
  5
278
330
17
100
AcDbEntity
  8
IV_INTERIOR_PROFILES
100
AcDbLine
 10
2134.5
 20
-170.50696823127055
 30
0.0
 11
2134.5
 21
-185.50696823127055
 31
0.0
  0
LINE
  5
279
330
17
100
AcDbEntity
  8
IV_INTERIOR_PROFILES
100
AcDbLine
 10
1054.1
 20
-170.50696823127055
 30
0.0
 11
1054.4999999999998
 21
-170.50696823127055
 31
0.0
  0
LINE
  5
27A
330
17
100
AcDbEntity
  8
IV_INTERIOR_PROFILES
100
AcDbLine
 10
1054.1
 20
-185.50696823127055
 30
0.0
 11
1054.1
 21
-170.50696823127055
 31
0.0
  0
LINE
  5
27B
330
17
100
AcDbEntity
  8
IV_INTERIOR_PROFILES
100
AcDbLine
 10
1054.4999999999998
 20
-185.50696823127055
 30
0.0
 11
1054.1
 21
-185.50696823127055
 31
0.0
  0
LINE
  5
27C
330
17
100
AcDbEntity
  8
IV_INTERIOR_PROFILES
100
AcDbLine
 10
1054.4999999999998
 20
-170.50696823127055
 30
0.0
 11
1054.4999999999998
 21
-185.50696823127055
 31
0.0
  0
LINE
  5
27D
330
17
100
AcDbEntity
  8
IV_INTERIOR_PROFILES
100
AcDbLine
 10
2143.1
 20
-170.50696823127055
 30
0.0
 11
2143.5
 21
-170.50696823127055
 31
0.0
  0
LINE
  5
27E
330
17
100
AcDbEntity
  8
IV_INTERIOR_PROFILES
100
AcDbLine
 10
2143.1
 20
-185.50696823127055
 30
0.0
 11
2143.1
 21
-170.50696823127055
 31
0.0
  0
LINE
  5
27F
330
17
100
AcDbEntity
  8
IV_INTERIOR_PROFILES
100
AcDbLine
 10
2143.5
 20
-185.50696823127055
 30
0.0
 11
2143.1
 21
-185.50696823127055
 31
0.0
  0
LINE
  5
280
330
17
100
AcDbEntity
  8
IV_INTERIOR_PROFILES
100
AcDbLine
 10
2143.5
 20
-170.50696823127055
 30
0.0
 11
2143.5
 21
-185.50696823127055
 31
0.0
  0
LINE
  5
281
330
17
100
AcDbEntity
  8
IV_INTERIOR_PROFILES
100
AcDbLine
 10
1063.1
 20
-144.0823799562322
 30
0.0
 11
1063.5
 21
-144.0823799562322
 31
0.0
  0
LINE
  5
282
330
17
100
AcDbEntity
  8
IV_INTERIOR_PROFILES
100
AcDbLine
 10
1063.1
 20
-159.0823799562322
 30
0.0
 11
1063.1
 21
-144.0823799562322
 31
0.0
  0
LINE
  5
283
330
17
100
AcDbEntity
  8
IV_INTERIOR_PROFILES
100
AcDbLine
 10
1063.5
 20
-159.0823799562322
 30
0.0
 11
1063.1
 21
-159.0823799562322
 31
0.0
  0
LINE
  5
284
330
17
100
AcDbEntity
  8
IV_INTERIOR_PROFILES
100
AcDbLine
 10
1063.5
 20
-144.0823799562322
 30
0.0
 11
1063.5
 21
-159.0823799562322
 31
0.0
  0
LINE
  5
285
330
17
100
AcDbEntity
  8
IV_INTERIOR_PROFILES
100
AcDbLine
 10
1072.1
 20
-144.0823799562322
 30
0.0
 11
1072.4999999999998
 21
-144.0823799562322
 31
0.0
  0
LINE
  5
286
330
17
100
AcDbEntity
  8
IV_INTERIOR_PROFILES
100
AcDbLine
 10
1072.1
 20
-159.0823799562322
 30
0.0
 11
1072.1
 21
-144.0823799562322
 31
0.0
  0
LINE
  5
287
330
17
100
AcDbEntity
  8
IV_INTERIOR_PROFILES
100
AcDbLine
 10
1072.4999999999998
 20
-159.0823799562322
 30
0.0
 11
1072.1
 21
-159.0823799562322
 31
0.0
  0
LINE
  5
288
330
17
100
AcDbEntity
  8
IV_INTERIOR_PROFILES
100
AcDbLine
 10
1072.4999999999998
 20
-144.0823799562322
 30
0.0
 11
1072.4999999999998
 21
-159.0823799562322
 31
0.0
  0
LINE
  5
289
330
17
100
AcDbEntity
  8
IV_INTERIOR_PROFILES
100
AcDbLine
 10
1081.1
 20
-144.0823799562322
 30
0.0
 11
1081.5
 21
-144.0823799562322
 31
0.0
  0
LINE
  5
28A
330
17
100
AcDbEntity
  8
IV_INTERIOR_PROFILES
100
AcDbLine
 10
1081.1
 20
-159.0823799562322
 30
0.0
 11
1081.1
 21
-144.0823799562322
 31
0.0
  0
LINE
  5
28B
330
17
100
AcDbEntity
  8
IV_INTERIOR_PROFILES
100
AcDbLine
 10
1081.5
 20
-159.0823799562322
 30
0.0
 11
1081.1
 21
-159.0823799562322
 31
0.0
  0
LINE
  5
28C
330
17
100
AcDbEntity
  8
IV_INTERIOR_PROFILES
100
AcDbLine
 10
1081.5
 20
-144.0823799562322
 30
0.0
 11
1081.5
 21
-159.0823799562322
 31
0.0
  0
LINE
  5
28D
330
17
100
AcDbEntity
  8
IV_INTERIOR_PROFILES
100
AcDbLine
 10
1090.1000000000001
 20
-144.0823799562322
 30
0.0
 11
1090.5
 21
-144.0823799562322
 31
0.0
  0
LINE
  5
28E
330
17
100
AcDbEntity
  8
IV_INTERIOR_PROFILES
100
AcDbLine
 10
1090.1000000000001
 20
-159.0823799562322
 30
0.0
 11
1090.1000000000001
 21
-144.0823799562322
 31
0.0
  0
LINE
  5
28F
330
17
100
AcDbEntity
  8
IV_INTERIOR_PROFILES
100
AcDbLine
 10
1090.5
 20
-159.0823799562322
 30
0.0
 11
1090.1000000000001
 21
-159.0823799562322
 31
0.0
  0
LINE
  5
290
330
17
100
AcDbEntity
  8
IV_INTERIOR_PROFILES
100
AcDbLine
 10
1090.5
 20
-144.0823799562322
 30
0.0
 11
1090.5
 21
-159.0823799562322
 31
0.0
  0
LINE
  5
291
330
17
100
AcDbEntity
  8
IV_INTERIOR_PROFILES
100
AcDbLine
 10
1099.1
 20
-144.0823799562322
 30
0.0
 11
1099.4999999999998
 21
-144.0823799562322
 31
0.0
  0
LINE
  5
292
330
17
100
AcDbEntity
  8
IV_INTERIOR_PROFILES
100
AcDbLine
 10
1099.1
 20
-159.0823799562322
 30
0.0
 11
1099.1
 21
-144.0823799562322
 31
0.0
  0
LINE
  5
293
330
17
100
AcDbEntity
  8
IV_INTERIOR_PROFILES
100
AcDbLine
 10
1099.4999999999998
 20
-159.0823799562322
 30
0.0
 11
1099.1
 21
-159.0823799562322
 31
0.0
  0
LINE
  5
294
330
17
100
AcDbEntity
  8
IV_INTERIOR_PROFILES
100
AcDbLine
 10
1099.4999999999998
 20
-144.0823799562322
 30
0.0
 11
1099.4999999999998
 21
-159.0823799562322
 31
0.0
  0
LINE
  5
295
330
17
100
AcDbEntity
  8
IV_INTERIOR_PROFILES
100
AcDbLine
 10
1108.1
 20
-144.0823799562322
 30
0.0
 11
1108.5
 21
-144.0823799562322
 31
0.0
  0
LINE
  5
296
330
17
100
AcDbEntity
  8
IV_INTERIOR_PROFILES
100
AcDbLine
 10
1108.1
 20
-159.0823799562322
 30
0.0
 11
1108.1
 21
-144.0823799562322
 31
0.0
  0
LINE
  5
297
330
17
100
AcDbEntity
  8
IV_INTERIOR_PROFILES
100
AcDbLine
 10
1108.5
 20
-159.0823799562322
 30
0.0
 11
1108.1
 21
-159.0823799562322
 31
0.0
  0
LINE
  5
298
330
17
100
AcDbEntity
  8
IV_INTERIOR_PROFILES
100
AcDbLine
 10
1108.5
 20
-144.0823799562322
 30
0.0
 11
1108.5
 21
-159.0823799562322
 31
0.0
  0
LINE
  5
299
330
17
100
AcDbEntity
  8
IV_INTERIOR_PROFILES
100
AcDbLine
 10
1117.1
 20
-144.0823799562322
 30
0.0
 11
1117.4999999999998
 21
-144.0823799562322
 31
0.0
  0
LINE
  5
29A
330
17
100
AcDbEntity
  8
IV_INTERIOR_PROFILES
100
AcDbLine
 10
1117.1
 20
-159.0823799562322
 30
0.0
 11
1117.1
 21
-144.0823799562322
 31
0.0
  0
LINE
  5
29B
330
17
100
AcDbEntity
  8
IV_INTERIOR_PROFILES
100
AcDbLine
 10
1117.4999999999998
 20
-159.0823799562322
 30
0.0
 11
1117.1
 21
-159.0823799562322
 31
0.0
  0
LINE
  5
29C
330
17
100
AcDbEntity
  8
IV_INTERIOR_PROFILES
100
AcDbLine
 10
1117.4999999999998
 20
-144.0823799562322
 30
0.0
 11
1117.4999999999998
 21
-159.0823799562322
 31
0.0
  0
LINE
  5
29D
330
17
100
AcDbEntity
  8
IV_INTERIOR_PROFILES
100
AcDbLine
 10
1126.1
 20
-144.0823799562322
 30
0.0
 11
1126.5
 21
-144.0823799562322
 31
0.0
  0
LINE
  5
29E
330
17
100
AcDbEntity
  8
IV_INTERIOR_PROFILES
100
AcDbLine
 10
1126.1
 20
-159.0823799562322
 30
0.0
 11
1126.1
 21
-144.0823799562322
 31
0.0
  0
LINE
  5
29F
330
17
100
AcDbEntity
  8
IV_INTERIOR_PROFILES
100
AcDbLine
 10
1126.5
 20
-159.0823799562322
 30
0.0
 11
1126.1
 21
-159.0823799562322
 31
0.0
  0
LINE
  5
2A0
330
17
100
AcDbEntity
  8
IV_INTERIOR_PROFILES
100
AcDbLine
 10
1126.5
 20
-144.0823799562322
 30
0.0
 11
1126.5
 21
-159.0823799562322
 31
0.0
  0
LINE
  5
2A1
330
17
100
AcDbEntity
  8
IV_INTERIOR_PROFILES
100
AcDbLine
 10
1135.1000000000001
 20
-144.0823799562322
 30
0.0
 11
1135.5
 21
-144.0823799562322
 31
0.0
  0
LINE
  5
2A2
330
17
100
AcDbEntity
  8
IV_INTERIOR_PROFILES
100
AcDbLine
 10
1135.1000000000001
 20
-159.0823799562322
 30
0.0
 11
1135.1000000000001
 21
-144.0823799562322
 31
0.0
  0
LINE
  5
2A3
330
17
100
AcDbEntity
  8
IV_INTERIOR_PROFILES
100
AcDbLine
 10
1135.5
 20
-159.0823799562322
 30
0.0
 11
1135.1000000000001
 21
-159.0823799562322
 31
0.0
  0
LINE
  5
2A4
330
17
100
AcDbEntity
  8
IV_INTERIOR_PROFILES
100
AcDbLine
 10
1135.5
 20
-144.0823799562322
 30
0.0
 11
1135.5
 21
-159.0823799562322
 31
0.0
  0
LINE
  5
2A5
330
17
100
AcDbEntity
  8
IV_INTERIOR_PROFILES
100
AcDbLine
 10
1144.1
 20
-144.0823799562322
 30
0.0
 11
1144.5
 21
-144.0823799562322
 31
0.0
  0
LINE
  5
2A6
330
17
100
AcDbEntity
  8
IV_INTERIOR_PROFILES
100
AcDbLine
 10
1144.1
 20
-159.0823799562322
 30
0.0
 11
1144.1
 21
-144.0823799562322
 31
0.0
  0
LINE
  5
2A7
330
17
100
AcDbEntity
  8
IV_INTERIOR_PROFILES
100
AcDbLine
 10
1144.5
 20
-159.0823799562322
 30
0.0
 11
1144.1
 21
-159.0823799562322
 31
0.0
  0
LINE
  5
2A8
330
17
100
AcDbEntity
  8
IV_INTERIOR_PROFILES
100
AcDbLine
 10
1144.5
 20
-144.0823799562322
 30
0.0
 11
1144.5
 21
-159.0823799562322
 31
0.0
  0
LINE
  5
2A9
330
17
100
AcDbEntity
  8
IV_INTERIOR_PROFILES
100
AcDbLine
 10
1153.1
 20
-144.0823799562322
 30
0.0
 11
1153.5
 21
-144.0823799562322
 31
0.0
  0
LINE
  5
2AA
330
17
100
AcDbEntity
  8
IV_INTERIOR_PROFILES
100
AcDbLine
 10
1153.1
 20
-159.0823799562322
 30
0.0
 11
1153.1
 21
-144.0823799562322
 31
0.0
  0
LINE
  5
2AB
330
17
100
AcDbEntity
  8
IV_INTERIOR_PROFILES
100
AcDbLine
 10
1153.5
 20
-159.0823799562322
 30
0.0
 11
1153.1
 21
-159.0823799562322
 31
0.0
  0
LINE
  5
2AC
330
17
100
AcDbEntity
  8
IV_INTERIOR_PROFILES
100
AcDbLine
 10
1153.5
 20
-144.0823799562322
 30
0.0
 11
1153.5
 21
-159.0823799562322
 31
0.0
  0
LINE
  5
2AD
330
17
100
AcDbEntity
  8
IV_INTERIOR_PROFILES
100
AcDbLine
 10
1162.1
 20
-144.0823799562322
 30
0.0
 11
1162.4999999999998
 21
-144.0823799562322
 31
0.0
  0
LINE
  5
2AE
330
17
100
AcDbEntity
  8
IV_INTERIOR_PROFILES
100
AcDbLine
 10
1162.1
 20
-159.0823799562322
 30
0.0
 11
1162.1
 21
-144.0823799562322
 31
0.0
  0
LINE
  5
2AF
330
17
100
AcDbEntity
  8
IV_INTERIOR_PROFILES
100
AcDbLine
 10
1162.4999999999998
 20
-159.0823799562322
 30
0.0
 11
1162.1
 21
-159.0823799562322
 31
0.0
  0
LINE
  5
2B0
330
17
100
AcDbEntity
  8
IV_INTERIOR_PROFILES
100
AcDbLine
 10
1162.4999999999998
 20
-144.0823799562322
 30
0.0
 11
1162.4999999999998
 21
-159.0823799562322
 31
0.0
  0
LINE
  5
2B1
330
17
100
AcDbEntity
  8
IV_INTERIOR_PROFILES
100
AcDbLine
 10
1171.1
 20
-144.0823799562322
 30
0.0
 11
1171.5
 21
-144.0823799562322
 31
0.0
  0
LINE
  5
2B2
330
17
100
AcDbEntity
  8
IV_INTERIOR_PROFILES
100
AcDbLine
 10
1171.1
 20
-159.0823799562322
 30
0.0
 11
1171.1
 21
-144.0823799562322
 31
0.0
  0
LINE
  5
2B3
330
17
100
AcDbEntity
  8
IV_INTERIOR_PROFILES
100
AcDbLine
 10
1171.5
 20
-159.0823799562322
 30
0.0
 11
1171.1
 21
-159.0823799562322
 31
0.0
  0
LINE
  5
2B4
330
17
100
AcDbEntity
  8
IV_INTERIOR_PROFILES
100
AcDbLine
 10
1171.5
 20
-144.0823799562322
 30
0.0
 11
1171.5
 21
-159.0823799562322
 31
0.0
  0
LINE
  5
2B5
330
17
100
AcDbEntity
  8
IV_INTERIOR_PROFILES
100
AcDbLine
 10
1180.1
 20
-144.0823799562322
 30
0.0
 11
1180.5
 21
-144.0823799562322
 31
0.0
  0
LINE
  5
2B6
330
17
100
AcDbEntity
  8
IV_INTERIOR_PROFILES
100
AcDbLine
 10
1180.1
 20
-159.0823799562322
 30
0.0
 11
1180.1
 21
-144.0823799562322
 31
0.0
  0
LINE
  5
2B7
330
17
100
AcDbEntity
  8
IV_INTERIOR_PROFILES
100
AcDbLine
 10
1180.5
 20
-159.0823799562322
 30
0.0
 11
1180.1
 21
-159.0823799562322
 31
0.0
  0
LINE
  5
2B8
330
17
100
AcDbEntity
  8
IV_INTERIOR_PROFILES
100
AcDbLine
 10
1180.5
 20
-144.0823799562322
 30
0.0
 11
1180.5
 21
-159.0823799562322
 31
0.0
  0
LINE
  5
2B9
330
17
100
AcDbEntity
  8
IV_INTERIOR_PROFILES
100
AcDbLine
 10
1189.1
 20
-144.0823799562322
 30
0.0
 11
1189.5
 21
-144.0823799562322
 31
0.0
  0
LINE
  5
2BA
330
17
100
AcDbEntity
  8
IV_INTERIOR_PROFILES
100
AcDbLine
 10
1189.1
 20
-159.0823799562322
 30
0.0
 11
1189.1
 21
-144.0823799562322
 31
0.0
  0
LINE
  5
2BB
330
17
100
AcDbEntity
  8
IV_INTERIOR_PROFILES
100
AcDbLine
 10
1189.5
 20
-159.0823799562322
 30
0.0
 11
1189.1
 21
-159.0823799562322
 31
0.0
  0
LINE
  5
2BC
330
17
100
AcDbEntity
  8
IV_INTERIOR_PROFILES
100
AcDbLine
 10
1189.5
 20
-144.0823799562322
 30
0.0
 11
1189.5
 21
-159.0823799562322
 31
0.0
  0
LINE
  5
2BD
330
17
100
AcDbEntity
  8
IV_INTERIOR_PROFILES
100
AcDbLine
 10
1198.1
 20
-144.0823799562322
 30
0.0
 11
1198.5
 21
-144.0823799562322
 31
0.0
  0
LINE
  5
2BE
330
17
100
AcDbEntity
  8
IV_INTERIOR_PROFILES
100
AcDbLine
 10
1198.1
 20
-159.0823799562322
 30
0.0
 11
1198.1
 21
-144.0823799562322
 31
0.0
  0
LINE
  5
2BF
330
17
100
AcDbEntity
  8
IV_INTERIOR_PROFILES
100
AcDbLine
 10
1198.5
 20
-159.0823799562322
 30
0.0
 11
1198.1
 21
-159.0823799562322
 31
0.0
  0
LINE
  5
2C0
330
17
100
AcDbEntity
  8
IV_INTERIOR_PROFILES
100
AcDbLine
 10
1198.5
 20
-144.0823799562322
 30
0.0
 11
1198.5
 21
-159.0823799562322
 31
0.0
  0
LINE
  5
2C1
330
17
100
AcDbEntity
  8
IV_INTERIOR_PROFILES
100
AcDbLine
 10
1207.1
 20
-144.0823799562322
 30
0.0
 11
1207.4999999999998
 21
-144.0823799562322
 31
0.0
  0
LINE
  5
2C2
330
17
100
AcDbEntity
  8
IV_INTERIOR_PROFILES
100
AcDbLine
 10
1207.1
 20
-159.0823799562322
 30
0.0
 11
1207.1
 21
-144.0823799562322
 31
0.0
  0
LINE
  5
2C3
330
17
100
AcDbEntity
  8
IV_INTERIOR_PROFILES
100
AcDbLine
 10
1207.4999999999998
 20
-159.0823799562322
 30
0.0
 11
1207.1
 21
-159.0823799562322
 31
0.0
  0
LINE
  5
2C4
330
17
100
AcDbEntity
  8
IV_INTERIOR_PROFILES
100
AcDbLine
 10
1207.4999999999998
 20
-144.0823799562322
 30
0.0
 11
1207.4999999999998
 21
-159.0823799562322
 31
0.0
  0
LINE
  5
2C5
330
17
100
AcDbEntity
  8
IV_INTERIOR_PROFILES
100
AcDbLine
 10
1216.1
 20
-144.0823799562322
 30
0.0
 11
1216.5
 21
-144.0823799562322
 31
0.0
  0
LINE
  5
2C6
330
17
100
AcDbEntity
  8
IV_INTERIOR_PROFILES
100
AcDbLine
 10
1216.1
 20
-159.0823799562322
 30
0.0
 11
1216.1
 21
-144.0823799562322
 31
0.0
  0
LINE
  5
2C7
330
17
100
AcDbEntity
  8
IV_INTERIOR_PROFILES
100
AcDbLine
 10
1216.5
 20
-159.0823799562322
 30
0.0
 11
1216.1
 21
-159.0823799562322
 31
0.0
  0
LINE
  5
2C8
330
17
100
AcDbEntity
  8
IV_INTERIOR_PROFILES
100
AcDbLine
 10
1216.5
 20
-144.0823799562322
 30
0.0
 11
1216.5
 21
-159.0823799562322
 31
0.0
  0
LINE
  5
2C9
330
17
100
AcDbEntity
  8
IV_INTERIOR_PROFILES
100
AcDbLine
 10
1225.1
 20
-144.0823799562322
 30
0.0
 11
1225.5
 21
-144.0823799562322
 31
0.0
  0
LINE
  5
2CA
330
17
100
AcDbEntity
  8
IV_INTERIOR_PROFILES
100
AcDbLine
 10
1225.1
 20
-159.0823799562322
 30
0.0
 11
1225.1
 21
-144.0823799562322
 31
0.0
  0
LINE
  5
2CB
330
17
100
AcDbEntity
  8
IV_INTERIOR_PROFILES
100
AcDbLine
 10
1225.5
 20
-159.0823799562322
 30
0.0
 11
1225.1
 21
-159.0823799562322
 31
0.0
  0
LINE
  5
2CC
330
17
100
AcDbEntity
  8
IV_INTERIOR_PROFILES
100
AcDbLine
 10
1225.5
 20
-144.0823799562322
 30
0.0
 11
1225.5
 21
-159.0823799562322
 31
0.0
  0
LINE
  5
2CD
330
17
100
AcDbEntity
  8
IV_INTERIOR_PROFILES
100
AcDbLine
 10
1234.1
 20
-144.0823799562322
 30
0.0
 11
1234.5
 21
-144.0823799562322
 31
0.0
  0
LINE
  5
2CE
330
17
100
AcDbEntity
  8
IV_INTERIOR_PROFILES
100
AcDbLine
 10
1234.1
 20
-159.0823799562322
 30
0.0
 11
1234.1
 21
-144.0823799562322
 31
0.0
  0
LINE
  5
2CF
330
17
100
AcDbEntity
  8
IV_INTERIOR_PROFILES
100
AcDbLine
 10
1234.5
 20
-159.0823799562322
 30
0.0
 11
1234.1
 21
-159.0823799562322
 31
0.0
  0
LINE
  5
2D0
330
17
100
AcDbEntity
  8
IV_INTERIOR_PROFILES
100
AcDbLine
 10
1234.5
 20
-144.0823799562322
 30
0.0
 11
1234.5
 21
-159.0823799562322
 31
0.0
  0
LINE
  5
2D1
330
17
100
AcDbEntity
  8
IV_INTERIOR_PROFILES
100
AcDbLine
 10
1243.1
 20
-144.0823799562322
 30
0.0
 11
1243.5
 21
-144.0823799562322
 31
0.0
  0
LINE
  5
2D2
330
17
100
AcDbEntity
  8
IV_INTERIOR_PROFILES
100
AcDbLine
 10
1243.1
 20
-159.0823799562322
 30
0.0
 11
1243.1
 21
-144.0823799562322
 31
0.0
  0
LINE
  5
2D3
330
17
100
AcDbEntity
  8
IV_INTERIOR_PROFILES
100
AcDbLine
 10
1243.5
 20
-159.0823799562322
 30
0.0
 11
1243.1
 21
-159.0823799562322
 31
0.0
  0
LINE
  5
2D4
330
17
100
AcDbEntity
  8
IV_INTERIOR_PROFILES
100
AcDbLine
 10
1243.5
 20
-144.0823799562322
 30
0.0
 11
1243.5
 21
-159.0823799562322
 31
0.0
  0
LINE
  5
2D5
330
17
100
AcDbEntity
  8
IV_INTERIOR_PROFILES
100
AcDbLine
 10
1252.1
 20
-144.0823799562322
 30
0.0
 11
1252.5
 21
-144.0823799562322
 31
0.0
  0
LINE
  5
2D6
330
17
100
AcDbEntity
  8
IV_INTERIOR_PROFILES
100
AcDbLine
 10
1252.1
 20
-159.0823799562322
 30
0.0
 11
1252.1
 21
-144.0823799562322
 31
0.0
  0
LINE
  5
2D7
330
17
100
AcDbEntity
  8
IV_INTERIOR_PROFILES
100
AcDbLine
 10
1252.5
 20
-159.0823799562322
 30
0.0
 11
1252.1
 21
-159.0823799562322
 31
0.0
  0
LINE
  5
2D8
330
17
100
AcDbEntity
  8
IV_INTERIOR_PROFILES
100
AcDbLine
 10
1252.5
 20
-144.0823799562322
 30
0.0
 11
1252.5
 21
-159.0823799562322
 31
0.0
  0
LINE
  5
2D9
330
17
100
AcDbEntity
  8
IV_INTERIOR_PROFILES
100
AcDbLine
 10
1261.1
 20
-144.0823799562322
 30
0.0
 11
1261.5
 21
-144.0823799562322
 31
0.0
  0
LINE
  5
2DA
330
17
100
AcDbEntity
  8
IV_INTERIOR_PROFILES
100
AcDbLine
 10
1261.1
 20
-159.0823799562322
 30
0.0
 11
1261.1
 21
-144.0823799562322
 31
0.0
  0
LINE
  5
2DB
330
17
100
AcDbEntity
  8
IV_INTERIOR_PROFILES
100
AcDbLine
 10
1261.5
 20
-159.0823799562322
 30
0.0
 11
1261.1
 21
-159.0823799562322
 31
0.0
  0
LINE
  5
2DC
330
17
100
AcDbEntity
  8
IV_INTERIOR_PROFILES
100
AcDbLine
 10
1261.5
 20
-144.0823799562322
 30
0.0
 11
1261.5
 21
-159.0823799562322
 31
0.0
  0
LINE
  5
2DD
330
17
100
AcDbEntity
  8
IV_INTERIOR_PROFILES
100
AcDbLine
 10
1270.1000000000001
 20
-144.0823799562322
 30
0.0
 11
1270.5
 21
-144.0823799562322
 31
0.0
  0
LINE
  5
2DE
330
17
100
AcDbEntity
  8
IV_INTERIOR_PROFILES
100
AcDbLine
 10
1270.1000000000001
 20
-159.0823799562322
 30
0.0
 11
1270.1000000000001
 21
-144.0823799562322
 31
0.0
  0
LINE
  5
2DF
330
17
100
AcDbEntity
  8
IV_INTERIOR_PROFILES
100
AcDbLine
 10
1270.5
 20
-159.0823799562322
 30
0.0
 11
1270.1000000000001
 21
-159.0823799562322
 31
0.0
  0
LINE
  5
2E0
330
17
100
AcDbEntity
  8
IV_INTERIOR_PROFILES
100
AcDbLine
 10
1270.5
 20
-144.0823799562322
 30
0.0
 11
1270.5
 21
-159.0823799562322
 31
0.0
  0
LINE
  5
2E1
330
17
100
AcDbEntity
  8
IV_INTERIOR_PROFILES
100
AcDbLine
 10
1279.1
 20
-144.0823799562322
 30
0.0
 11
1279.5
 21
-144.0823799562322
 31
0.0
  0
LINE
  5
2E2
330
17
100
AcDbEntity
  8
IV_INTERIOR_PROFILES
100
AcDbLine
 10
1279.1
 20
-159.0823799562322
 30
0.0
 11
1279.1
 21
-144.0823799562322
 31
0.0
  0
LINE
  5
2E3
330
17
100
AcDbEntity
  8
IV_INTERIOR_PROFILES
100
AcDbLine
 10
1279.5
 20
-159.0823799562322
 30
0.0
 11
1279.1
 21
-159.0823799562322
 31
0.0
  0
LINE
  5
2E4
330
17
100
AcDbEntity
  8
IV_INTERIOR_PROFILES
100
AcDbLine
 10
1279.5
 20
-144.0823799562322
 30
0.0
 11
1279.5
 21
-159.0823799562322
 31
0.0
  0
LINE
  5
2E5
330
17
100
AcDbEntity
  8
IV_INTERIOR_PROFILES
100
AcDbLine
 10
1288.1
 20
-144.0823799562322
 30
0.0
 11
1288.5
 21
-144.0823799562322
 31
0.0
  0
LINE
  5
2E6
330
17
100
AcDbEntity
  8
IV_INTERIOR_PROFILES
100
AcDbLine
 10
1288.1
 20
-159.0823799562322
 30
0.0
 11
1288.1
 21
-144.0823799562322
 31
0.0
  0
LINE
  5
2E7
330
17
100
AcDbEntity
  8
IV_INTERIOR_PROFILES
100
AcDbLine
 10
1288.5
 20
-159.0823799562322
 30
0.0
 11
1288.1
 21
-159.0823799562322
 31
0.0
  0
LINE
  5
2E8
330
17
100
AcDbEntity
  8
IV_INTERIOR_PROFILES
100
AcDbLine
 10
1288.5
 20
-144.0823799562322
 30
0.0
 11
1288.5
 21
-159.0823799562322
 31
0.0
  0
LINE
  5
2E9
330
17
100
AcDbEntity
  8
IV_INTERIOR_PROFILES
100
AcDbLine
 10
1297.1
 20
-144.0823799562322
 30
0.0
 11
1297.5
 21
-144.0823799562322
 31
0.0
  0
LINE
  5
2EA
330
17
100
AcDbEntity
  8
IV_INTERIOR_PROFILES
100
AcDbLine
 10
1297.1
 20
-159.0823799562322
 30
0.0
 11
1297.1
 21
-144.0823799562322
 31
0.0
  0
LINE
  5
2EB
330
17
100
AcDbEntity
  8
IV_INTERIOR_PROFILES
100
AcDbLine
 10
1297.5
 20
-159.0823799562322
 30
0.0
 11
1297.1
 21
-159.0823799562322
 31
0.0
  0
LINE
  5
2EC
330
17
100
AcDbEntity
  8
IV_INTERIOR_PROFILES
100
AcDbLine
 10
1297.5
 20
-144.0823799562322
 30
0.0
 11
1297.5
 21
-159.0823799562322
 31
0.0
  0
LINE
  5
2ED
330
17
100
AcDbEntity
  8
IV_INTERIOR_PROFILES
100
AcDbLine
 10
1306.1
 20
-144.0823799562322
 30
0.0
 11
1306.5
 21
-144.0823799562322
 31
0.0
  0
LINE
  5
2EE
330
17
100
AcDbEntity
  8
IV_INTERIOR_PROFILES
100
AcDbLine
 10
1306.1
 20
-159.0823799562322
 30
0.0
 11
1306.1
 21
-144.0823799562322
 31
0.0
  0
LINE
  5
2EF
330
17
100
AcDbEntity
  8
IV_INTERIOR_PROFILES
100
AcDbLine
 10
1306.5
 20
-159.0823799562322
 30
0.0
 11
1306.1
 21
-159.0823799562322
 31
0.0
  0
LINE
  5
2F0
330
17
100
AcDbEntity
  8
IV_INTERIOR_PROFILES
100
AcDbLine
 10
1306.5
 20
-144.0823799562322
 30
0.0
 11
1306.5
 21
-159.0823799562322
 31
0.0
  0
LINE
  5
2F1
330
17
100
AcDbEntity
  8
IV_INTERIOR_PROFILES
100
AcDbLine
 10
1315.1
 20
-144.0823799562322
 30
0.0
 11
1315.5
 21
-144.0823799562322
 31
0.0
  0
LINE
  5
2F2
330
17
100
AcDbEntity
  8
IV_INTERIOR_PROFILES
100
AcDbLine
 10
1315.1
 20
-159.0823799562322
 30
0.0
 11
1315.1
 21
-144.0823799562322
 31
0.0
  0
LINE
  5
2F3
330
17
100
AcDbEntity
  8
IV_INTERIOR_PROFILES
100
AcDbLine
 10
1315.5
 20
-159.0823799562322
 30
0.0
 11
1315.1
 21
-159.0823799562322
 31
0.0
  0
LINE
  5
2F4
330
17
100
AcDbEntity
  8
IV_INTERIOR_PROFILES
100
AcDbLine
 10
1315.5
 20
-144.0823799562322
 30
0.0
 11
1315.5
 21
-159.0823799562322
 31
0.0
  0
LINE
  5
2F5
330
17
100
AcDbEntity
  8
IV_INTERIOR_PROFILES
100
AcDbLine
 10
1324.1
 20
-144.0823799562322
 30
0.0
 11
1324.5
 21
-144.0823799562322
 31
0.0
  0
LINE
  5
2F6
330
17
100
AcDbEntity
  8
IV_INTERIOR_PROFILES
100
AcDbLine
 10
1324.1
 20
-159.0823799562322
 30
0.0
 11
1324.1
 21
-144.0823799562322
 31
0.0
  0
LINE
  5
2F7
330
17
100
AcDbEntity
  8
IV_INTERIOR_PROFILES
100
AcDbLine
 10
1324.5
 20
-159.0823799562322
 30
0.0
 11
1324.1
 21
-159.0823799562322
 31
0.0
  0
LINE
  5
2F8
330
17
100
AcDbEntity
  8
IV_INTERIOR_PROFILES
100
AcDbLine
 10
1324.5
 20
-144.0823799562322
 30
0.0
 11
1324.5
 21
-159.0823799562322
 31
0.0
  0
LINE
  5
2F9
330
17
100
AcDbEntity
  8
IV_INTERIOR_PROFILES
100
AcDbLine
 10
1333.1
 20
-144.0823799562322
 30
0.0
 11
1333.5
 21
-144.0823799562322
 31
0.0
  0
LINE
  5
2FA
330
17
100
AcDbEntity
  8
IV_INTERIOR_PROFILES
100
AcDbLine
 10
1333.1
 20
-159.0823799562322
 30
0.0
 11
1333.1
 21
-144.0823799562322
 31
0.0
  0
LINE
  5
2FB
330
17
100
AcDbEntity
  8
IV_INTERIOR_PROFILES
100
AcDbLine
 10
1333.5
 20
-159.0823799562322
 30
0.0
 11
1333.1
 21
-159.0823799562322
 31
0.0
  0
LINE
  5
2FC
330
17
100
AcDbEntity
  8
IV_INTERIOR_PROFILES
100
AcDbLine
 10
1333.5
 20
-144.0823799562322
 30
0.0
 11
1333.5
 21
-159.0823799562322
 31
0.0
  0
LINE
  5
2FD
330
17
100
AcDbEntity
  8
IV_INTERIOR_PROFILES
100
AcDbLine
 10
1342.1
 20
-144.0823799562322
 30
0.0
 11
1342.5
 21
-144.0823799562322
 31
0.0
  0
LINE
  5
2FE
330
17
100
AcDbEntity
  8
IV_INTERIOR_PROFILES
100
AcDbLine
 10
1342.1
 20
-159.0823799562322
 30
0.0
 11
1342.1
 21
-144.0823799562322
 31
0.0
  0
LINE
  5
2FF
330
17
100
AcDbEntity
  8
IV_INTERIOR_PROFILES
100
AcDbLine
 10
1342.5
 20
-159.0823799562322
 30
0.0
 11
1342.1
 21
-159.0823799562322
 31
0.0
  0
LINE
  5
300
330
17
100
AcDbEntity
  8
IV_INTERIOR_PROFILES
100
AcDbLine
 10
1342.5
 20
-144.0823799562322
 30
0.0
 11
1342.5
 21
-159.0823799562322
 31
0.0
  0
LINE
  5
301
330
17
100
AcDbEntity
  8
IV_INTERIOR_PROFILES
100
AcDbLine
 10
1351.1
 20
-144.0823799562322
 30
0.0
 11
1351.5
 21
-144.0823799562322
 31
0.0
  0
LINE
  5
302
330
17
100
AcDbEntity
  8
IV_INTERIOR_PROFILES
100
AcDbLine
 10
1351.1
 20
-159.0823799562322
 30
0.0
 11
1351.1
 21
-144.0823799562322
 31
0.0
  0
LINE
  5
303
330
17
100
AcDbEntity
  8
IV_INTERIOR_PROFILES
100
AcDbLine
 10
1351.5
 20
-159.0823799562322
 30
0.0
 11
1351.1
 21
-159.0823799562322
 31
0.0
  0
LINE
  5
304
330
17
100
AcDbEntity
  8
IV_INTERIOR_PROFILES
100
AcDbLine
 10
1351.5
 20
-144.0823799562322
 30
0.0
 11
1351.5
 21
-159.0823799562322
 31
0.0
  0
LINE
  5
305
330
17
100
AcDbEntity
  8
IV_INTERIOR_PROFILES
100
AcDbLine
 10
1360.1
 20
-144.0823799562322
 30
0.0
 11
1360.5
 21
-144.0823799562322
 31
0.0
  0
LINE
  5
306
330
17
100
AcDbEntity
  8
IV_INTERIOR_PROFILES
100
AcDbLine
 10
1360.1
 20
-159.0823799562322
 30
0.0
 11
1360.1
 21
-144.0823799562322
 31
0.0
  0
LINE
  5
307
330
17
100
AcDbEntity
  8
IV_INTERIOR_PROFILES
100
AcDbLine
 10
1360.5
 20
-159.0823799562322
 30
0.0
 11
1360.1
 21
-159.0823799562322
 31
0.0
  0
LINE
  5
308
330
17
100
AcDbEntity
  8
IV_INTERIOR_PROFILES
100
AcDbLine
 10
1360.5
 20
-144.0823799562322
 30
0.0
 11
1360.5
 21
-159.0823799562322
 31
0.0
  0
LINE
  5
309
330
17
100
AcDbEntity
  8
IV_INTERIOR_PROFILES
100
AcDbLine
 10
1369.1
 20
-144.0823799562322
 30
0.0
 11
1369.5
 21
-144.0823799562322
 31
0.0
  0
LINE
  5
30A
330
17
100
AcDbEntity
  8
IV_INTERIOR_PROFILES
100
AcDbLine
 10
1369.1
 20
-159.0823799562322
 30
0.0
 11
1369.1
 21
-144.0823799562322
 31
0.0
  0
LINE
  5
30B
330
17
100
AcDbEntity
  8
IV_INTERIOR_PROFILES
100
AcDbLine
 10
1369.5
 20
-159.0823799562322
 30
0.0
 11
1369.1
 21
-159.0823799562322
 31
0.0
  0
LINE
  5
30C
330
17
100
AcDbEntity
  8
IV_INTERIOR_PROFILES
100
AcDbLine
 10
1369.5
 20
-144.0823799562322
 30
0.0
 11
1369.5
 21
-159.0823799562322
 31
0.0
  0
LINE
  5
30D
330
17
100
AcDbEntity
  8
IV_INTERIOR_PROFILES
100
AcDbLine
 10
1378.1
 20
-144.0823799562322
 30
0.0
 11
1378.5
 21
-144.0823799562322
 31
0.0
  0
LINE
  5
30E
330
17
100
AcDbEntity
  8
IV_INTERIOR_PROFILES
100
AcDbLine
 10
1378.1
 20
-159.0823799562322
 30
0.0
 11
1378.1
 21
-144.0823799562322
 31
0.0
  0
LINE
  5
30F
330
17
100
AcDbEntity
  8
IV_INTERIOR_PROFILES
100
AcDbLine
 10
1378.5
 20
-159.0823799562322
 30
0.0
 11
1378.1
 21
-159.0823799562322
 31
0.0
  0
LINE
  5
310
330
17
100
AcDbEntity
  8
IV_INTERIOR_PROFILES
100
AcDbLine
 10
1378.5
 20
-144.0823799562322
 30
0.0
 11
1378.5
 21
-159.0823799562322
 31
0.0
  0
LINE
  5
311
330
17
100
AcDbEntity
  8
IV_INTERIOR_PROFILES
100
AcDbLine
 10
1387.1
 20
-144.0823799562322
 30
0.0
 11
1387.5
 21
-144.0823799562322
 31
0.0
  0
LINE
  5
312
330
17
100
AcDbEntity
  8
IV_INTERIOR_PROFILES
100
AcDbLine
 10
1387.1
 20
-159.0823799562322
 30
0.0
 11
1387.1
 21
-144.0823799562322
 31
0.0
  0
LINE
  5
313
330
17
100
AcDbEntity
  8
IV_INTERIOR_PROFILES
100
AcDbLine
 10
1387.5
 20
-159.0823799562322
 30
0.0
 11
1387.1
 21
-159.0823799562322
 31
0.0
  0
LINE
  5
314
330
17
100
AcDbEntity
  8
IV_INTERIOR_PROFILES
100
AcDbLine
 10
1387.5
 20
-144.0823799562322
 30
0.0
 11
1387.5
 21
-159.0823799562322
 31
0.0
  0
LINE
  5
315
330
17
100
AcDbEntity
  8
IV_INTERIOR_PROFILES
100
AcDbLine
 10
1396.1
 20
-144.0823799562322
 30
0.0
 11
1396.5
 21
-144.0823799562322
 31
0.0
  0
LINE
  5
316
330
17
100
AcDbEntity
  8
IV_INTERIOR_PROFILES
100
AcDbLine
 10
1396.1
 20
-159.0823799562322
 30
0.0
 11
1396.1
 21
-144.0823799562322
 31
0.0
  0
LINE
  5
317
330
17
100
AcDbEntity
  8
IV_INTERIOR_PROFILES
100
AcDbLine
 10
1396.5
 20
-159.0823799562322
 30
0.0
 11
1396.1
 21
-159.0823799562322
 31
0.0
  0
LINE
  5
318
330
17
100
AcDbEntity
  8
IV_INTERIOR_PROFILES
100
AcDbLine
 10
1396.5
 20
-144.0823799562322
 30
0.0
 11
1396.5
 21
-159.0823799562322
 31
0.0
  0
LINE
  5
319
330
17
100
AcDbEntity
  8
IV_INTERIOR_PROFILES
100
AcDbLine
 10
1405.1
 20
-144.0823799562322
 30
0.0
 11
1405.5
 21
-144.0823799562322
 31
0.0
  0
LINE
  5
31A
330
17
100
AcDbEntity
  8
IV_INTERIOR_PROFILES
100
AcDbLine
 10
1405.1
 20
-159.0823799562322
 30
0.0
 11
1405.1
 21
-144.0823799562322
 31
0.0
  0
LINE
  5
31B
330
17
100
AcDbEntity
  8
IV_INTERIOR_PROFILES
100
AcDbLine
 10
1405.5
 20
-159.0823799562322
 30
0.0
 11
1405.1
 21
-159.0823799562322
 31
0.0
  0
LINE
  5
31C
330
17
100
AcDbEntity
  8
IV_INTERIOR_PROFILES
100
AcDbLine
 10
1405.5
 20
-144.0823799562322
 30
0.0
 11
1405.5
 21
-159.0823799562322
 31
0.0
  0
LINE
  5
31D
330
17
100
AcDbEntity
  8
IV_INTERIOR_PROFILES
100
AcDbLine
 10
1414.1
 20
-144.0823799562322
 30
0.0
 11
1414.5
 21
-144.0823799562322
 31
0.0
  0
LINE
  5
31E
330
17
100
AcDbEntity
  8
IV_INTERIOR_PROFILES
100
AcDbLine
 10
1414.1
 20
-159.0823799562322
 30
0.0
 11
1414.1
 21
-144.0823799562322
 31
0.0
  0
LINE
  5
31F
330
17
100
AcDbEntity
  8
IV_INTERIOR_PROFILES
100
AcDbLine
 10
1414.5
 20
-159.0823799562322
 30
0.0
 11
1414.1
 21
-159.0823799562322
 31
0.0
  0
LINE
  5
320
330
17
100
AcDbEntity
  8
IV_INTERIOR_PROFILES
100
AcDbLine
 10
1414.5
 20
-144.0823799562322
 30
0.0
 11
1414.5
 21
-159.0823799562322
 31
0.0
  0
LINE
  5
321
330
17
100
AcDbEntity
  8
IV_INTERIOR_PROFILES
100
AcDbLine
 10
1423.1
 20
-144.0823799562322
 30
0.0
 11
1423.5
 21
-144.0823799562322
 31
0.0
  0
LINE
  5
322
330
17
100
AcDbEntity
  8
IV_INTERIOR_PROFILES
100
AcDbLine
 10
1423.1
 20
-159.0823799562322
 30
0.0
 11
1423.1
 21
-144.0823799562322
 31
0.0
  0
LINE
  5
323
330
17
100
AcDbEntity
  8
IV_INTERIOR_PROFILES
100
AcDbLine
 10
1423.5
 20
-159.0823799562322
 30
0.0
 11
1423.1
 21
-159.0823799562322
 31
0.0
  0
LINE
  5
324
330
17
100
AcDbEntity
  8
IV_INTERIOR_PROFILES
100
AcDbLine
 10
1423.5
 20
-144.0823799562322
 30
0.0
 11
1423.5
 21
-159.0823799562322
 31
0.0
  0
LINE
  5
325
330
17
100
AcDbEntity
  8
IV_INTERIOR_PROFILES
100
AcDbLine
 10
1432.1
 20
-144.0823799562322
 30
0.0
 11
1432.5
 21
-144.0823799562322
 31
0.0
  0
LINE
  5
326
330
17
100
AcDbEntity
  8
IV_INTERIOR_PROFILES
100
AcDbLine
 10
1432.1
 20
-159.0823799562322
 30
0.0
 11
1432.1
 21
-144.0823799562322
 31
0.0
  0
LINE
  5
327
330
17
100
AcDbEntity
  8
IV_INTERIOR_PROFILES
100
AcDbLine
 10
1432.5
 20
-159.0823799562322
 30
0.0
 11
1432.1
 21
-159.0823799562322
 31
0.0
  0
LINE
  5
328
330
17
100
AcDbEntity
  8
IV_INTERIOR_PROFILES
100
AcDbLine
 10
1432.5
 20
-144.0823799562322
 30
0.0
 11
1432.5
 21
-159.0823799562322
 31
0.0
  0
LINE
  5
329
330
17
100
AcDbEntity
  8
IV_INTERIOR_PROFILES
100
AcDbLine
 10
1441.1
 20
-144.0823799562322
 30
0.0
 11
1441.4999999999998
 21
-144.0823799562322
 31
0.0
  0
LINE
  5
32A
330
17
100
AcDbEntity
  8
IV_INTERIOR_PROFILES
100
AcDbLine
 10
1441.1
 20
-159.0823799562322
 30
0.0
 11
1441.1
 21
-144.0823799562322
 31
0.0
  0
LINE
  5
32B
330
17
100
AcDbEntity
  8
IV_INTERIOR_PROFILES
100
AcDbLine
 10
1441.4999999999998
 20
-159.0823799562322
 30
0.0
 11
1441.1
 21
-159.0823799562322
 31
0.0
  0
LINE
  5
32C
330
17
100
AcDbEntity
  8
IV_INTERIOR_PROFILES
100
AcDbLine
 10
1441.4999999999998
 20
-144.0823799562322
 30
0.0
 11
1441.4999999999998
 21
-159.0823799562322
 31
0.0
  0
LINE
  5
32D
330
17
100
AcDbEntity
  8
IV_INTERIOR_PROFILES
100
AcDbLine
 10
1450.1
 20
-144.0823799562322
 30
0.0
 11
1450.5
 21
-144.0823799562322
 31
0.0
  0
LINE
  5
32E
330
17
100
AcDbEntity
  8
IV_INTERIOR_PROFILES
100
AcDbLine
 10
1450.1
 20
-159.0823799562322
 30
0.0
 11
1450.1
 21
-144.0823799562322
 31
0.0
  0
LINE
  5
32F
330
17
100
AcDbEntity
  8
IV_INTERIOR_PROFILES
100
AcDbLine
 10
1450.5
 20
-159.0823799562322
 30
0.0
 11
1450.1
 21
-159.0823799562322
 31
0.0
  0
LINE
  5
330
330
17
100
AcDbEntity
  8
IV_INTERIOR_PROFILES
100
AcDbLine
 10
1450.5
 20
-144.0823799562322
 30
0.0
 11
1450.5
 21
-159.0823799562322
 31
0.0
  0
LINE
  5
331
330
17
100
AcDbEntity
  8
IV_INTERIOR_PROFILES
100
AcDbLine
 10
1459.1
 20
-144.0823799562322
 30
0.0
 11
1459.4999999999998
 21
-144.0823799562322
 31
0.0
  0
LINE
  5
332
330
17
100
AcDbEntity
  8
IV_INTERIOR_PROFILES
100
AcDbLine
 10
1459.1
 20
-159.0823799562322
 30
0.0
 11
1459.1
 21
-144.0823799562322
 31
0.0
  0
LINE
  5
333
330
17
100
AcDbEntity
  8
IV_INTERIOR_PROFILES
100
AcDbLine
 10
1459.4999999999998
 20
-159.0823799562322
 30
0.0
 11
1459.1
 21
-159.0823799562322
 31
0.0
  0
LINE
  5
334
330
17
100
AcDbEntity
  8
IV_INTERIOR_PROFILES
100
AcDbLine
 10
1459.4999999999998
 20
-144.0823799562322
 30
0.0
 11
1459.4999999999998
 21
-159.0823799562322
 31
0.0
  0
LINE
  5
335
330
17
100
AcDbEntity
  8
IV_INTERIOR_PROFILES
100
AcDbLine
 10
1468.1
 20
-144.0823799562322
 30
0.0
 11
1468.5
 21
-144.0823799562322
 31
0.0
  0
LINE
  5
336
330
17
100
AcDbEntity
  8
IV_INTERIOR_PROFILES
100
AcDbLine
 10
1468.1
 20
-159.0823799562322
 30
0.0
 11
1468.1
 21
-144.0823799562322
 31
0.0
  0
LINE
  5
337
330
17
100
AcDbEntity
  8
IV_INTERIOR_PROFILES
100
AcDbLine
 10
1468.5
 20
-159.0823799562322
 30
0.0
 11
1468.1
 21
-159.0823799562322
 31
0.0
  0
LINE
  5
338
330
17
100
AcDbEntity
  8
IV_INTERIOR_PROFILES
100
AcDbLine
 10
1468.5
 20
-144.0823799562322
 30
0.0
 11
1468.5
 21
-159.0823799562322
 31
0.0
  0
LINE
  5
339
330
17
100
AcDbEntity
  8
IV_INTERIOR_PROFILES
100
AcDbLine
 10
1477.1
 20
-144.0823799562322
 30
0.0
 11
1477.5
 21
-144.0823799562322
 31
0.0
  0
LINE
  5
33A
330
17
100
AcDbEntity
  8
IV_INTERIOR_PROFILES
100
AcDbLine
 10
1477.1
 20
-159.0823799562322
 30
0.0
 11
1477.1
 21
-144.0823799562322
 31
0.0
  0
LINE
  5
33B
330
17
100
AcDbEntity
  8
IV_INTERIOR_PROFILES
100
AcDbLine
 10
1477.5
 20
-159.0823799562322
 30
0.0
 11
1477.1
 21
-159.0823799562322
 31
0.0
  0
LINE
  5
33C
330
17
100
AcDbEntity
  8
IV_INTERIOR_PROFILES
100
AcDbLine
 10
1477.5
 20
-144.0823799562322
 30
0.0
 11
1477.5
 21
-159.0823799562322
 31
0.0
  0
LINE
  5
33D
330
17
100
AcDbEntity
  8
IV_INTERIOR_PROFILES
100
AcDbLine
 10
1486.1
 20
-144.0823799562322
 30
0.0
 11
1486.4999999999998
 21
-144.0823799562322
 31
0.0
  0
LINE
  5
33E
330
17
100
AcDbEntity
  8
IV_INTERIOR_PROFILES
100
AcDbLine
 10
1486.1
 20
-159.0823799562322
 30
0.0
 11
1486.1
 21
-144.0823799562322
 31
0.0
  0
LINE
  5
33F
330
17
100
AcDbEntity
  8
IV_INTERIOR_PROFILES
100
AcDbLine
 10
1486.4999999999998
 20
-159.0823799562322
 30
0.0
 11
1486.1
 21
-159.0823799562322
 31
0.0
  0
LINE
  5
340
330
17
100
AcDbEntity
  8
IV_INTERIOR_PROFILES
100
AcDbLine
 10
1486.4999999999998
 20
-144.0823799562322
 30
0.0
 11
1486.4999999999998
 21
-159.0823799562322
 31
0.0
  0
LINE
  5
341
330
17
100
AcDbEntity
  8
IV_INTERIOR_PROFILES
100
AcDbLine
 10
1495.1
 20
-144.0823799562322
 30
0.0
 11
1495.5
 21
-144.0823799562322
 31
0.0
  0
LINE
  5
342
330
17
100
AcDbEntity
  8
IV_INTERIOR_PROFILES
100
AcDbLine
 10
1495.1
 20
-159.0823799562322
 30
0.0
 11
1495.1
 21
-144.0823799562322
 31
0.0
  0
LINE
  5
343
330
17
100
AcDbEntity
  8
IV_INTERIOR_PROFILES
100
AcDbLine
 10
1495.5
 20
-159.0823799562322
 30
0.0
 11
1495.1
 21
-159.0823799562322
 31
0.0
  0
LINE
  5
344
330
17
100
AcDbEntity
  8
IV_INTERIOR_PROFILES
100
AcDbLine
 10
1495.5
 20
-144.0823799562322
 30
0.0
 11
1495.5
 21
-159.0823799562322
 31
0.0
  0
LINE
  5
345
330
17
100
AcDbEntity
  8
IV_INTERIOR_PROFILES
100
AcDbLine
 10
1504.1
 20
-144.0823799562322
 30
0.0
 11
1504.5
 21
-144.0823799562322
 31
0.0
  0
LINE
  5
346
330
17
100
AcDbEntity
  8
IV_INTERIOR_PROFILES
100
AcDbLine
 10
1504.1
 20
-159.0823799562322
 30
0.0
 11
1504.1
 21
-144.0823799562322
 31
0.0
  0
LINE
  5
347
330
17
100
AcDbEntity
  8
IV_INTERIOR_PROFILES
100
AcDbLine
 10
1504.5
 20
-159.0823799562322
 30
0.0
 11
1504.1
 21
-159.0823799562322
 31
0.0
  0
LINE
  5
348
330
17
100
AcDbEntity
  8
IV_INTERIOR_PROFILES
100
AcDbLine
 10
1504.5
 20
-144.0823799562322
 30
0.0
 11
1504.5
 21
-159.0823799562322
 31
0.0
  0
LINE
  5
349
330
17
100
AcDbEntity
  8
IV_INTERIOR_PROFILES
100
AcDbLine
 10
1513.1
 20
-144.0823799562322
 30
0.0
 11
1513.5
 21
-144.0823799562322
 31
0.0
  0
LINE
  5
34A
330
17
100
AcDbEntity
  8
IV_INTERIOR_PROFILES
100
AcDbLine
 10
1513.1
 20
-159.0823799562322
 30
0.0
 11
1513.1
 21
-144.0823799562322
 31
0.0
  0
LINE
  5
34B
330
17
100
AcDbEntity
  8
IV_INTERIOR_PROFILES
100
AcDbLine
 10
1513.5
 20
-159.0823799562322
 30
0.0
 11
1513.1
 21
-159.0823799562322
 31
0.0
  0
LINE
  5
34C
330
17
100
AcDbEntity
  8
IV_INTERIOR_PROFILES
100
AcDbLine
 10
1513.5
 20
-144.0823799562322
 30
0.0
 11
1513.5
 21
-159.0823799562322
 31
0.0
  0
LINE
  5
34D
330
17
100
AcDbEntity
  8
IV_INTERIOR_PROFILES
100
AcDbLine
 10
1522.1
 20
-144.0823799562322
 30
0.0
 11
1522.5
 21
-144.0823799562322
 31
0.0
  0
LINE
  5
34E
330
17
100
AcDbEntity
  8
IV_INTERIOR_PROFILES
100
AcDbLine
 10
1522.1
 20
-159.0823799562322
 30
0.0
 11
1522.1
 21
-144.0823799562322
 31
0.0
  0
LINE
  5
34F
330
17
100
AcDbEntity
  8
IV_INTERIOR_PROFILES
100
AcDbLine
 10
1522.5
 20
-159.0823799562322
 30
0.0
 11
1522.1
 21
-159.0823799562322
 31
0.0
  0
LINE
  5
350
330
17
100
AcDbEntity
  8
IV_INTERIOR_PROFILES
100
AcDbLine
 10
1522.5
 20
-144.0823799562322
 30
0.0
 11
1522.5
 21
-159.0823799562322
 31
0.0
  0
LINE
  5
351
330
17
100
AcDbEntity
  8
IV_INTERIOR_PROFILES
100
AcDbLine
 10
1531.1
 20
-144.0823799562322
 30
0.0
 11
1531.5
 21
-144.0823799562322
 31
0.0
  0
LINE
  5
352
330
17
100
AcDbEntity
  8
IV_INTERIOR_PROFILES
100
AcDbLine
 10
1531.1
 20
-159.0823799562322
 30
0.0
 11
1531.1
 21
-144.0823799562322
 31
0.0
  0
LINE
  5
353
330
17
100
AcDbEntity
  8
IV_INTERIOR_PROFILES
100
AcDbLine
 10
1531.5
 20
-159.0823799562322
 30
0.0
 11
1531.1
 21
-159.0823799562322
 31
0.0
  0
LINE
  5
354
330
17
100
AcDbEntity
  8
IV_INTERIOR_PROFILES
100
AcDbLine
 10
1531.5
 20
-144.0823799562322
 30
0.0
 11
1531.5
 21
-159.0823799562322
 31
0.0
  0
LINE
  5
355
330
17
100
AcDbEntity
  8
IV_INTERIOR_PROFILES
100
AcDbLine
 10
1540.1
 20
-144.0823799562322
 30
0.0
 11
1540.5
 21
-144.0823799562322
 31
0.0
  0
LINE
  5
356
330
17
100
AcDbEntity
  8
IV_INTERIOR_PROFILES
100
AcDbLine
 10
1540.1
 20
-159.0823799562322
 30
0.0
 11
1540.1
 21
-144.0823799562322
 31
0.0
  0
LINE
  5
357
330
17
100
AcDbEntity
  8
IV_INTERIOR_PROFILES
100
AcDbLine
 10
1540.5
 20
-159.0823799562322
 30
0.0
 11
1540.1
 21
-159.0823799562322
 31
0.0
  0
LINE
  5
358
330
17
100
AcDbEntity
  8
IV_INTERIOR_PROFILES
100
AcDbLine
 10
1540.5
 20
-144.0823799562322
 30
0.0
 11
1540.5
 21
-159.0823799562322
 31
0.0
  0
LINE
  5
359
330
17
100
AcDbEntity
  8
IV_INTERIOR_PROFILES
100
AcDbLine
 10
1549.1
 20
-144.0823799562322
 30
0.0
 11
1549.5
 21
-144.0823799562322
 31
0.0
  0
LINE
  5
35A
330
17
100
AcDbEntity
  8
IV_INTERIOR_PROFILES
100
AcDbLine
 10
1549.1
 20
-159.0823799562322
 30
0.0
 11
1549.1
 21
-144.0823799562322
 31
0.0
  0
LINE
  5
35B
330
17
100
AcDbEntity
  8
IV_INTERIOR_PROFILES
100
AcDbLine
 10
1549.5
 20
-159.0823799562322
 30
0.0
 11
1549.1
 21
-159.0823799562322
 31
0.0
  0
LINE
  5
35C
330
17
100
AcDbEntity
  8
IV_INTERIOR_PROFILES
100
AcDbLine
 10
1549.5
 20
-144.0823799562322
 30
0.0
 11
1549.5
 21
-159.0823799562322
 31
0.0
  0
LINE
  5
35D
330
17
100
AcDbEntity
  8
IV_INTERIOR_PROFILES
100
AcDbLine
 10
1558.1
 20
-144.0823799562322
 30
0.0
 11
1558.5
 21
-144.0823799562322
 31
0.0
  0
LINE
  5
35E
330
17
100
AcDbEntity
  8
IV_INTERIOR_PROFILES
100
AcDbLine
 10
1558.1
 20
-159.0823799562322
 30
0.0
 11
1558.1
 21
-144.0823799562322
 31
0.0
  0
LINE
  5
35F
330
17
100
AcDbEntity
  8
IV_INTERIOR_PROFILES
100
AcDbLine
 10
1558.5
 20
-159.0823799562322
 30
0.0
 11
1558.1
 21
-159.0823799562322
 31
0.0
  0
LINE
  5
360
330
17
100
AcDbEntity
  8
IV_INTERIOR_PROFILES
100
AcDbLine
 10
1558.5
 20
-144.0823799562322
 30
0.0
 11
1558.5
 21
-159.0823799562322
 31
0.0
  0
LINE
  5
361
330
17
100
AcDbEntity
  8
IV_INTERIOR_PROFILES
100
AcDbLine
 10
1567.1
 20
-144.0823799562322
 30
0.0
 11
1567.5
 21
-144.0823799562322
 31
0.0
  0
LINE
  5
362
330
17
100
AcDbEntity
  8
IV_INTERIOR_PROFILES
100
AcDbLine
 10
1567.1
 20
-159.0823799562322
 30
0.0
 11
1567.1
 21
-144.0823799562322
 31
0.0
  0
LINE
  5
363
330
17
100
AcDbEntity
  8
IV_INTERIOR_PROFILES
100
AcDbLine
 10
1567.5
 20
-159.0823799562322
 30
0.0
 11
1567.1
 21
-159.0823799562322
 31
0.0
  0
LINE
  5
364
330
17
100
AcDbEntity
  8
IV_INTERIOR_PROFILES
100
AcDbLine
 10
1567.5
 20
-144.0823799562322
 30
0.0
 11
1567.5
 21
-159.0823799562322
 31
0.0
  0
LINE
  5
365
330
17
100
AcDbEntity
  8
IV_INTERIOR_PROFILES
100
AcDbLine
 10
1576.1
 20
-144.0823799562322
 30
0.0
 11
1576.5
 21
-144.0823799562322
 31
0.0
  0
LINE
  5
366
330
17
100
AcDbEntity
  8
IV_INTERIOR_PROFILES
100
AcDbLine
 10
1576.1
 20
-159.0823799562322
 30
0.0
 11
1576.1
 21
-144.0823799562322
 31
0.0
  0
LINE
  5
367
330
17
100
AcDbEntity
  8
IV_INTERIOR_PROFILES
100
AcDbLine
 10
1576.5
 20
-159.0823799562322
 30
0.0
 11
1576.1
 21
-159.0823799562322
 31
0.0
  0
LINE
  5
368
330
17
100
AcDbEntity
  8
IV_INTERIOR_PROFILES
100
AcDbLine
 10
1576.5
 20
-144.0823799562322
 30
0.0
 11
1576.5
 21
-159.0823799562322
 31
0.0
  0
LINE
  5
369
330
17
100
AcDbEntity
  8
IV_INTERIOR_PROFILES
100
AcDbLine
 10
1585.1
 20
-144.0823799562322
 30
0.0
 11
1585.5
 21
-144.0823799562322
 31
0.0
  0
LINE
  5
36A
330
17
100
AcDbEntity
  8
IV_INTERIOR_PROFILES
100
AcDbLine
 10
1585.1
 20
-159.0823799562322
 30
0.0
 11
1585.1
 21
-144.0823799562322
 31
0.0
  0
LINE
  5
36B
330
17
100
AcDbEntity
  8
IV_INTERIOR_PROFILES
100
AcDbLine
 10
1585.5
 20
-159.0823799562322
 30
0.0
 11
1585.1
 21
-159.0823799562322
 31
0.0
  0
LINE
  5
36C
330
17
100
AcDbEntity
  8
IV_INTERIOR_PROFILES
100
AcDbLine
 10
1585.5
 20
-144.0823799562322
 30
0.0
 11
1585.5
 21
-159.0823799562322
 31
0.0
  0
LINE
  5
36D
330
17
100
AcDbEntity
  8
IV_INTERIOR_PROFILES
100
AcDbLine
 10
1594.1
 20
-144.0823799562322
 30
0.0
 11
1594.5
 21
-144.0823799562322
 31
0.0
  0
LINE
  5
36E
330
17
100
AcDbEntity
  8
IV_INTERIOR_PROFILES
100
AcDbLine
 10
1594.1
 20
-159.0823799562322
 30
0.0
 11
1594.1
 21
-144.0823799562322
 31
0.0
  0
LINE
  5
36F
330
17
100
AcDbEntity
  8
IV_INTERIOR_PROFILES
100
AcDbLine
 10
1594.5
 20
-159.0823799562322
 30
0.0
 11
1594.1
 21
-159.0823799562322
 31
0.0
  0
LINE
  5
370
330
17
100
AcDbEntity
  8
IV_INTERIOR_PROFILES
100
AcDbLine
 10
1594.5
 20
-144.0823799562322
 30
0.0
 11
1594.5
 21
-159.0823799562322
 31
0.0
  0
LINE
  5
371
330
17
100
AcDbEntity
  8
IV_INTERIOR_PROFILES
100
AcDbLine
 10
1603.1
 20
-144.0823799562322
 30
0.0
 11
1603.5
 21
-144.0823799562322
 31
0.0
  0
LINE
  5
372
330
17
100
AcDbEntity
  8
IV_INTERIOR_PROFILES
100
AcDbLine
 10
1603.1
 20
-159.0823799562322
 30
0.0
 11
1603.1
 21
-144.0823799562322
 31
0.0
  0
LINE
  5
373
330
17
100
AcDbEntity
  8
IV_INTERIOR_PROFILES
100
AcDbLine
 10
1603.5
 20
-159.0823799562322
 30
0.0
 11
1603.1
 21
-159.0823799562322
 31
0.0
  0
LINE
  5
374
330
17
100
AcDbEntity
  8
IV_INTERIOR_PROFILES
100
AcDbLine
 10
1603.5
 20
-144.0823799562322
 30
0.0
 11
1603.5
 21
-159.0823799562322
 31
0.0
  0
LINE
  5
375
330
17
100
AcDbEntity
  8
IV_INTERIOR_PROFILES
100
AcDbLine
 10
1612.1
 20
-144.0823799562322
 30
0.0
 11
1612.5
 21
-144.0823799562322
 31
0.0
  0
LINE
  5
376
330
17
100
AcDbEntity
  8
IV_INTERIOR_PROFILES
100
AcDbLine
 10
1612.1
 20
-159.0823799562322
 30
0.0
 11
1612.1
 21
-144.0823799562322
 31
0.0
  0
LINE
  5
377
330
17
100
AcDbEntity
  8
IV_INTERIOR_PROFILES
100
AcDbLine
 10
1612.5
 20
-159.0823799562322
 30
0.0
 11
1612.1
 21
-159.0823799562322
 31
0.0
  0
LINE
  5
378
330
17
100
AcDbEntity
  8
IV_INTERIOR_PROFILES
100
AcDbLine
 10
1612.5
 20
-144.0823799562322
 30
0.0
 11
1612.5
 21
-159.0823799562322
 31
0.0
  0
LINE
  5
379
330
17
100
AcDbEntity
  8
IV_INTERIOR_PROFILES
100
AcDbLine
 10
1621.1
 20
-144.0823799562322
 30
0.0
 11
1621.5
 21
-144.0823799562322
 31
0.0
  0
LINE
  5
37A
330
17
100
AcDbEntity
  8
IV_INTERIOR_PROFILES
100
AcDbLine
 10
1621.1
 20
-159.0823799562322
 30
0.0
 11
1621.1
 21
-144.0823799562322
 31
0.0
  0
LINE
  5
37B
330
17
100
AcDbEntity
  8
IV_INTERIOR_PROFILES
100
AcDbLine
 10
1621.5
 20
-159.0823799562322
 30
0.0
 11
1621.1
 21
-159.0823799562322
 31
0.0
  0
LINE
  5
37C
330
17
100
AcDbEntity
  8
IV_INTERIOR_PROFILES
100
AcDbLine
 10
1621.5
 20
-144.0823799562322
 30
0.0
 11
1621.5
 21
-159.0823799562322
 31
0.0
  0
LINE
  5
37D
330
17
100
AcDbEntity
  8
IV_INTERIOR_PROFILES
100
AcDbLine
 10
1630.1
 20
-144.0823799562322
 30
0.0
 11
1630.5
 21
-144.0823799562322
 31
0.0
  0
LINE
  5
37E
330
17
100
AcDbEntity
  8
IV_INTERIOR_PROFILES
100
AcDbLine
 10
1630.1
 20
-159.0823799562322
 30
0.0
 11
1630.1
 21
-144.0823799562322
 31
0.0
  0
LINE
  5
37F
330
17
100
AcDbEntity
  8
IV_INTERIOR_PROFILES
100
AcDbLine
 10
1630.5
 20
-159.0823799562322
 30
0.0
 11
1630.1
 21
-159.0823799562322
 31
0.0
  0
LINE
  5
380
330
17
100
AcDbEntity
  8
IV_INTERIOR_PROFILES
100
AcDbLine
 10
1630.5
 20
-144.0823799562322
 30
0.0
 11
1630.5
 21
-159.0823799562322
 31
0.0
  0
LINE
  5
381
330
17
100
AcDbEntity
  8
IV_INTERIOR_PROFILES
100
AcDbLine
 10
1639.1
 20
-144.0823799562322
 30
0.0
 11
1639.5
 21
-144.0823799562322
 31
0.0
  0
LINE
  5
382
330
17
100
AcDbEntity
  8
IV_INTERIOR_PROFILES
100
AcDbLine
 10
1639.1
 20
-159.0823799562322
 30
0.0
 11
1639.1
 21
-144.0823799562322
 31
0.0
  0
LINE
  5
383
330
17
100
AcDbEntity
  8
IV_INTERIOR_PROFILES
100
AcDbLine
 10
1639.5
 20
-159.0823799562322
 30
0.0
 11
1639.1
 21
-159.0823799562322
 31
0.0
  0
LINE
  5
384
330
17
100
AcDbEntity
  8
IV_INTERIOR_PROFILES
100
AcDbLine
 10
1639.5
 20
-144.0823799562322
 30
0.0
 11
1639.5
 21
-159.0823799562322
 31
0.0
  0
LINE
  5
385
330
17
100
AcDbEntity
  8
IV_INTERIOR_PROFILES
100
AcDbLine
 10
1648.1
 20
-144.0823799562322
 30
0.0
 11
1648.5
 21
-144.0823799562322
 31
0.0
  0
LINE
  5
386
330
17
100
AcDbEntity
  8
IV_INTERIOR_PROFILES
100
AcDbLine
 10
1648.1
 20
-159.0823799562322
 30
0.0
 11
1648.1
 21
-144.0823799562322
 31
0.0
  0
LINE
  5
387
330
17
100
AcDbEntity
  8
IV_INTERIOR_PROFILES
100
AcDbLine
 10
1648.5
 20
-159.0823799562322
 30
0.0
 11
1648.1
 21
-159.0823799562322
 31
0.0
  0
LINE
  5
388
330
17
100
AcDbEntity
  8
IV_INTERIOR_PROFILES
100
AcDbLine
 10
1648.5
 20
-144.0823799562322
 30
0.0
 11
1648.5
 21
-159.0823799562322
 31
0.0
  0
LINE
  5
389
330
17
100
AcDbEntity
  8
IV_INTERIOR_PROFILES
100
AcDbLine
 10
1657.1
 20
-144.0823799562322
 30
0.0
 11
1657.5
 21
-144.0823799562322
 31
0.0
  0
LINE
  5
38A
330
17
100
AcDbEntity
  8
IV_INTERIOR_PROFILES
100
AcDbLine
 10
1657.1
 20
-159.0823799562322
 30
0.0
 11
1657.1
 21
-144.0823799562322
 31
0.0
  0
LINE
  5
38B
330
17
100
AcDbEntity
  8
IV_INTERIOR_PROFILES
100
AcDbLine
 10
1657.5
 20
-159.0823799562322
 30
0.0
 11
1657.1
 21
-159.0823799562322
 31
0.0
  0
LINE
  5
38C
330
17
100
AcDbEntity
  8
IV_INTERIOR_PROFILES
100
AcDbLine
 10
1657.5
 20
-144.0823799562322
 30
0.0
 11
1657.5
 21
-159.0823799562322
 31
0.0
  0
LINE
  5
38D
330
17
100
AcDbEntity
  8
IV_INTERIOR_PROFILES
100
AcDbLine
 10
1666.1
 20
-144.0823799562322
 30
0.0
 11
1666.5
 21
-144.0823799562322
 31
0.0
  0
LINE
  5
38E
330
17
100
AcDbEntity
  8
IV_INTERIOR_PROFILES
100
AcDbLine
 10
1666.1
 20
-159.0823799562322
 30
0.0
 11
1666.1
 21
-144.0823799562322
 31
0.0
  0
LINE
  5
38F
330
17
100
AcDbEntity
  8
IV_INTERIOR_PROFILES
100
AcDbLine
 10
1666.5
 20
-159.0823799562322
 30
0.0
 11
1666.1
 21
-159.0823799562322
 31
0.0
  0
LINE
  5
390
330
17
100
AcDbEntity
  8
IV_INTERIOR_PROFILES
100
AcDbLine
 10
1666.5
 20
-144.0823799562322
 30
0.0
 11
1666.5
 21
-159.0823799562322
 31
0.0
  0
LINE
  5
391
330
17
100
AcDbEntity
  8
IV_INTERIOR_PROFILES
100
AcDbLine
 10
1675.1
 20
-144.0823799562322
 30
0.0
 11
1675.5
 21
-144.0823799562322
 31
0.0
  0
LINE
  5
392
330
17
100
AcDbEntity
  8
IV_INTERIOR_PROFILES
100
AcDbLine
 10
1675.1
 20
-159.0823799562322
 30
0.0
 11
1675.1
 21
-144.0823799562322
 31
0.0
  0
LINE
  5
393
330
17
100
AcDbEntity
  8
IV_INTERIOR_PROFILES
100
AcDbLine
 10
1675.5
 20
-159.0823799562322
 30
0.0
 11
1675.1
 21
-159.0823799562322
 31
0.0
  0
LINE
  5
394
330
17
100
AcDbEntity
  8
IV_INTERIOR_PROFILES
100
AcDbLine
 10
1675.5
 20
-144.0823799562322
 30
0.0
 11
1675.5
 21
-159.0823799562322
 31
0.0
  0
LINE
  5
395
330
17
100
AcDbEntity
  8
IV_INTERIOR_PROFILES
100
AcDbLine
 10
1684.1000000000001
 20
-144.0823799562322
 30
0.0
 11
1684.5
 21
-144.0823799562322
 31
0.0
  0
LINE
  5
396
330
17
100
AcDbEntity
  8
IV_INTERIOR_PROFILES
100
AcDbLine
 10
1684.1000000000001
 20
-159.0823799562322
 30
0.0
 11
1684.1000000000001
 21
-144.0823799562322
 31
0.0
  0
LINE
  5
397
330
17
100
AcDbEntity
  8
IV_INTERIOR_PROFILES
100
AcDbLine
 10
1684.5
 20
-159.0823799562322
 30
0.0
 11
1684.1000000000001
 21
-159.0823799562322
 31
0.0
  0
LINE
  5
398
330
17
100
AcDbEntity
  8
IV_INTERIOR_PROFILES
100
AcDbLine
 10
1684.5
 20
-144.0823799562322
 30
0.0
 11
1684.5
 21
-159.0823799562322
 31
0.0
  0
LINE
  5
399
330
17
100
AcDbEntity
  8
IV_INTERIOR_PROFILES
100
AcDbLine
 10
1693.1
 20
-144.0823799562322
 30
0.0
 11
1693.5
 21
-144.0823799562322
 31
0.0
  0
LINE
  5
39A
330
17
100
AcDbEntity
  8
IV_INTERIOR_PROFILES
100
AcDbLine
 10
1693.1
 20
-159.0823799562322
 30
0.0
 11
1693.1
 21
-144.0823799562322
 31
0.0
  0
LINE
  5
39B
330
17
100
AcDbEntity
  8
IV_INTERIOR_PROFILES
100
AcDbLine
 10
1693.5
 20
-159.0823799562322
 30
0.0
 11
1693.1
 21
-159.0823799562322
 31
0.0
  0
LINE
  5
39C
330
17
100
AcDbEntity
  8
IV_INTERIOR_PROFILES
100
AcDbLine
 10
1693.5
 20
-144.0823799562322
 30
0.0
 11
1693.5
 21
-159.0823799562322
 31
0.0
  0
LINE
  5
39D
330
17
100
AcDbEntity
  8
IV_INTERIOR_PROFILES
100
AcDbLine
 10
1702.1
 20
-144.0823799562322
 30
0.0
 11
1702.5
 21
-144.0823799562322
 31
0.0
  0
LINE
  5
39E
330
17
100
AcDbEntity
  8
IV_INTERIOR_PROFILES
100
AcDbLine
 10
1702.1
 20
-159.0823799562322
 30
0.0
 11
1702.1
 21
-144.0823799562322
 31
0.0
  0
LINE
  5
39F
330
17
100
AcDbEntity
  8
IV_INTERIOR_PROFILES
100
AcDbLine
 10
1702.5
 20
-159.0823799562322
 30
0.0
 11
1702.1
 21
-159.0823799562322
 31
0.0
  0
LINE
  5
3A0
330
17
100
AcDbEntity
  8
IV_INTERIOR_PROFILES
100
AcDbLine
 10
1702.5
 20
-144.0823799562322
 30
0.0
 11
1702.5
 21
-159.0823799562322
 31
0.0
  0
LINE
  5
3A1
330
17
100
AcDbEntity
  8
IV_INTERIOR_PROFILES
100
AcDbLine
 10
1711.1
 20
-144.0823799562322
 30
0.0
 11
1711.4999999999998
 21
-144.0823799562322
 31
0.0
  0
LINE
  5
3A2
330
17
100
AcDbEntity
  8
IV_INTERIOR_PROFILES
100
AcDbLine
 10
1711.1
 20
-159.0823799562322
 30
0.0
 11
1711.1
 21
-144.0823799562322
 31
0.0
  0
LINE
  5
3A3
330
17
100
AcDbEntity
  8
IV_INTERIOR_PROFILES
100
AcDbLine
 10
1711.4999999999998
 20
-159.0823799562322
 30
0.0
 11
1711.1
 21
-159.0823799562322
 31
0.0
  0
LINE
  5
3A4
330
17
100
AcDbEntity
  8
IV_INTERIOR_PROFILES
100
AcDbLine
 10
1711.4999999999998
 20
-144.0823799562322
 30
0.0
 11
1711.4999999999998
 21
-159.0823799562322
 31
0.0
  0
LINE
  5
3A5
330
17
100
AcDbEntity
  8
IV_INTERIOR_PROFILES
100
AcDbLine
 10
1720.1
 20
-144.0823799562322
 30
0.0
 11
1720.5
 21
-144.0823799562322
 31
0.0
  0
LINE
  5
3A6
330
17
100
AcDbEntity
  8
IV_INTERIOR_PROFILES
100
AcDbLine
 10
1720.1
 20
-159.0823799562322
 30
0.0
 11
1720.1
 21
-144.0823799562322
 31
0.0
  0
LINE
  5
3A7
330
17
100
AcDbEntity
  8
IV_INTERIOR_PROFILES
100
AcDbLine
 10
1720.5
 20
-159.0823799562322
 30
0.0
 11
1720.1
 21
-159.0823799562322
 31
0.0
  0
LINE
  5
3A8
330
17
100
AcDbEntity
  8
IV_INTERIOR_PROFILES
100
AcDbLine
 10
1720.5
 20
-144.0823799562322
 30
0.0
 11
1720.5
 21
-159.0823799562322
 31
0.0
  0
LINE
  5
3A9
330
17
100
AcDbEntity
  8
IV_INTERIOR_PROFILES
100
AcDbLine
 10
1729.1000000000001
 20
-144.0823799562322
 30
0.0
 11
1729.5
 21
-144.0823799562322
 31
0.0
  0
LINE
  5
3AA
330
17
100
AcDbEntity
  8
IV_INTERIOR_PROFILES
100
AcDbLine
 10
1729.1000000000001
 20
-159.0823799562322
 30
0.0
 11
1729.1000000000001
 21
-144.0823799562322
 31
0.0
  0
LINE
  5
3AB
330
17
100
AcDbEntity
  8
IV_INTERIOR_PROFILES
100
AcDbLine
 10
1729.5
 20
-159.0823799562322
 30
0.0
 11
1729.1000000000001
 21
-159.0823799562322
 31
0.0
  0
LINE
  5
3AC
330
17
100
AcDbEntity
  8
IV_INTERIOR_PROFILES
100
AcDbLine
 10
1729.5
 20
-144.0823799562322
 30
0.0
 11
1729.5
 21
-159.0823799562322
 31
0.0
  0
LINE
  5
3AD
330
17
100
AcDbEntity
  8
IV_INTERIOR_PROFILES
100
AcDbLine
 10
1738.1
 20
-144.0823799562322
 30
0.0
 11
1738.5
 21
-144.0823799562322
 31
0.0
  0
LINE
  5
3AE
330
17
100
AcDbEntity
  8
IV_INTERIOR_PROFILES
100
AcDbLine
 10
1738.1
 20
-159.0823799562322
 30
0.0
 11
1738.1
 21
-144.0823799562322
 31
0.0
  0
LINE
  5
3AF
330
17
100
AcDbEntity
  8
IV_INTERIOR_PROFILES
100
AcDbLine
 10
1738.5
 20
-159.0823799562322
 30
0.0
 11
1738.1
 21
-159.0823799562322
 31
0.0
  0
LINE
  5
3B0
330
17
100
AcDbEntity
  8
IV_INTERIOR_PROFILES
100
AcDbLine
 10
1738.5
 20
-144.0823799562322
 30
0.0
 11
1738.5
 21
-159.0823799562322
 31
0.0
  0
LINE
  5
3B1
330
17
100
AcDbEntity
  8
IV_INTERIOR_PROFILES
100
AcDbLine
 10
1747.1
 20
-144.0823799562322
 30
0.0
 11
1747.5
 21
-144.0823799562322
 31
0.0
  0
LINE
  5
3B2
330
17
100
AcDbEntity
  8
IV_INTERIOR_PROFILES
100
AcDbLine
 10
1747.1
 20
-159.0823799562322
 30
0.0
 11
1747.1
 21
-144.0823799562322
 31
0.0
  0
LINE
  5
3B3
330
17
100
AcDbEntity
  8
IV_INTERIOR_PROFILES
100
AcDbLine
 10
1747.5
 20
-159.0823799562322
 30
0.0
 11
1747.1
 21
-159.0823799562322
 31
0.0
  0
LINE
  5
3B4
330
17
100
AcDbEntity
  8
IV_INTERIOR_PROFILES
100
AcDbLine
 10
1747.5
 20
-144.0823799562322
 30
0.0
 11
1747.5
 21
-159.0823799562322
 31
0.0
  0
LINE
  5
3B5
330
17
100
AcDbEntity
  8
IV_INTERIOR_PROFILES
100
AcDbLine
 10
1756.1
 20
-144.0823799562322
 30
0.0
 11
1756.5
 21
-144.0823799562322
 31
0.0
  0
LINE
  5
3B6
330
17
100
AcDbEntity
  8
IV_INTERIOR_PROFILES
100
AcDbLine
 10
1756.1
 20
-159.0823799562322
 30
0.0
 11
1756.1
 21
-144.0823799562322
 31
0.0
  0
LINE
  5
3B7
330
17
100
AcDbEntity
  8
IV_INTERIOR_PROFILES
100
AcDbLine
 10
1756.5
 20
-159.0823799562322
 30
0.0
 11
1756.1
 21
-159.0823799562322
 31
0.0
  0
LINE
  5
3B8
330
17
100
AcDbEntity
  8
IV_INTERIOR_PROFILES
100
AcDbLine
 10
1756.5
 20
-144.0823799562322
 30
0.0
 11
1756.5
 21
-159.0823799562322
 31
0.0
  0
LINE
  5
3B9
330
17
100
AcDbEntity
  8
IV_INTERIOR_PROFILES
100
AcDbLine
 10
1765.1
 20
-144.0823799562322
 30
0.0
 11
1765.5
 21
-144.0823799562322
 31
0.0
  0
LINE
  5
3BA
330
17
100
AcDbEntity
  8
IV_INTERIOR_PROFILES
100
AcDbLine
 10
1765.1
 20
-159.0823799562322
 30
0.0
 11
1765.1
 21
-144.0823799562322
 31
0.0
  0
LINE
  5
3BB
330
17
100
AcDbEntity
  8
IV_INTERIOR_PROFILES
100
AcDbLine
 10
1765.5
 20
-159.0823799562322
 30
0.0
 11
1765.1
 21
-159.0823799562322
 31
0.0
  0
LINE
  5
3BC
330
17
100
AcDbEntity
  8
IV_INTERIOR_PROFILES
100
AcDbLine
 10
1765.5
 20
-144.0823799562322
 30
0.0
 11
1765.5
 21
-159.0823799562322
 31
0.0
  0
LINE
  5
3BD
330
17
100
AcDbEntity
  8
IV_INTERIOR_PROFILES
100
AcDbLine
 10
1774.1000000000001
 20
-144.0823799562322
 30
0.0
 11
1774.5
 21
-144.0823799562322
 31
0.0
  0
LINE
  5
3BE
330
17
100
AcDbEntity
  8
IV_INTERIOR_PROFILES
100
AcDbLine
 10
1774.1000000000001
 20
-159.0823799562322
 30
0.0
 11
1774.1000000000001
 21
-144.0823799562322
 31
0.0
  0
LINE
  5
3BF
330
17
100
AcDbEntity
  8
IV_INTERIOR_PROFILES
100
AcDbLine
 10
1774.5
 20
-159.0823799562322
 30
0.0
 11
1774.1000000000001
 21
-159.0823799562322
 31
0.0
  0
LINE
  5
3C0
330
17
100
AcDbEntity
  8
IV_INTERIOR_PROFILES
100
AcDbLine
 10
1774.5
 20
-144.0823799562322
 30
0.0
 11
1774.5
 21
-159.0823799562322
 31
0.0
  0
LINE
  5
3C1
330
17
100
AcDbEntity
  8
IV_INTERIOR_PROFILES
100
AcDbLine
 10
1783.1
 20
-144.0823799562322
 30
0.0
 11
1783.5
 21
-144.0823799562322
 31
0.0
  0
LINE
  5
3C2
330
17
100
AcDbEntity
  8
IV_INTERIOR_PROFILES
100
AcDbLine
 10
1783.1
 20
-159.0823799562322
 30
0.0
 11
1783.1
 21
-144.0823799562322
 31
0.0
  0
LINE
  5
3C3
330
17
100
AcDbEntity
  8
IV_INTERIOR_PROFILES
100
AcDbLine
 10
1783.5
 20
-159.0823799562322
 30
0.0
 11
1783.1
 21
-159.0823799562322
 31
0.0
  0
LINE
  5
3C4
330
17
100
AcDbEntity
  8
IV_INTERIOR_PROFILES
100
AcDbLine
 10
1783.5
 20
-144.0823799562322
 30
0.0
 11
1783.5
 21
-159.0823799562322
 31
0.0
  0
LINE
  5
3C5
330
17
100
AcDbEntity
  8
IV_INTERIOR_PROFILES
100
AcDbLine
 10
1792.1
 20
-144.0823799562322
 30
0.0
 11
1792.5
 21
-144.0823799562322
 31
0.0
  0
LINE
  5
3C6
330
17
100
AcDbEntity
  8
IV_INTERIOR_PROFILES
100
AcDbLine
 10
1792.1
 20
-159.0823799562322
 30
0.0
 11
1792.1
 21
-144.0823799562322
 31
0.0
  0
LINE
  5
3C7
330
17
100
AcDbEntity
  8
IV_INTERIOR_PROFILES
100
AcDbLine
 10
1792.5
 20
-159.0823799562322
 30
0.0
 11
1792.1
 21
-159.0823799562322
 31
0.0
  0
LINE
  5
3C8
330
17
100
AcDbEntity
  8
IV_INTERIOR_PROFILES
100
AcDbLine
 10
1792.5
 20
-144.0823799562322
 30
0.0
 11
1792.5
 21
-159.0823799562322
 31
0.0
  0
LINE
  5
3C9
330
17
100
AcDbEntity
  8
IV_INTERIOR_PROFILES
100
AcDbLine
 10
1801.1
 20
-144.0823799562322
 30
0.0
 11
1801.5
 21
-144.0823799562322
 31
0.0
  0
LINE
  5
3CA
330
17
100
AcDbEntity
  8
IV_INTERIOR_PROFILES
100
AcDbLine
 10
1801.1
 20
-159.0823799562322
 30
0.0
 11
1801.1
 21
-144.0823799562322
 31
0.0
  0
LINE
  5
3CB
330
17
100
AcDbEntity
  8
IV_INTERIOR_PROFILES
100
AcDbLine
 10
1801.5
 20
-159.0823799562322
 30
0.0
 11
1801.1
 21
-159.0823799562322
 31
0.0
  0
LINE
  5
3CC
330
17
100
AcDbEntity
  8
IV_INTERIOR_PROFILES
100
AcDbLine
 10
1801.5
 20
-144.0823799562322
 30
0.0
 11
1801.5
 21
-159.0823799562322
 31
0.0
  0
LINE
  5
3CD
330
17
100
AcDbEntity
  8
IV_INTERIOR_PROFILES
100
AcDbLine
 10
1810.1
 20
-144.0823799562322
 30
0.0
 11
1810.5
 21
-144.0823799562322
 31
0.0
  0
LINE
  5
3CE
330
17
100
AcDbEntity
  8
IV_INTERIOR_PROFILES
100
AcDbLine
 10
1810.1
 20
-159.0823799562322
 30
0.0
 11
1810.1
 21
-144.0823799562322
 31
0.0
  0
LINE
  5
3CF
330
17
100
AcDbEntity
  8
IV_INTERIOR_PROFILES
100
AcDbLine
 10
1810.5
 20
-159.0823799562322
 30
0.0
 11
1810.1
 21
-159.0823799562322
 31
0.0
  0
LINE
  5
3D0
330
17
100
AcDbEntity
  8
IV_INTERIOR_PROFILES
100
AcDbLine
 10
1810.5
 20
-144.0823799562322
 30
0.0
 11
1810.5
 21
-159.0823799562322
 31
0.0
  0
LINE
  5
3D1
330
17
100
AcDbEntity
  8
IV_INTERIOR_PROFILES
100
AcDbLine
 10
1819.1000000000001
 20
-144.0823799562322
 30
0.0
 11
1819.5
 21
-144.0823799562322
 31
0.0
  0
LINE
  5
3D2
330
17
100
AcDbEntity
  8
IV_INTERIOR_PROFILES
100
AcDbLine
 10
1819.1000000000001
 20
-159.0823799562322
 30
0.0
 11
1819.1000000000001
 21
-144.0823799562322
 31
0.0
  0
LINE
  5
3D3
330
17
100
AcDbEntity
  8
IV_INTERIOR_PROFILES
100
AcDbLine
 10
1819.5
 20
-159.0823799562322
 30
0.0
 11
1819.1000000000001
 21
-159.0823799562322
 31
0.0
  0
LINE
  5
3D4
330
17
100
AcDbEntity
  8
IV_INTERIOR_PROFILES
100
AcDbLine
 10
1819.5
 20
-144.0823799562322
 30
0.0
 11
1819.5
 21
-159.0823799562322
 31
0.0
  0
LINE
  5
3D5
330
17
100
AcDbEntity
  8
IV_INTERIOR_PROFILES
100
AcDbLine
 10
1828.1
 20
-144.0823799562322
 30
0.0
 11
1828.5
 21
-144.0823799562322
 31
0.0
  0
LINE
  5
3D6
330
17
100
AcDbEntity
  8
IV_INTERIOR_PROFILES
100
AcDbLine
 10
1828.1
 20
-159.0823799562322
 30
0.0
 11
1828.1
 21
-144.0823799562322
 31
0.0
  0
LINE
  5
3D7
330
17
100
AcDbEntity
  8
IV_INTERIOR_PROFILES
100
AcDbLine
 10
1828.5
 20
-159.0823799562322
 30
0.0
 11
1828.1
 21
-159.0823799562322
 31
0.0
  0
LINE
  5
3D8
330
17
100
AcDbEntity
  8
IV_INTERIOR_PROFILES
100
AcDbLine
 10
1828.5
 20
-144.0823799562322
 30
0.0
 11
1828.5
 21
-159.0823799562322
 31
0.0
  0
LINE
  5
3D9
330
17
100
AcDbEntity
  8
IV_INTERIOR_PROFILES
100
AcDbLine
 10
1837.1
 20
-144.0823799562322
 30
0.0
 11
1837.5
 21
-144.0823799562322
 31
0.0
  0
LINE
  5
3DA
330
17
100
AcDbEntity
  8
IV_INTERIOR_PROFILES
100
AcDbLine
 10
1837.1
 20
-159.0823799562322
 30
0.0
 11
1837.1
 21
-144.0823799562322
 31
0.0
  0
LINE
  5
3DB
330
17
100
AcDbEntity
  8
IV_INTERIOR_PROFILES
100
AcDbLine
 10
1837.5
 20
-159.0823799562322
 30
0.0
 11
1837.1
 21
-159.0823799562322
 31
0.0
  0
LINE
  5
3DC
330
17
100
AcDbEntity
  8
IV_INTERIOR_PROFILES
100
AcDbLine
 10
1837.5
 20
-144.0823799562322
 30
0.0
 11
1837.5
 21
-159.0823799562322
 31
0.0
  0
LINE
  5
3DD
330
17
100
AcDbEntity
  8
IV_INTERIOR_PROFILES
100
AcDbLine
 10
1846.1
 20
-144.0823799562322
 30
0.0
 11
1846.5
 21
-144.0823799562322
 31
0.0
  0
LINE
  5
3DE
330
17
100
AcDbEntity
  8
IV_INTERIOR_PROFILES
100
AcDbLine
 10
1846.1
 20
-159.0823799562322
 30
0.0
 11
1846.1
 21
-144.0823799562322
 31
0.0
  0
LINE
  5
3DF
330
17
100
AcDbEntity
  8
IV_INTERIOR_PROFILES
100
AcDbLine
 10
1846.5
 20
-159.0823799562322
 30
0.0
 11
1846.1
 21
-159.0823799562322
 31
0.0
  0
LINE
  5
3E0
330
17
100
AcDbEntity
  8
IV_INTERIOR_PROFILES
100
AcDbLine
 10
1846.5
 20
-144.0823799562322
 30
0.0
 11
1846.5
 21
-159.0823799562322
 31
0.0
  0
LINE
  5
3E1
330
17
100
AcDbEntity
  8
IV_INTERIOR_PROFILES
100
AcDbLine
 10
1855.1
 20
-144.0823799562322
 30
0.0
 11
1855.5
 21
-144.0823799562322
 31
0.0
  0
LINE
  5
3E2
330
17
100
AcDbEntity
  8
IV_INTERIOR_PROFILES
100
AcDbLine
 10
1855.1
 20
-159.0823799562322
 30
0.0
 11
1855.1
 21
-144.0823799562322
 31
0.0
  0
LINE
  5
3E3
330
17
100
AcDbEntity
  8
IV_INTERIOR_PROFILES
100
AcDbLine
 10
1855.5
 20
-159.0823799562322
 30
0.0
 11
1855.1
 21
-159.0823799562322
 31
0.0
  0
LINE
  5
3E4
330
17
100
AcDbEntity
  8
IV_INTERIOR_PROFILES
100
AcDbLine
 10
1855.5
 20
-144.0823799562322
 30
0.0
 11
1855.5
 21
-159.0823799562322
 31
0.0
  0
LINE
  5
3E5
330
17
100
AcDbEntity
  8
IV_INTERIOR_PROFILES
100
AcDbLine
 10
1864.1
 20
-144.0823799562322
 30
0.0
 11
1864.5
 21
-144.0823799562322
 31
0.0
  0
LINE
  5
3E6
330
17
100
AcDbEntity
  8
IV_INTERIOR_PROFILES
100
AcDbLine
 10
1864.1
 20
-159.0823799562322
 30
0.0
 11
1864.1
 21
-144.0823799562322
 31
0.0
  0
LINE
  5
3E7
330
17
100
AcDbEntity
  8
IV_INTERIOR_PROFILES
100
AcDbLine
 10
1864.5
 20
-159.0823799562322
 30
0.0
 11
1864.1
 21
-159.0823799562322
 31
0.0
  0
LINE
  5
3E8
330
17
100
AcDbEntity
  8
IV_INTERIOR_PROFILES
100
AcDbLine
 10
1864.5
 20
-144.0823799562322
 30
0.0
 11
1864.5
 21
-159.0823799562322
 31
0.0
  0
LINE
  5
3E9
330
17
100
AcDbEntity
  8
IV_INTERIOR_PROFILES
100
AcDbLine
 10
1873.1
 20
-144.0823799562322
 30
0.0
 11
1873.5
 21
-144.0823799562322
 31
0.0
  0
LINE
  5
3EA
330
17
100
AcDbEntity
  8
IV_INTERIOR_PROFILES
100
AcDbLine
 10
1873.1
 20
-159.0823799562322
 30
0.0
 11
1873.1
 21
-144.0823799562322
 31
0.0
  0
LINE
  5
3EB
330
17
100
AcDbEntity
  8
IV_INTERIOR_PROFILES
100
AcDbLine
 10
1873.5
 20
-159.0823799562322
 30
0.0
 11
1873.1
 21
-159.0823799562322
 31
0.0
  0
LINE
  5
3EC
330
17
100
AcDbEntity
  8
IV_INTERIOR_PROFILES
100
AcDbLine
 10
1873.5
 20
-144.0823799562322
 30
0.0
 11
1873.5
 21
-159.0823799562322
 31
0.0
  0
LINE
  5
3ED
330
17
100
AcDbEntity
  8
IV_INTERIOR_PROFILES
100
AcDbLine
 10
1882.1
 20
-144.0823799562322
 30
0.0
 11
1882.5
 21
-144.0823799562322
 31
0.0
  0
LINE
  5
3EE
330
17
100
AcDbEntity
  8
IV_INTERIOR_PROFILES
100
AcDbLine
 10
1882.1
 20
-159.0823799562322
 30
0.0
 11
1882.1
 21
-144.0823799562322
 31
0.0
  0
LINE
  5
3EF
330
17
100
AcDbEntity
  8
IV_INTERIOR_PROFILES
100
AcDbLine
 10
1882.5
 20
-159.0823799562322
 30
0.0
 11
1882.1
 21
-159.0823799562322
 31
0.0
  0
LINE
  5
3F0
330
17
100
AcDbEntity
  8
IV_INTERIOR_PROFILES
100
AcDbLine
 10
1882.5
 20
-144.0823799562322
 30
0.0
 11
1882.5
 21
-159.0823799562322
 31
0.0
  0
LINE
  5
3F1
330
17
100
AcDbEntity
  8
IV_INTERIOR_PROFILES
100
AcDbLine
 10
1891.1000000000001
 20
-144.0823799562322
 30
0.0
 11
1891.5
 21
-144.0823799562322
 31
0.0
  0
LINE
  5
3F2
330
17
100
AcDbEntity
  8
IV_INTERIOR_PROFILES
100
AcDbLine
 10
1891.1000000000001
 20
-159.0823799562322
 30
0.0
 11
1891.1000000000001
 21
-144.0823799562322
 31
0.0
  0
LINE
  5
3F3
330
17
100
AcDbEntity
  8
IV_INTERIOR_PROFILES
100
AcDbLine
 10
1891.5
 20
-159.0823799562322
 30
0.0
 11
1891.1000000000001
 21
-159.0823799562322
 31
0.0
  0
LINE
  5
3F4
330
17
100
AcDbEntity
  8
IV_INTERIOR_PROFILES
100
AcDbLine
 10
1891.5
 20
-144.0823799562322
 30
0.0
 11
1891.5
 21
-159.0823799562322
 31
0.0
  0
LINE
  5
3F5
330
17
100
AcDbEntity
  8
IV_INTERIOR_PROFILES
100
AcDbLine
 10
1900.1
 20
-144.0823799562322
 30
0.0
 11
1900.5
 21
-144.0823799562322
 31
0.0
  0
LINE
  5
3F6
330
17
100
AcDbEntity
  8
IV_INTERIOR_PROFILES
100
AcDbLine
 10
1900.1
 20
-159.0823799562322
 30
0.0
 11
1900.1
 21
-144.0823799562322
 31
0.0
  0
LINE
  5
3F7
330
17
100
AcDbEntity
  8
IV_INTERIOR_PROFILES
100
AcDbLine
 10
1900.5
 20
-159.0823799562322
 30
0.0
 11
1900.1
 21
-159.0823799562322
 31
0.0
  0
LINE
  5
3F8
330
17
100
AcDbEntity
  8
IV_INTERIOR_PROFILES
100
AcDbLine
 10
1900.5
 20
-144.0823799562322
 30
0.0
 11
1900.5
 21
-159.0823799562322
 31
0.0
  0
LINE
  5
3F9
330
17
100
AcDbEntity
  8
IV_INTERIOR_PROFILES
100
AcDbLine
 10
1909.1
 20
-144.0823799562322
 30
0.0
 11
1909.5
 21
-144.0823799562322
 31
0.0
  0
LINE
  5
3FA
330
17
100
AcDbEntity
  8
IV_INTERIOR_PROFILES
100
AcDbLine
 10
1909.1
 20
-159.0823799562322
 30
0.0
 11
1909.1
 21
-144.0823799562322
 31
0.0
  0
LINE
  5
3FB
330
17
100
AcDbEntity
  8
IV_INTERIOR_PROFILES
100
AcDbLine
 10
1909.5
 20
-159.0823799562322
 30
0.0
 11
1909.1
 21
-159.0823799562322
 31
0.0
  0
LINE
  5
3FC
330
17
100
AcDbEntity
  8
IV_INTERIOR_PROFILES
100
AcDbLine
 10
1909.5
 20
-144.0823799562322
 30
0.0
 11
1909.5
 21
-159.0823799562322
 31
0.0
  0
LINE
  5
3FD
330
17
100
AcDbEntity
  8
IV_INTERIOR_PROFILES
100
AcDbLine
 10
1918.1
 20
-144.0823799562322
 30
0.0
 11
1918.5
 21
-144.0823799562322
 31
0.0
  0
LINE
  5
3FE
330
17
100
AcDbEntity
  8
IV_INTERIOR_PROFILES
100
AcDbLine
 10
1918.1
 20
-159.0823799562322
 30
0.0
 11
1918.1
 21
-144.0823799562322
 31
0.0
  0
LINE
  5
3FF
330
17
100
AcDbEntity
  8
IV_INTERIOR_PROFILES
100
AcDbLine
 10
1918.5
 20
-159.0823799562322
 30
0.0
 11
1918.1
 21
-159.0823799562322
 31
0.0
  0
LINE
  5
400
330
17
100
AcDbEntity
  8
IV_INTERIOR_PROFILES
100
AcDbLine
 10
1918.5
 20
-144.0823799562322
 30
0.0
 11
1918.5
 21
-159.0823799562322
 31
0.0
  0
LINE
  5
401
330
17
100
AcDbEntity
  8
IV_INTERIOR_PROFILES
100
AcDbLine
 10
1927.1
 20
-144.0823799562322
 30
0.0
 11
1927.5
 21
-144.0823799562322
 31
0.0
  0
LINE
  5
402
330
17
100
AcDbEntity
  8
IV_INTERIOR_PROFILES
100
AcDbLine
 10
1927.1
 20
-159.0823799562322
 30
0.0
 11
1927.1
 21
-144.0823799562322
 31
0.0
  0
LINE
  5
403
330
17
100
AcDbEntity
  8
IV_INTERIOR_PROFILES
100
AcDbLine
 10
1927.5
 20
-159.0823799562322
 30
0.0
 11
1927.1
 21
-159.0823799562322
 31
0.0
  0
LINE
  5
404
330
17
100
AcDbEntity
  8
IV_INTERIOR_PROFILES
100
AcDbLine
 10
1927.5
 20
-144.0823799562322
 30
0.0
 11
1927.5
 21
-159.0823799562322
 31
0.0
  0
LINE
  5
405
330
17
100
AcDbEntity
  8
IV_INTERIOR_PROFILES
100
AcDbLine
 10
1936.1
 20
-144.0823799562322
 30
0.0
 11
1936.5
 21
-144.0823799562322
 31
0.0
  0
LINE
  5
406
330
17
100
AcDbEntity
  8
IV_INTERIOR_PROFILES
100
AcDbLine
 10
1936.1
 20
-159.0823799562322
 30
0.0
 11
1936.1
 21
-144.0823799562322
 31
0.0
  0
LINE
  5
407
330
17
100
AcDbEntity
  8
IV_INTERIOR_PROFILES
100
AcDbLine
 10
1936.5
 20
-159.0823799562322
 30
0.0
 11
1936.1
 21
-159.0823799562322
 31
0.0
  0
LINE
  5
408
330
17
100
AcDbEntity
  8
IV_INTERIOR_PROFILES
100
AcDbLine
 10
1936.5
 20
-144.0823799562322
 30
0.0
 11
1936.5
 21
-159.0823799562322
 31
0.0
  0
LINE
  5
409
330
17
100
AcDbEntity
  8
IV_INTERIOR_PROFILES
100
AcDbLine
 10
1945.1
 20
-144.0823799562322
 30
0.0
 11
1945.5
 21
-144.0823799562322
 31
0.0
  0
LINE
  5
40A
330
17
100
AcDbEntity
  8
IV_INTERIOR_PROFILES
100
AcDbLine
 10
1945.1
 20
-159.0823799562322
 30
0.0
 11
1945.1
 21
-144.0823799562322
 31
0.0
  0
LINE
  5
40B
330
17
100
AcDbEntity
  8
IV_INTERIOR_PROFILES
100
AcDbLine
 10
1945.5
 20
-159.0823799562322
 30
0.0
 11
1945.1
 21
-159.0823799562322
 31
0.0
  0
LINE
  5
40C
330
17
100
AcDbEntity
  8
IV_INTERIOR_PROFILES
100
AcDbLine
 10
1945.5
 20
-144.0823799562322
 30
0.0
 11
1945.5
 21
-159.0823799562322
 31
0.0
  0
LINE
  5
40D
330
17
100
AcDbEntity
  8
IV_INTERIOR_PROFILES
100
AcDbLine
 10
1954.1
 20
-144.0823799562322
 30
0.0
 11
1954.5
 21
-144.0823799562322
 31
0.0
  0
LINE
  5
40E
330
17
100
AcDbEntity
  8
IV_INTERIOR_PROFILES
100
AcDbLine
 10
1954.1
 20
-159.0823799562322
 30
0.0
 11
1954.1
 21
-144.0823799562322
 31
0.0
  0
LINE
  5
40F
330
17
100
AcDbEntity
  8
IV_INTERIOR_PROFILES
100
AcDbLine
 10
1954.5
 20
-159.0823799562322
 30
0.0
 11
1954.1
 21
-159.0823799562322
 31
0.0
  0
LINE
  5
410
330
17
100
AcDbEntity
  8
IV_INTERIOR_PROFILES
100
AcDbLine
 10
1954.5
 20
-144.0823799562322
 30
0.0
 11
1954.5
 21
-159.0823799562322
 31
0.0
  0
LINE
  5
411
330
17
100
AcDbEntity
  8
IV_INTERIOR_PROFILES
100
AcDbLine
 10
1963.1
 20
-144.0823799562322
 30
0.0
 11
1963.5
 21
-144.0823799562322
 31
0.0
  0
LINE
  5
412
330
17
100
AcDbEntity
  8
IV_INTERIOR_PROFILES
100
AcDbLine
 10
1963.1
 20
-159.0823799562322
 30
0.0
 11
1963.1
 21
-144.0823799562322
 31
0.0
  0
LINE
  5
413
330
17
100
AcDbEntity
  8
IV_INTERIOR_PROFILES
100
AcDbLine
 10
1963.5
 20
-159.0823799562322
 30
0.0
 11
1963.1
 21
-159.0823799562322
 31
0.0
  0
LINE
  5
414
330
17
100
AcDbEntity
  8
IV_INTERIOR_PROFILES
100
AcDbLine
 10
1963.5
 20
-144.0823799562322
 30
0.0
 11
1963.5
 21
-159.0823799562322
 31
0.0
  0
LINE
  5
415
330
17
100
AcDbEntity
  8
IV_INTERIOR_PROFILES
100
AcDbLine
 10
1972.1
 20
-144.0823799562322
 30
0.0
 11
1972.5
 21
-144.0823799562322
 31
0.0
  0
LINE
  5
416
330
17
100
AcDbEntity
  8
IV_INTERIOR_PROFILES
100
AcDbLine
 10
1972.1
 20
-159.0823799562322
 30
0.0
 11
1972.1
 21
-144.0823799562322
 31
0.0
  0
LINE
  5
417
330
17
100
AcDbEntity
  8
IV_INTERIOR_PROFILES
100
AcDbLine
 10
1972.5
 20
-159.0823799562322
 30
0.0
 11
1972.1
 21
-159.0823799562322
 31
0.0
  0
LINE
  5
418
330
17
100
AcDbEntity
  8
IV_INTERIOR_PROFILES
100
AcDbLine
 10
1972.5
 20
-144.0823799562322
 30
0.0
 11
1972.5
 21
-159.0823799562322
 31
0.0
  0
LINE
  5
419
330
17
100
AcDbEntity
  8
IV_INTERIOR_PROFILES
100
AcDbLine
 10
1981.1
 20
-144.0823799562322
 30
0.0
 11
1981.5
 21
-144.0823799562322
 31
0.0
  0
LINE
  5
41A
330
17
100
AcDbEntity
  8
IV_INTERIOR_PROFILES
100
AcDbLine
 10
1981.1
 20
-159.0823799562322
 30
0.0
 11
1981.1
 21
-144.0823799562322
 31
0.0
  0
LINE
  5
41B
330
17
100
AcDbEntity
  8
IV_INTERIOR_PROFILES
100
AcDbLine
 10
1981.5
 20
-159.0823799562322
 30
0.0
 11
1981.1
 21
-159.0823799562322
 31
0.0
  0
LINE
  5
41C
330
17
100
AcDbEntity
  8
IV_INTERIOR_PROFILES
100
AcDbLine
 10
1981.5
 20
-144.0823799562322
 30
0.0
 11
1981.5
 21
-159.0823799562322
 31
0.0
  0
LINE
  5
41D
330
17
100
AcDbEntity
  8
IV_INTERIOR_PROFILES
100
AcDbLine
 10
1990.1000000000001
 20
-144.0823799562322
 30
0.0
 11
1990.5
 21
-144.0823799562322
 31
0.0
  0
LINE
  5
41E
330
17
100
AcDbEntity
  8
IV_INTERIOR_PROFILES
100
AcDbLine
 10
1990.1000000000001
 20
-159.0823799562322
 30
0.0
 11
1990.1000000000001
 21
-144.0823799562322
 31
0.0
  0
LINE
  5
41F
330
17
100
AcDbEntity
  8
IV_INTERIOR_PROFILES
100
AcDbLine
 10
1990.5
 20
-159.0823799562322
 30
0.0
 11
1990.1000000000001
 21
-159.0823799562322
 31
0.0
  0
LINE
  5
420
330
17
100
AcDbEntity
  8
IV_INTERIOR_PROFILES
100
AcDbLine
 10
1990.5
 20
-144.0823799562322
 30
0.0
 11
1990.5
 21
-159.0823799562322
 31
0.0
  0
LINE
  5
421
330
17
100
AcDbEntity
  8
IV_INTERIOR_PROFILES
100
AcDbLine
 10
1999.1
 20
-144.0823799562322
 30
0.0
 11
1999.5
 21
-144.0823799562322
 31
0.0
  0
LINE
  5
422
330
17
100
AcDbEntity
  8
IV_INTERIOR_PROFILES
100
AcDbLine
 10
1999.1
 20
-159.0823799562322
 30
0.0
 11
1999.1
 21
-144.0823799562322
 31
0.0
  0
LINE
  5
423
330
17
100
AcDbEntity
  8
IV_INTERIOR_PROFILES
100
AcDbLine
 10
1999.5
 20
-159.0823799562322
 30
0.0
 11
1999.1
 21
-159.0823799562322
 31
0.0
  0
LINE
  5
424
330
17
100
AcDbEntity
  8
IV_INTERIOR_PROFILES
100
AcDbLine
 10
1999.5
 20
-144.0823799562322
 30
0.0
 11
1999.5
 21
-159.0823799562322
 31
0.0
  0
LINE
  5
425
330
17
100
AcDbEntity
  8
IV_INTERIOR_PROFILES
100
AcDbLine
 10
2008.1
 20
-144.0823799562322
 30
0.0
 11
2008.5
 21
-144.0823799562322
 31
0.0
  0
LINE
  5
426
330
17
100
AcDbEntity
  8
IV_INTERIOR_PROFILES
100
AcDbLine
 10
2008.1
 20
-159.0823799562322
 30
0.0
 11
2008.1
 21
-144.0823799562322
 31
0.0
  0
LINE
  5
427
330
17
100
AcDbEntity
  8
IV_INTERIOR_PROFILES
100
AcDbLine
 10
2008.5
 20
-159.0823799562322
 30
0.0
 11
2008.1
 21
-159.0823799562322
 31
0.0
  0
LINE
  5
428
330
17
100
AcDbEntity
  8
IV_INTERIOR_PROFILES
100
AcDbLine
 10
2008.5
 20
-144.0823799562322
 30
0.0
 11
2008.5
 21
-159.0823799562322
 31
0.0
  0
LINE
  5
429
330
17
100
AcDbEntity
  8
IV_INTERIOR_PROFILES
100
AcDbLine
 10
2017.1
 20
-144.0823799562322
 30
0.0
 11
2017.5
 21
-144.0823799562322
 31
0.0
  0
LINE
  5
42A
330
17
100
AcDbEntity
  8
IV_INTERIOR_PROFILES
100
AcDbLine
 10
2017.1
 20
-159.0823799562322
 30
0.0
 11
2017.1
 21
-144.0823799562322
 31
0.0
  0
LINE
  5
42B
330
17
100
AcDbEntity
  8
IV_INTERIOR_PROFILES
100
AcDbLine
 10
2017.5
 20
-159.0823799562322
 30
0.0
 11
2017.1
 21
-159.0823799562322
 31
0.0
  0
LINE
  5
42C
330
17
100
AcDbEntity
  8
IV_INTERIOR_PROFILES
100
AcDbLine
 10
2017.5
 20
-144.0823799562322
 30
0.0
 11
2017.5
 21
-159.0823799562322
 31
0.0
  0
LINE
  5
42D
330
17
100
AcDbEntity
  8
IV_INTERIOR_PROFILES
100
AcDbLine
 10
2026.1
 20
-144.0823799562322
 30
0.0
 11
2026.4999999999998
 21
-144.0823799562322
 31
0.0
  0
LINE
  5
42E
330
17
100
AcDbEntity
  8
IV_INTERIOR_PROFILES
100
AcDbLine
 10
2026.1
 20
-159.0823799562322
 30
0.0
 11
2026.1
 21
-144.0823799562322
 31
0.0
  0
LINE
  5
42F
330
17
100
AcDbEntity
  8
IV_INTERIOR_PROFILES
100
AcDbLine
 10
2026.4999999999998
 20
-159.0823799562322
 30
0.0
 11
2026.1
 21
-159.0823799562322
 31
0.0
  0
LINE
  5
430
330
17
100
AcDbEntity
  8
IV_INTERIOR_PROFILES
100
AcDbLine
 10
2026.4999999999998
 20
-144.0823799562322
 30
0.0
 11
2026.4999999999998
 21
-159.0823799562322
 31
0.0
  0
LINE
  5
431
330
17
100
AcDbEntity
  8
IV_INTERIOR_PROFILES
100
AcDbLine
 10
2035.1
 20
-144.0823799562322
 30
0.0
 11
2035.5
 21
-144.0823799562322
 31
0.0
  0
LINE
  5
432
330
17
100
AcDbEntity
  8
IV_INTERIOR_PROFILES
100
AcDbLine
 10
2035.1
 20
-159.0823799562322
 30
0.0
 11
2035.1
 21
-144.0823799562322
 31
0.0
  0
LINE
  5
433
330
17
100
AcDbEntity
  8
IV_INTERIOR_PROFILES
100
AcDbLine
 10
2035.5
 20
-159.0823799562322
 30
0.0
 11
2035.1
 21
-159.0823799562322
 31
0.0
  0
LINE
  5
434
330
17
100
AcDbEntity
  8
IV_INTERIOR_PROFILES
100
AcDbLine
 10
2035.5
 20
-144.0823799562322
 30
0.0
 11
2035.5
 21
-159.0823799562322
 31
0.0
  0
LINE
  5
435
330
17
100
AcDbEntity
  8
IV_INTERIOR_PROFILES
100
AcDbLine
 10
2044.1
 20
-144.0823799562322
 30
0.0
 11
2044.5
 21
-144.0823799562322
 31
0.0
  0
LINE
  5
436
330
17
100
AcDbEntity
  8
IV_INTERIOR_PROFILES
100
AcDbLine
 10
2044.1
 20
-159.0823799562322
 30
0.0
 11
2044.1
 21
-144.0823799562322
 31
0.0
  0
LINE
  5
437
330
17
100
AcDbEntity
  8
IV_INTERIOR_PROFILES
100
AcDbLine
 10
2044.5
 20
-159.0823799562322
 30
0.0
 11
2044.1
 21
-159.0823799562322
 31
0.0
  0
LINE
  5
438
330
17
100
AcDbEntity
  8
IV_INTERIOR_PROFILES
100
AcDbLine
 10
2044.5
 20
-144.0823799562322
 30
0.0
 11
2044.5
 21
-159.0823799562322
 31
0.0
  0
LINE
  5
439
330
17
100
AcDbEntity
  8
IV_INTERIOR_PROFILES
100
AcDbLine
 10
2053.1
 20
-144.0823799562322
 30
0.0
 11
2053.5
 21
-144.0823799562322
 31
0.0
  0
LINE
  5
43A
330
17
100
AcDbEntity
  8
IV_INTERIOR_PROFILES
100
AcDbLine
 10
2053.1
 20
-159.0823799562322
 30
0.0
 11
2053.1
 21
-144.0823799562322
 31
0.0
  0
LINE
  5
43B
330
17
100
AcDbEntity
  8
IV_INTERIOR_PROFILES
100
AcDbLine
 10
2053.5
 20
-159.0823799562322
 30
0.0
 11
2053.1
 21
-159.0823799562322
 31
0.0
  0
LINE
  5
43C
330
17
100
AcDbEntity
  8
IV_INTERIOR_PROFILES
100
AcDbLine
 10
2053.5
 20
-144.0823799562322
 30
0.0
 11
2053.5
 21
-159.0823799562322
 31
0.0
  0
LINE
  5
43D
330
17
100
AcDbEntity
  8
IV_INTERIOR_PROFILES
100
AcDbLine
 10
2062.1
 20
-144.0823799562322
 30
0.0
 11
2062.5
 21
-144.0823799562322
 31
0.0
  0
LINE
  5
43E
330
17
100
AcDbEntity
  8
IV_INTERIOR_PROFILES
100
AcDbLine
 10
2062.1
 20
-159.0823799562322
 30
0.0
 11
2062.1
 21
-144.0823799562322
 31
0.0
  0
LINE
  5
43F
330
17
100
AcDbEntity
  8
IV_INTERIOR_PROFILES
100
AcDbLine
 10
2062.5
 20
-159.0823799562322
 30
0.0
 11
2062.1
 21
-159.0823799562322
 31
0.0
  0
LINE
  5
440
330
17
100
AcDbEntity
  8
IV_INTERIOR_PROFILES
100
AcDbLine
 10
2062.5
 20
-144.0823799562322
 30
0.0
 11
2062.5
 21
-159.0823799562322
 31
0.0
  0
LINE
  5
441
330
17
100
AcDbEntity
  8
IV_INTERIOR_PROFILES
100
AcDbLine
 10
2071.1
 20
-144.0823799562322
 30
0.0
 11
2071.5
 21
-144.0823799562322
 31
0.0
  0
LINE
  5
442
330
17
100
AcDbEntity
  8
IV_INTERIOR_PROFILES
100
AcDbLine
 10
2071.1
 20
-159.0823799562322
 30
0.0
 11
2071.1
 21
-144.0823799562322
 31
0.0
  0
LINE
  5
443
330
17
100
AcDbEntity
  8
IV_INTERIOR_PROFILES
100
AcDbLine
 10
2071.5
 20
-159.0823799562322
 30
0.0
 11
2071.1
 21
-159.0823799562322
 31
0.0
  0
LINE
  5
444
330
17
100
AcDbEntity
  8
IV_INTERIOR_PROFILES
100
AcDbLine
 10
2071.5
 20
-144.0823799562322
 30
0.0
 11
2071.5
 21
-159.0823799562322
 31
0.0
  0
LINE
  5
445
330
17
100
AcDbEntity
  8
IV_INTERIOR_PROFILES
100
AcDbLine
 10
2080.1
 20
-144.0823799562322
 30
0.0
 11
2080.5
 21
-144.0823799562322
 31
0.0
  0
LINE
  5
446
330
17
100
AcDbEntity
  8
IV_INTERIOR_PROFILES
100
AcDbLine
 10
2080.1
 20
-159.0823799562322
 30
0.0
 11
2080.1
 21
-144.0823799562322
 31
0.0
  0
LINE
  5
447
330
17
100
AcDbEntity
  8
IV_INTERIOR_PROFILES
100
AcDbLine
 10
2080.5
 20
-159.0823799562322
 30
0.0
 11
2080.1
 21
-159.0823799562322
 31
0.0
  0
LINE
  5
448
330
17
100
AcDbEntity
  8
IV_INTERIOR_PROFILES
100
AcDbLine
 10
2080.5
 20
-144.0823799562322
 30
0.0
 11
2080.5
 21
-159.0823799562322
 31
0.0
  0
LINE
  5
449
330
17
100
AcDbEntity
  8
IV_INTERIOR_PROFILES
100
AcDbLine
 10
2089.1
 20
-144.0823799562322
 30
0.0
 11
2089.5
 21
-144.0823799562322
 31
0.0
  0
LINE
  5
44A
330
17
100
AcDbEntity
  8
IV_INTERIOR_PROFILES
100
AcDbLine
 10
2089.1
 20
-159.0823799562322
 30
0.0
 11
2089.1
 21
-144.0823799562322
 31
0.0
  0
LINE
  5
44B
330
17
100
AcDbEntity
  8
IV_INTERIOR_PROFILES
100
AcDbLine
 10
2089.5
 20
-159.0823799562322
 30
0.0
 11
2089.1
 21
-159.0823799562322
 31
0.0
  0
LINE
  5
44C
330
17
100
AcDbEntity
  8
IV_INTERIOR_PROFILES
100
AcDbLine
 10
2089.5
 20
-144.0823799562322
 30
0.0
 11
2089.5
 21
-159.0823799562322
 31
0.0
  0
LINE
  5
44D
330
17
100
AcDbEntity
  8
IV_INTERIOR_PROFILES
100
AcDbLine
 10
2098.1
 20
-144.0823799562322
 30
0.0
 11
2098.5
 21
-144.0823799562322
 31
0.0
  0
LINE
  5
44E
330
17
100
AcDbEntity
  8
IV_INTERIOR_PROFILES
100
AcDbLine
 10
2098.1
 20
-159.0823799562322
 30
0.0
 11
2098.1
 21
-144.0823799562322
 31
0.0
  0
LINE
  5
44F
330
17
100
AcDbEntity
  8
IV_INTERIOR_PROFILES
100
AcDbLine
 10
2098.5
 20
-159.0823799562322
 30
0.0
 11
2098.1
 21
-159.0823799562322
 31
0.0
  0
LINE
  5
450
330
17
100
AcDbEntity
  8
IV_INTERIOR_PROFILES
100
AcDbLine
 10
2098.5
 20
-144.0823799562322
 30
0.0
 11
2098.5
 21
-159.0823799562322
 31
0.0
  0
LINE
  5
451
330
17
100
AcDbEntity
  8
IV_INTERIOR_PROFILES
100
AcDbLine
 10
2107.1
 20
-144.0823799562322
 30
0.0
 11
2107.5
 21
-144.0823799562322
 31
0.0
  0
LINE
  5
452
330
17
100
AcDbEntity
  8
IV_INTERIOR_PROFILES
100
AcDbLine
 10
2107.1
 20
-159.0823799562322
 30
0.0
 11
2107.1
 21
-144.0823799562322
 31
0.0
  0
LINE
  5
453
330
17
100
AcDbEntity
  8
IV_INTERIOR_PROFILES
100
AcDbLine
 10
2107.5
 20
-159.0823799562322
 30
0.0
 11
2107.1
 21
-159.0823799562322
 31
0.0
  0
LINE
  5
454
330
17
100
AcDbEntity
  8
IV_INTERIOR_PROFILES
100
AcDbLine
 10
2107.5
 20
-144.0823799562322
 30
0.0
 11
2107.5
 21
-159.0823799562322
 31
0.0
  0
LINE
  5
455
330
17
100
AcDbEntity
  8
IV_INTERIOR_PROFILES
100
AcDbLine
 10
2116.1
 20
-144.0823799562322
 30
0.0
 11
2116.5
 21
-144.0823799562322
 31
0.0
  0
LINE
  5
456
330
17
100
AcDbEntity
  8
IV_INTERIOR_PROFILES
100
AcDbLine
 10
2116.1
 20
-159.0823799562322
 30
0.0
 11
2116.1
 21
-144.0823799562322
 31
0.0
  0
LINE
  5
457
330
17
100
AcDbEntity
  8
IV_INTERIOR_PROFILES
100
AcDbLine
 10
2116.5
 20
-159.0823799562322
 30
0.0
 11
2116.1
 21
-159.0823799562322
 31
0.0
  0
LINE
  5
458
330
17
100
AcDbEntity
  8
IV_INTERIOR_PROFILES
100
AcDbLine
 10
2116.5
 20
-144.0823799562322
 30
0.0
 11
2116.5
 21
-159.0823799562322
 31
0.0
  0
LINE
  5
459
330
17
100
AcDbEntity
  8
IV_INTERIOR_PROFILES
100
AcDbLine
 10
2125.1
 20
-144.0823799562322
 30
0.0
 11
2125.5
 21
-144.0823799562322
 31
0.0
  0
LINE
  5
45A
330
17
100
AcDbEntity
  8
IV_INTERIOR_PROFILES
100
AcDbLine
 10
2125.1
 20
-159.0823799562322
 30
0.0
 11
2125.1
 21
-144.0823799562322
 31
0.0
  0
LINE
  5
45B
330
17
100
AcDbEntity
  8
IV_INTERIOR_PROFILES
100
AcDbLine
 10
2125.5
 20
-159.0823799562322
 30
0.0
 11
2125.1
 21
-159.0823799562322
 31
0.0
  0
LINE
  5
45C
330
17
100
AcDbEntity
  8
IV_INTERIOR_PROFILES
100
AcDbLine
 10
2125.5
 20
-144.0823799562322
 30
0.0
 11
2125.5
 21
-159.0823799562322
 31
0.0
  0
LINE
  5
45D
330
17
100
AcDbEntity
  8
IV_INTERIOR_PROFILES
100
AcDbLine
 10
2134.1
 20
-144.0823799562322
 30
0.0
 11
2134.5
 21
-144.0823799562322
 31
0.0
  0
LINE
  5
45E
330
17
100
AcDbEntity
  8
IV_INTERIOR_PROFILES
100
AcDbLine
 10
2134.1
 20
-159.0823799562322
 30
0.0
 11
2134.1
 21
-144.0823799562322
 31
0.0
  0
LINE
  5
45F
330
17
100
AcDbEntity
  8
IV_INTERIOR_PROFILES
100
AcDbLine
 10
2134.5
 20
-159.0823799562322
 30
0.0
 11
2134.1
 21
-159.0823799562322
 31
0.0
  0
LINE
  5
460
330
17
100
AcDbEntity
  8
IV_INTERIOR_PROFILES
100
AcDbLine
 10
2134.5
 20
-144.0823799562322
 30
0.0
 11
2134.5
 21
-159.0823799562322
 31
0.0
  0
LINE
  5
461
330
17
100
AcDbEntity
  8
IV_INTERIOR_PROFILES
100
AcDbLine
 10
1054.1
 20
-144.0823799562322
 30
0.0
 11
1054.4999999999998
 21
-144.0823799562322
 31
0.0
  0
LINE
  5
462
330
17
100
AcDbEntity
  8
IV_INTERIOR_PROFILES
100
AcDbLine
 10
1054.1
 20
-159.0823799562322
 30
0.0
 11
1054.1
 21
-144.0823799562322
 31
0.0
  0
LINE
  5
463
330
17
100
AcDbEntity
  8
IV_INTERIOR_PROFILES
100
AcDbLine
 10
1054.4999999999998
 20
-159.0823799562322
 30
0.0
 11
1054.1
 21
-159.0823799562322
 31
0.0
  0
LINE
  5
464
330
17
100
AcDbEntity
  8
IV_INTERIOR_PROFILES
100
AcDbLine
 10
1054.4999999999998
 20
-144.0823799562322
 30
0.0
 11
1054.4999999999998
 21
-159.0823799562322
 31
0.0
  0
LINE
  5
465
330
17
100
AcDbEntity
  8
IV_INTERIOR_PROFILES
100
AcDbLine
 10
2143.1
 20
-144.0823799562322
 30
0.0
 11
2143.5
 21
-144.0823799562322
 31
0.0
  0
LINE
  5
466
330
17
100
AcDbEntity
  8
IV_INTERIOR_PROFILES
100
AcDbLine
 10
2143.1
 20
-159.0823799562322
 30
0.0
 11
2143.1
 21
-144.0823799562322
 31
0.0
  0
LINE
  5
467
330
17
100
AcDbEntity
  8
IV_INTERIOR_PROFILES
100
AcDbLine
 10
2143.5
 20
-159.0823799562322
 30
0.0
 11
2143.1
 21
-159.0823799562322
 31
0.0
  0
LINE
  5
468
330
17
100
AcDbEntity
  8
IV_INTERIOR_PROFILES
100
AcDbLine
 10
2143.5
 20
-144.0823799562322
 30
0.0
 11
2143.5
 21
-159.0823799562322
 31
0.0
  0
LINE
  5
469
330
17
100
AcDbEntity
  8
IV_OUTER_PROFILE
100
AcDbLine
 10
2150.0
 20
-130.0
 30
0.0
 11
2150.0
 21
-199.707032028883
 31
0.0
  0
LINE
  5
46A
330
17
100
AcDbEntity
  8
IV_OUTER_PROFILE
100
AcDbLine
 10
1040.0
 20
-199.70703202888302
 30
0.0
 11
1040.0
 21
-130.0
 31
0.0
  0
LINE
  5
46B
330
17
100
AcDbEntity
  8
IV_OUTER_PROFILE
100
AcDbLine
 10
2150.0
 20
-199.707032028883
 30
0.0
 11
1040.0
 21
-199.70703202888302
 31
0.0
  0
LINE
  5
46C
330
17
100
AcDbEntity
  8
IV_OUTER_PROFILE
100
AcDbLine
 10
1040.0
 20
-130.0
 30
0.0
 11
2150.0
 21
-130.0
 31
0.0
  0
TEXT
  5
46D
330
17
100
AcDbEntity
  8
LABELS
100
AcDbText
 10
0.0
 20
-179.8535160144415
 30
0.0
 40
30.0
  1
NDV-3102 s0.8mm x12
 11
0.0
 21
-179.8535160144415
 31
0.0
100
AcDbText
  0
LINE
  5
46E
330
17
100
AcDbEntity
  8
IV_BEND_DOWN
100
AcDbLine
 10
1040.0
 20
-334.50170612263435
 30
0.0
 11
2070.0
 21
-334.5017061226346
 31
0.0
  0
LINE
  5
46F
330
17
100
AcDbEntity
  8
IV_BEND_DOWN
100
AcDbLine
 10
1040.0
 20
-359.5692702406075
 30
0.0
 11
2070.0
 21
-359.5692702406078
 31
0.0
  0
LINE
  5
470
330
17
100
AcDbEntity
  8
IV_BEND_DOWN
100
AcDbLine
 10
1040.0
 20
-309.4315874645765
 30
0.0
 11
2070.0
 21
-309.4315874645768
 31
0.0
  0
LINE
  5
471
330
17
100
AcDbEntity
  8
IV_INTERIOR_PROFILES
100
AcDbLine
 10
1055.1000000000001
 20
-340.2140002601535
 30
0.0
 11
1055.5
 21
-340.2140002601535
 31
0.0
  0
LINE
  5
472
330
17
100
AcDbEntity
  8
IV_INTERIOR_PROFILES
100
AcDbLine
 10
1055.1000000000001
 20
-355.2140002601535
 30
0.0
 11
1055.1000000000001
 21
-340.2140002601535
 31
0.0
  0
LINE
  5
473
330
17
100
AcDbEntity
  8
IV_INTERIOR_PROFILES
100
AcDbLine
 10
1055.5
 20
-355.2140002601535
 30
0.0
 11
1055.1000000000001
 21
-355.2140002601535
 31
0.0
  0
LINE
  5
474
330
17
100
AcDbEntity
  8
IV_INTERIOR_PROFILES
100
AcDbLine
 10
1055.5
 20
-340.2140002601535
 30
0.0
 11
1055.5
 21
-355.2140002601535
 31
0.0
  0
LINE
  5
475
330
17
100
AcDbEntity
  8
IV_INTERIOR_PROFILES
100
AcDbLine
 10
1064.1
 20
-340.2140002601535
 30
0.0
 11
1064.5
 21
-340.2140002601535
 31
0.0
  0
LINE
  5
476
330
17
100
AcDbEntity
  8
IV_INTERIOR_PROFILES
100
AcDbLine
 10
1064.1
 20
-355.2140002601535
 30
0.0
 11
1064.1
 21
-340.2140002601535
 31
0.0
  0
LINE
  5
477
330
17
100
AcDbEntity
  8
IV_INTERIOR_PROFILES
100
AcDbLine
 10
1064.5
 20
-355.2140002601535
 30
0.0
 11
1064.1
 21
-355.2140002601535
 31
0.0
  0
LINE
  5
478
330
17
100
AcDbEntity
  8
IV_INTERIOR_PROFILES
100
AcDbLine
 10
1064.5
 20
-340.2140002601535
 30
0.0
 11
1064.5
 21
-355.2140002601535
 31
0.0
  0
LINE
  5
479
330
17
100
AcDbEntity
  8
IV_INTERIOR_PROFILES
100
AcDbLine
 10
1073.1000000000001
 20
-340.2140002601535
 30
0.0
 11
1073.5
 21
-340.2140002601535
 31
0.0
  0
LINE
  5
47A
330
17
100
AcDbEntity
  8
IV_INTERIOR_PROFILES
100
AcDbLine
 10
1073.1
 20
-355.2140002601535
 30
0.0
 11
1073.1000000000001
 21
-340.2140002601535
 31
0.0
  0
LINE
  5
47B
330
17
100
AcDbEntity
  8
IV_INTERIOR_PROFILES
100
AcDbLine
 10
1073.5
 20
-355.2140002601535
 30
0.0
 11
1073.1
 21
-355.2140002601535
 31
0.0
  0
LINE
  5
47C
330
17
100
AcDbEntity
  8
IV_INTERIOR_PROFILES
100
AcDbLine
 10
1073.5
 20
-340.2140002601535
 30
0.0
 11
1073.5
 21
-355.2140002601535
 31
0.0
  0
LINE
  5
47D
330
17
100
AcDbEntity
  8
IV_INTERIOR_PROFILES
100
AcDbLine
 10
1082.1
 20
-340.2140002601535
 30
0.0
 11
1082.4999999999998
 21
-340.2140002601535
 31
0.0
  0
LINE
  5
47E
330
17
100
AcDbEntity
  8
IV_INTERIOR_PROFILES
100
AcDbLine
 10
1082.1
 20
-355.2140002601535
 30
0.0
 11
1082.1
 21
-340.2140002601535
 31
0.0
  0
LINE
  5
47F
330
17
100
AcDbEntity
  8
IV_INTERIOR_PROFILES
100
AcDbLine
 10
1082.4999999999998
 20
-355.2140002601535
 30
0.0
 11
1082.1
 21
-355.2140002601535
 31
0.0
  0
LINE
  5
480
330
17
100
AcDbEntity
  8
IV_INTERIOR_PROFILES
100
AcDbLine
 10
1082.4999999999998
 20
-340.2140002601535
 30
0.0
 11
1082.4999999999998
 21
-355.2140002601535
 31
0.0
  0
LINE
  5
481
330
17
100
AcDbEntity
  8
IV_INTERIOR_PROFILES
100
AcDbLine
 10
1091.1
 20
-340.2140002601535
 30
0.0
 11
1091.5
 21
-340.2140002601535
 31
0.0
  0
LINE
  5
482
330
17
100
AcDbEntity
  8
IV_INTERIOR_PROFILES
100
AcDbLine
 10
1091.1
 20
-355.2140002601535
 30
0.0
 11
1091.1
 21
-340.2140002601535
 31
0.0
  0
LINE
  5
483
330
17
100
AcDbEntity
  8
IV_INTERIOR_PROFILES
100
AcDbLine
 10
1091.5
 20
-355.2140002601535
 30
0.0
 11
1091.1
 21
-355.2140002601535
 31
0.0
  0
LINE
  5
484
330
17
100
AcDbEntity
  8
IV_INTERIOR_PROFILES
100
AcDbLine
 10
1091.5
 20
-340.2140002601535
 30
0.0
 11
1091.5
 21
-355.2140002601535
 31
0.0
  0
LINE
  5
485
330
17
100
AcDbEntity
  8
IV_INTERIOR_PROFILES
100
AcDbLine
 10
1100.1000000000001
 20
-340.2140002601535
 30
0.0
 11
1100.5
 21
-340.2140002601535
 31
0.0
  0
LINE
  5
486
330
17
100
AcDbEntity
  8
IV_INTERIOR_PROFILES
100
AcDbLine
 10
1100.1000000000001
 20
-355.2140002601535
 30
0.0
 11
1100.1000000000001
 21
-340.2140002601535
 31
0.0
  0
LINE
  5
487
330
17
100
AcDbEntity
  8
IV_INTERIOR_PROFILES
100
AcDbLine
 10
1100.5
 20
-355.2140002601535
 30
0.0
 11
1100.1000000000001
 21
-355.2140002601535
 31
0.0
  0
LINE
  5
488
330
17
100
AcDbEntity
  8
IV_INTERIOR_PROFILES
100
AcDbLine
 10
1100.5
 20
-340.2140002601535
 30
0.0
 11
1100.5
 21
-355.2140002601535
 31
0.0
  0
LINE
  5
489
330
17
100
AcDbEntity
  8
IV_INTERIOR_PROFILES
100
AcDbLine
 10
1109.1
 20
-340.2140002601535
 30
0.0
 11
1109.5
 21
-340.2140002601535
 31
0.0
  0
LINE
  5
48A
330
17
100
AcDbEntity
  8
IV_INTERIOR_PROFILES
100
AcDbLine
 10
1109.1
 20
-355.2140002601535
 30
0.0
 11
1109.1
 21
-340.2140002601535
 31
0.0
  0
LINE
  5
48B
330
17
100
AcDbEntity
  8
IV_INTERIOR_PROFILES
100
AcDbLine
 10
1109.5
 20
-355.2140002601535
 30
0.0
 11
1109.1
 21
-355.2140002601535
 31
0.0
  0
LINE
  5
48C
330
17
100
AcDbEntity
  8
IV_INTERIOR_PROFILES
100
AcDbLine
 10
1109.5
 20
-340.2140002601535
 30
0.0
 11
1109.5
 21
-355.2140002601535
 31
0.0
  0
LINE
  5
48D
330
17
100
AcDbEntity
  8
IV_INTERIOR_PROFILES
100
AcDbLine
 10
1118.1000000000001
 20
-340.2140002601535
 30
0.0
 11
1118.5
 21
-340.2140002601535
 31
0.0
  0
LINE
  5
48E
330
17
100
AcDbEntity
  8
IV_INTERIOR_PROFILES
100
AcDbLine
 10
1118.1
 20
-355.2140002601535
 30
0.0
 11
1118.1000000000001
 21
-340.2140002601535
 31
0.0
  0
LINE
  5
48F
330
17
100
AcDbEntity
  8
IV_INTERIOR_PROFILES
100
AcDbLine
 10
1118.5
 20
-355.2140002601535
 30
0.0
 11
1118.1
 21
-355.2140002601535
 31
0.0
  0
LINE
  5
490
330
17
100
AcDbEntity
  8
IV_INTERIOR_PROFILES
100
AcDbLine
 10
1118.5
 20
-340.2140002601535
 30
0.0
 11
1118.5
 21
-355.2140002601535
 31
0.0
  0
LINE
  5
491
330
17
100
AcDbEntity
  8
IV_INTERIOR_PROFILES
100
AcDbLine
 10
1127.1
 20
-340.2140002601535
 30
0.0
 11
1127.4999999999998
 21
-340.2140002601535
 31
0.0
  0
LINE
  5
492
330
17
100
AcDbEntity
  8
IV_INTERIOR_PROFILES
100
AcDbLine
 10
1127.1
 20
-355.2140002601535
 30
0.0
 11
1127.1
 21
-340.2140002601535
 31
0.0
  0
LINE
  5
493
330
17
100
AcDbEntity
  8
IV_INTERIOR_PROFILES
100
AcDbLine
 10
1127.4999999999998
 20
-355.2140002601535
 30
0.0
 11
1127.1
 21
-355.2140002601535
 31
0.0
  0
LINE
  5
494
330
17
100
AcDbEntity
  8
IV_INTERIOR_PROFILES
100
AcDbLine
 10
1127.4999999999998
 20
-340.2140002601535
 30
0.0
 11
1127.4999999999998
 21
-355.2140002601535
 31
0.0
  0
LINE
  5
495
330
17
100
AcDbEntity
  8
IV_INTERIOR_PROFILES
100
AcDbLine
 10
1136.1
 20
-340.2140002601535
 30
0.0
 11
1136.5
 21
-340.2140002601535
 31
0.0
  0
LINE
  5
496
330
17
100
AcDbEntity
  8
IV_INTERIOR_PROFILES
100
AcDbLine
 10
1136.1
 20
-355.2140002601535
 30
0.0
 11
1136.1
 21
-340.2140002601535
 31
0.0
  0
LINE
  5
497
330
17
100
AcDbEntity
  8
IV_INTERIOR_PROFILES
100
AcDbLine
 10
1136.5
 20
-355.2140002601535
 30
0.0
 11
1136.1
 21
-355.2140002601535
 31
0.0
  0
LINE
  5
498
330
17
100
AcDbEntity
  8
IV_INTERIOR_PROFILES
100
AcDbLine
 10
1136.5
 20
-340.2140002601535
 30
0.0
 11
1136.5
 21
-355.2140002601535
 31
0.0
  0
LINE
  5
499
330
17
100
AcDbEntity
  8
IV_INTERIOR_PROFILES
100
AcDbLine
 10
1145.1
 20
-340.2140002601535
 30
0.0
 11
1145.5
 21
-340.2140002601535
 31
0.0
  0
LINE
  5
49A
330
17
100
AcDbEntity
  8
IV_INTERIOR_PROFILES
100
AcDbLine
 10
1145.1
 20
-355.2140002601535
 30
0.0
 11
1145.1
 21
-340.2140002601535
 31
0.0
  0
LINE
  5
49B
330
17
100
AcDbEntity
  8
IV_INTERIOR_PROFILES
100
AcDbLine
 10
1145.5
 20
-355.2140002601535
 30
0.0
 11
1145.1
 21
-355.2140002601535
 31
0.0
  0
LINE
  5
49C
330
17
100
AcDbEntity
  8
IV_INTERIOR_PROFILES
100
AcDbLine
 10
1145.5
 20
-340.2140002601535
 30
0.0
 11
1145.5
 21
-355.2140002601535
 31
0.0
  0
LINE
  5
49D
330
17
100
AcDbEntity
  8
IV_INTERIOR_PROFILES
100
AcDbLine
 10
1154.1
 20
-340.2140002601535
 30
0.0
 11
1154.5
 21
-340.2140002601535
 31
0.0
  0
LINE
  5
49E
330
17
100
AcDbEntity
  8
IV_INTERIOR_PROFILES
100
AcDbLine
 10
1154.1
 20
-355.2140002601535
 30
0.0
 11
1154.1
 21
-340.2140002601535
 31
0.0
  0
LINE
  5
49F
330
17
100
AcDbEntity
  8
IV_INTERIOR_PROFILES
100
AcDbLine
 10
1154.5
 20
-355.2140002601535
 30
0.0
 11
1154.1
 21
-355.2140002601535
 31
0.0
  0
LINE
  5
4A0
330
17
100
AcDbEntity
  8
IV_INTERIOR_PROFILES
100
AcDbLine
 10
1154.5
 20
-340.2140002601535
 30
0.0
 11
1154.5
 21
-355.2140002601535
 31
0.0
  0
LINE
  5
4A1
330
17
100
AcDbEntity
  8
IV_INTERIOR_PROFILES
100
AcDbLine
 10
1163.1
 20
-340.2140002601535
 30
0.0
 11
1163.5
 21
-340.2140002601535
 31
0.0
  0
LINE
  5
4A2
330
17
100
AcDbEntity
  8
IV_INTERIOR_PROFILES
100
AcDbLine
 10
1163.1
 20
-355.2140002601535
 30
0.0
 11
1163.1
 21
-340.2140002601535
 31
0.0
  0
LINE
  5
4A3
330
17
100
AcDbEntity
  8
IV_INTERIOR_PROFILES
100
AcDbLine
 10
1163.5
 20
-355.2140002601535
 30
0.0
 11
1163.1
 21
-355.2140002601535
 31
0.0
  0
LINE
  5
4A4
330
17
100
AcDbEntity
  8
IV_INTERIOR_PROFILES
100
AcDbLine
 10
1163.5
 20
-340.2140002601535
 30
0.0
 11
1163.5
 21
-355.2140002601535
 31
0.0
  0
LINE
  5
4A5
330
17
100
AcDbEntity
  8
IV_INTERIOR_PROFILES
100
AcDbLine
 10
1172.1
 20
-340.2140002601535
 30
0.0
 11
1172.4999999999998
 21
-340.2140002601535
 31
0.0
  0
LINE
  5
4A6
330
17
100
AcDbEntity
  8
IV_INTERIOR_PROFILES
100
AcDbLine
 10
1172.1
 20
-355.21400026015357
 30
0.0
 11
1172.1
 21
-340.2140002601535
 31
0.0
  0
LINE
  5
4A7
330
17
100
AcDbEntity
  8
IV_INTERIOR_PROFILES
100
AcDbLine
 10
1172.4999999999998
 20
-355.21400026015357
 30
0.0
 11
1172.1
 21
-355.21400026015357
 31
0.0
  0
LINE
  5
4A8
330
17
100
AcDbEntity
  8
IV_INTERIOR_PROFILES
100
AcDbLine
 10
1172.4999999999998
 20
-340.2140002601535
 30
0.0
 11
1172.4999999999998
 21
-355.21400026015357
 31
0.0
  0
LINE
  5
4A9
330
17
100
AcDbEntity
  8
IV_INTERIOR_PROFILES
100
AcDbLine
 10
1181.1
 20
-340.21400026015357
 30
0.0
 11
1181.5
 21
-340.21400026015357
 31
0.0
  0
LINE
  5
4AA
330
17
100
AcDbEntity
  8
IV_INTERIOR_PROFILES
100
AcDbLine
 10
1181.1
 20
-355.21400026015357
 30
0.0
 11
1181.1
 21
-340.21400026015357
 31
0.0
  0
LINE
  5
4AB
330
17
100
AcDbEntity
  8
IV_INTERIOR_PROFILES
100
AcDbLine
 10
1181.5
 20
-355.21400026015357
 30
0.0
 11
1181.1
 21
-355.21400026015357
 31
0.0
  0
LINE
  5
4AC
330
17
100
AcDbEntity
  8
IV_INTERIOR_PROFILES
100
AcDbLine
 10
1181.5
 20
-340.21400026015357
 30
0.0
 11
1181.5
 21
-355.21400026015357
 31
0.0
  0
LINE
  5
4AD
330
17
100
AcDbEntity
  8
IV_INTERIOR_PROFILES
100
AcDbLine
 10
1190.1
 20
-340.21400026015357
 30
0.0
 11
1190.5
 21
-340.21400026015357
 31
0.0
  0
LINE
  5
4AE
330
17
100
AcDbEntity
  8
IV_INTERIOR_PROFILES
100
AcDbLine
 10
1190.1
 20
-355.21400026015357
 30
0.0
 11
1190.1
 21
-340.21400026015357
 31
0.0
  0
LINE
  5
4AF
330
17
100
AcDbEntity
  8
IV_INTERIOR_PROFILES
100
AcDbLine
 10
1190.5
 20
-355.21400026015357
 30
0.0
 11
1190.1
 21
-355.21400026015357
 31
0.0
  0
LINE
  5
4B0
330
17
100
AcDbEntity
  8
IV_INTERIOR_PROFILES
100
AcDbLine
 10
1190.5
 20
-340.21400026015357
 30
0.0
 11
1190.5
 21
-355.21400026015357
 31
0.0
  0
LINE
  5
4B1
330
17
100
AcDbEntity
  8
IV_INTERIOR_PROFILES
100
AcDbLine
 10
1199.1
 20
-340.21400026015357
 30
0.0
 11
1199.5
 21
-340.21400026015357
 31
0.0
  0
LINE
  5
4B2
330
17
100
AcDbEntity
  8
IV_INTERIOR_PROFILES
100
AcDbLine
 10
1199.1
 20
-355.21400026015357
 30
0.0
 11
1199.1
 21
-340.21400026015357
 31
0.0
  0
LINE
  5
4B3
330
17
100
AcDbEntity
  8
IV_INTERIOR_PROFILES
100
AcDbLine
 10
1199.5
 20
-355.21400026015357
 30
0.0
 11
1199.1
 21
-355.21400026015357
 31
0.0
  0
LINE
  5
4B4
330
17
100
AcDbEntity
  8
IV_INTERIOR_PROFILES
100
AcDbLine
 10
1199.5
 20
-340.21400026015357
 30
0.0
 11
1199.5
 21
-355.21400026015357
 31
0.0
  0
LINE
  5
4B5
330
17
100
AcDbEntity
  8
IV_INTERIOR_PROFILES
100
AcDbLine
 10
1208.1
 20
-340.21400026015357
 30
0.0
 11
1208.5
 21
-340.21400026015357
 31
0.0
  0
LINE
  5
4B6
330
17
100
AcDbEntity
  8
IV_INTERIOR_PROFILES
100
AcDbLine
 10
1208.1
 20
-355.21400026015357
 30
0.0
 11
1208.1
 21
-340.21400026015357
 31
0.0
  0
LINE
  5
4B7
330
17
100
AcDbEntity
  8
IV_INTERIOR_PROFILES
100
AcDbLine
 10
1208.5
 20
-355.21400026015357
 30
0.0
 11
1208.1
 21
-355.21400026015357
 31
0.0
  0
LINE
  5
4B8
330
17
100
AcDbEntity
  8
IV_INTERIOR_PROFILES
100
AcDbLine
 10
1208.5
 20
-340.21400026015357
 30
0.0
 11
1208.5
 21
-355.21400026015357
 31
0.0
  0
LINE
  5
4B9
330
17
100
AcDbEntity
  8
IV_INTERIOR_PROFILES
100
AcDbLine
 10
1217.1
 20
-340.21400026015357
 30
0.0
 11
1217.4999999999998
 21
-340.21400026015357
 31
0.0
  0
LINE
  5
4BA
330
17
100
AcDbEntity
  8
IV_INTERIOR_PROFILES
100
AcDbLine
 10
1217.1
 20
-355.21400026015357
 30
0.0
 11
1217.1
 21
-340.21400026015357
 31
0.0
  0
LINE
  5
4BB
330
17
100
AcDbEntity
  8
IV_INTERIOR_PROFILES
100
AcDbLine
 10
1217.4999999999998
 20
-355.21400026015357
 30
0.0
 11
1217.1
 21
-355.21400026015357
 31
0.0
  0
LINE
  5
4BC
330
17
100
AcDbEntity
  8
IV_INTERIOR_PROFILES
100
AcDbLine
 10
1217.4999999999998
 20
-340.21400026015357
 30
0.0
 11
1217.4999999999998
 21
-355.21400026015357
 31
0.0
  0
LINE
  5
4BD
330
17
100
AcDbEntity
  8
IV_INTERIOR_PROFILES
100
AcDbLine
 10
1226.1
 20
-340.21400026015357
 30
0.0
 11
1226.5
 21
-340.21400026015357
 31
0.0
  0
LINE
  5
4BE
330
17
100
AcDbEntity
  8
IV_INTERIOR_PROFILES
100
AcDbLine
 10
1226.1
 20
-355.21400026015357
 30
0.0
 11
1226.1
 21
-340.21400026015357
 31
0.0
  0
LINE
  5
4BF
330
17
100
AcDbEntity
  8
IV_INTERIOR_PROFILES
100
AcDbLine
 10
1226.5
 20
-355.21400026015357
 30
0.0
 11
1226.1
 21
-355.21400026015357
 31
0.0
  0
LINE
  5
4C0
330
17
100
AcDbEntity
  8
IV_INTERIOR_PROFILES
100
AcDbLine
 10
1226.5
 20
-340.21400026015357
 30
0.0
 11
1226.5
 21
-355.21400026015357
 31
0.0
  0
LINE
  5
4C1
330
17
100
AcDbEntity
  8
IV_INTERIOR_PROFILES
100
AcDbLine
 10
1235.1
 20
-340.21400026015357
 30
0.0
 11
1235.5
 21
-340.21400026015357
 31
0.0
  0
LINE
  5
4C2
330
17
100
AcDbEntity
  8
IV_INTERIOR_PROFILES
100
AcDbLine
 10
1235.1
 20
-355.21400026015357
 30
0.0
 11
1235.1
 21
-340.21400026015357
 31
0.0
  0
LINE
  5
4C3
330
17
100
AcDbEntity
  8
IV_INTERIOR_PROFILES
100
AcDbLine
 10
1235.5
 20
-355.21400026015357
 30
0.0
 11
1235.1
 21
-355.21400026015357
 31
0.0
  0
LINE
  5
4C4
330
17
100
AcDbEntity
  8
IV_INTERIOR_PROFILES
100
AcDbLine
 10
1235.5
 20
-340.21400026015357
 30
0.0
 11
1235.5
 21
-355.21400026015357
 31
0.0
  0
LINE
  5
4C5
330
17
100
AcDbEntity
  8
IV_INTERIOR_PROFILES
100
AcDbLine
 10
1244.1
 20
-340.21400026015357
 30
0.0
 11
1244.5
 21
-340.21400026015357
 31
0.0
  0
LINE
  5
4C6
330
17
100
AcDbEntity
  8
IV_INTERIOR_PROFILES
100
AcDbLine
 10
1244.1
 20
-355.21400026015357
 30
0.0
 11
1244.1
 21
-340.21400026015357
 31
0.0
  0
LINE
  5
4C7
330
17
100
AcDbEntity
  8
IV_INTERIOR_PROFILES
100
AcDbLine
 10
1244.5
 20
-355.21400026015357
 30
0.0
 11
1244.1
 21
-355.21400026015357
 31
0.0
  0
LINE
  5
4C8
330
17
100
AcDbEntity
  8
IV_INTERIOR_PROFILES
100
AcDbLine
 10
1244.5
 20
-340.21400026015357
 30
0.0
 11
1244.5
 21
-355.21400026015357
 31
0.0
  0
LINE
  5
4C9
330
17
100
AcDbEntity
  8
IV_INTERIOR_PROFILES
100
AcDbLine
 10
1253.1
 20
-340.21400026015357
 30
0.0
 11
1253.5
 21
-340.21400026015357
 31
0.0
  0
LINE
  5
4CA
330
17
100
AcDbEntity
  8
IV_INTERIOR_PROFILES
100
AcDbLine
 10
1253.1
 20
-355.21400026015357
 30
0.0
 11
1253.1
 21
-340.21400026015357
 31
0.0
  0
LINE
  5
4CB
330
17
100
AcDbEntity
  8
IV_INTERIOR_PROFILES
100
AcDbLine
 10
1253.5
 20
-355.21400026015357
 30
0.0
 11
1253.1
 21
-355.21400026015357
 31
0.0
  0
LINE
  5
4CC
330
17
100
AcDbEntity
  8
IV_INTERIOR_PROFILES
100
AcDbLine
 10
1253.5
 20
-340.21400026015357
 30
0.0
 11
1253.5
 21
-355.21400026015357
 31
0.0
  0
LINE
  5
4CD
330
17
100
AcDbEntity
  8
IV_INTERIOR_PROFILES
100
AcDbLine
 10
1262.1
 20
-340.21400026015357
 30
0.0
 11
1262.5
 21
-340.21400026015357
 31
0.0
  0
LINE
  5
4CE
330
17
100
AcDbEntity
  8
IV_INTERIOR_PROFILES
100
AcDbLine
 10
1262.1
 20
-355.21400026015357
 30
0.0
 11
1262.1
 21
-340.21400026015357
 31
0.0
  0
LINE
  5
4CF
330
17
100
AcDbEntity
  8
IV_INTERIOR_PROFILES
100
AcDbLine
 10
1262.5
 20
-355.21400026015357
 30
0.0
 11
1262.1
 21
-355.21400026015357
 31
0.0
  0
LINE
  5
4D0
330
17
100
AcDbEntity
  8
IV_INTERIOR_PROFILES
100
AcDbLine
 10
1262.5
 20
-340.21400026015357
 30
0.0
 11
1262.5
 21
-355.21400026015357
 31
0.0
  0
LINE
  5
4D1
330
17
100
AcDbEntity
  8
IV_INTERIOR_PROFILES
100
AcDbLine
 10
1271.1
 20
-340.21400026015357
 30
0.0
 11
1271.5
 21
-340.21400026015357
 31
0.0
  0
LINE
  5
4D2
330
17
100
AcDbEntity
  8
IV_INTERIOR_PROFILES
100
AcDbLine
 10
1271.1
 20
-355.21400026015357
 30
0.0
 11
1271.1
 21
-340.21400026015357
 31
0.0
  0
LINE
  5
4D3
330
17
100
AcDbEntity
  8
IV_INTERIOR_PROFILES
100
AcDbLine
 10
1271.5
 20
-355.21400026015357
 30
0.0
 11
1271.1
 21
-355.21400026015357
 31
0.0
  0
LINE
  5
4D4
330
17
100
AcDbEntity
  8
IV_INTERIOR_PROFILES
100
AcDbLine
 10
1271.5
 20
-340.21400026015357
 30
0.0
 11
1271.5
 21
-355.21400026015357
 31
0.0
  0
LINE
  5
4D5
330
17
100
AcDbEntity
  8
IV_INTERIOR_PROFILES
100
AcDbLine
 10
1280.1000000000001
 20
-340.21400026015357
 30
0.0
 11
1280.5
 21
-340.21400026015357
 31
0.0
  0
LINE
  5
4D6
330
17
100
AcDbEntity
  8
IV_INTERIOR_PROFILES
100
AcDbLine
 10
1280.1000000000001
 20
-355.21400026015357
 30
0.0
 11
1280.1000000000001
 21
-340.21400026015357
 31
0.0
  0
LINE
  5
4D7
330
17
100
AcDbEntity
  8
IV_INTERIOR_PROFILES
100
AcDbLine
 10
1280.5
 20
-355.21400026015357
 30
0.0
 11
1280.1000000000001
 21
-355.21400026015357
 31
0.0
  0
LINE
  5
4D8
330
17
100
AcDbEntity
  8
IV_INTERIOR_PROFILES
100
AcDbLine
 10
1280.5
 20
-340.21400026015357
 30
0.0
 11
1280.5
 21
-355.21400026015357
 31
0.0
  0
LINE
  5
4D9
330
17
100
AcDbEntity
  8
IV_INTERIOR_PROFILES
100
AcDbLine
 10
1289.1
 20
-340.21400026015357
 30
0.0
 11
1289.5
 21
-340.21400026015357
 31
0.0
  0
LINE
  5
4DA
330
17
100
AcDbEntity
  8
IV_INTERIOR_PROFILES
100
AcDbLine
 10
1289.1
 20
-355.21400026015357
 30
0.0
 11
1289.1
 21
-340.21400026015357
 31
0.0
  0
LINE
  5
4DB
330
17
100
AcDbEntity
  8
IV_INTERIOR_PROFILES
100
AcDbLine
 10
1289.5
 20
-355.21400026015357
 30
0.0
 11
1289.1
 21
-355.21400026015357
 31
0.0
  0
LINE
  5
4DC
330
17
100
AcDbEntity
  8
IV_INTERIOR_PROFILES
100
AcDbLine
 10
1289.5
 20
-340.21400026015357
 30
0.0
 11
1289.5
 21
-355.21400026015357
 31
0.0
  0
LINE
  5
4DD
330
17
100
AcDbEntity
  8
IV_INTERIOR_PROFILES
100
AcDbLine
 10
1298.1
 20
-340.21400026015357
 30
0.0
 11
1298.5
 21
-340.21400026015357
 31
0.0
  0
LINE
  5
4DE
330
17
100
AcDbEntity
  8
IV_INTERIOR_PROFILES
100
AcDbLine
 10
1298.1
 20
-355.21400026015357
 30
0.0
 11
1298.1
 21
-340.21400026015357
 31
0.0
  0
LINE
  5
4DF
330
17
100
AcDbEntity
  8
IV_INTERIOR_PROFILES
100
AcDbLine
 10
1298.5
 20
-355.21400026015357
 30
0.0
 11
1298.1
 21
-355.21400026015357
 31
0.0
  0
LINE
  5
4E0
330
17
100
AcDbEntity
  8
IV_INTERIOR_PROFILES
100
AcDbLine
 10
1298.5
 20
-340.21400026015357
 30
0.0
 11
1298.5
 21
-355.21400026015357
 31
0.0
  0
LINE
  5
4E1
330
17
100
AcDbEntity
  8
IV_INTERIOR_PROFILES
100
AcDbLine
 10
1307.1
 20
-340.21400026015357
 30
0.0
 11
1307.5
 21
-340.21400026015357
 31
0.0
  0
LINE
  5
4E2
330
17
100
AcDbEntity
  8
IV_INTERIOR_PROFILES
100
AcDbLine
 10
1307.1
 20
-355.21400026015357
 30
0.0
 11
1307.1
 21
-340.21400026015357
 31
0.0
  0
LINE
  5
4E3
330
17
100
AcDbEntity
  8
IV_INTERIOR_PROFILES
100
AcDbLine
 10
1307.5
 20
-355.21400026015357
 30
0.0
 11
1307.1
 21
-355.21400026015357
 31
0.0
  0
LINE
  5
4E4
330
17
100
AcDbEntity
  8
IV_INTERIOR_PROFILES
100
AcDbLine
 10
1307.5
 20
-340.21400026015357
 30
0.0
 11
1307.5
 21
-355.21400026015357
 31
0.0
  0
LINE
  5
4E5
330
17
100
AcDbEntity
  8
IV_INTERIOR_PROFILES
100
AcDbLine
 10
1316.1
 20
-340.21400026015357
 30
0.0
 11
1316.5
 21
-340.21400026015357
 31
0.0
  0
LINE
  5
4E6
330
17
100
AcDbEntity
  8
IV_INTERIOR_PROFILES
100
AcDbLine
 10
1316.1
 20
-355.21400026015357
 30
0.0
 11
1316.1
 21
-340.21400026015357
 31
0.0
  0
LINE
  5
4E7
330
17
100
AcDbEntity
  8
IV_INTERIOR_PROFILES
100
AcDbLine
 10
1316.5
 20
-355.21400026015357
 30
0.0
 11
1316.1
 21
-355.21400026015357
 31
0.0
  0
LINE
  5
4E8
330
17
100
AcDbEntity
  8
IV_INTERIOR_PROFILES
100
AcDbLine
 10
1316.5
 20
-340.21400026015357
 30
0.0
 11
1316.5
 21
-355.21400026015357
 31
0.0
  0
LINE
  5
4E9
330
17
100
AcDbEntity
  8
IV_INTERIOR_PROFILES
100
AcDbLine
 10
1325.1
 20
-340.21400026015357
 30
0.0
 11
1325.5
 21
-340.21400026015357
 31
0.0
  0
LINE
  5
4EA
330
17
100
AcDbEntity
  8
IV_INTERIOR_PROFILES
100
AcDbLine
 10
1325.1
 20
-355.21400026015357
 30
0.0
 11
1325.1
 21
-340.21400026015357
 31
0.0
  0
LINE
  5
4EB
330
17
100
AcDbEntity
  8
IV_INTERIOR_PROFILES
100
AcDbLine
 10
1325.5
 20
-355.21400026015357
 30
0.0
 11
1325.1
 21
-355.21400026015357
 31
0.0
  0
LINE
  5
4EC
330
17
100
AcDbEntity
  8
IV_INTERIOR_PROFILES
100
AcDbLine
 10
1325.5
 20
-340.21400026015357
 30
0.0
 11
1325.5
 21
-355.21400026015357
 31
0.0
  0
LINE
  5
4ED
330
17
100
AcDbEntity
  8
IV_INTERIOR_PROFILES
100
AcDbLine
 10
1334.1
 20
-340.21400026015357
 30
0.0
 11
1334.5
 21
-340.21400026015357
 31
0.0
  0
LINE
  5
4EE
330
17
100
AcDbEntity
  8
IV_INTERIOR_PROFILES
100
AcDbLine
 10
1334.1
 20
-355.21400026015357
 30
0.0
 11
1334.1
 21
-340.21400026015357
 31
0.0
  0
LINE
  5
4EF
330
17
100
AcDbEntity
  8
IV_INTERIOR_PROFILES
100
AcDbLine
 10
1334.5
 20
-355.21400026015357
 30
0.0
 11
1334.1
 21
-355.21400026015357
 31
0.0
  0
LINE
  5
4F0
330
17
100
AcDbEntity
  8
IV_INTERIOR_PROFILES
100
AcDbLine
 10
1334.5
 20
-340.21400026015357
 30
0.0
 11
1334.5
 21
-355.21400026015357
 31
0.0
  0
LINE
  5
4F1
330
17
100
AcDbEntity
  8
IV_INTERIOR_PROFILES
100
AcDbLine
 10
1343.1
 20
-340.21400026015357
 30
0.0
 11
1343.5
 21
-340.21400026015357
 31
0.0
  0
LINE
  5
4F2
330
17
100
AcDbEntity
  8
IV_INTERIOR_PROFILES
100
AcDbLine
 10
1343.1
 20
-355.21400026015357
 30
0.0
 11
1343.1
 21
-340.21400026015357
 31
0.0
  0
LINE
  5
4F3
330
17
100
AcDbEntity
  8
IV_INTERIOR_PROFILES
100
AcDbLine
 10
1343.5
 20
-355.21400026015357
 30
0.0
 11
1343.1
 21
-355.21400026015357
 31
0.0
  0
LINE
  5
4F4
330
17
100
AcDbEntity
  8
IV_INTERIOR_PROFILES
100
AcDbLine
 10
1343.5
 20
-340.21400026015357
 30
0.0
 11
1343.5
 21
-355.21400026015357
 31
0.0
  0
LINE
  5
4F5
330
17
100
AcDbEntity
  8
IV_INTERIOR_PROFILES
100
AcDbLine
 10
1352.1
 20
-340.21400026015357
 30
0.0
 11
1352.5
 21
-340.21400026015357
 31
0.0
  0
LINE
  5
4F6
330
17
100
AcDbEntity
  8
IV_INTERIOR_PROFILES
100
AcDbLine
 10
1352.1
 20
-355.21400026015357
 30
0.0
 11
1352.1
 21
-340.21400026015357
 31
0.0
  0
LINE
  5
4F7
330
17
100
AcDbEntity
  8
IV_INTERIOR_PROFILES
100
AcDbLine
 10
1352.5
 20
-355.21400026015357
 30
0.0
 11
1352.1
 21
-355.21400026015357
 31
0.0
  0
LINE
  5
4F8
330
17
100
AcDbEntity
  8
IV_INTERIOR_PROFILES
100
AcDbLine
 10
1352.5
 20
-340.21400026015357
 30
0.0
 11
1352.5
 21
-355.21400026015357
 31
0.0
  0
LINE
  5
4F9
330
17
100
AcDbEntity
  8
IV_INTERIOR_PROFILES
100
AcDbLine
 10
1361.1
 20
-340.21400026015357
 30
0.0
 11
1361.5
 21
-340.21400026015357
 31
0.0
  0
LINE
  5
4FA
330
17
100
AcDbEntity
  8
IV_INTERIOR_PROFILES
100
AcDbLine
 10
1361.1
 20
-355.21400026015357
 30
0.0
 11
1361.1
 21
-340.21400026015357
 31
0.0
  0
LINE
  5
4FB
330
17
100
AcDbEntity
  8
IV_INTERIOR_PROFILES
100
AcDbLine
 10
1361.5
 20
-355.21400026015357
 30
0.0
 11
1361.1
 21
-355.21400026015357
 31
0.0
  0
LINE
  5
4FC
330
17
100
AcDbEntity
  8
IV_INTERIOR_PROFILES
100
AcDbLine
 10
1361.5
 20
-340.21400026015357
 30
0.0
 11
1361.5
 21
-355.21400026015357
 31
0.0
  0
LINE
  5
4FD
330
17
100
AcDbEntity
  8
IV_INTERIOR_PROFILES
100
AcDbLine
 10
1370.1
 20
-340.21400026015357
 30
0.0
 11
1370.5
 21
-340.21400026015357
 31
0.0
  0
LINE
  5
4FE
330
17
100
AcDbEntity
  8
IV_INTERIOR_PROFILES
100
AcDbLine
 10
1370.1
 20
-355.21400026015357
 30
0.0
 11
1370.1
 21
-340.21400026015357
 31
0.0
  0
LINE
  5
4FF
330
17
100
AcDbEntity
  8
IV_INTERIOR_PROFILES
100
AcDbLine
 10
1370.5
 20
-355.21400026015357
 30
0.0
 11
1370.1
 21
-355.21400026015357
 31
0.0
  0
LINE
  5
500
330
17
100
AcDbEntity
  8
IV_INTERIOR_PROFILES
100
AcDbLine
 10
1370.5
 20
-340.21400026015357
 30
0.0
 11
1370.5
 21
-355.21400026015357
 31
0.0
  0
LINE
  5
501
330
17
100
AcDbEntity
  8
IV_INTERIOR_PROFILES
100
AcDbLine
 10
1379.1
 20
-340.21400026015357
 30
0.0
 11
1379.5
 21
-340.21400026015357
 31
0.0
  0
LINE
  5
502
330
17
100
AcDbEntity
  8
IV_INTERIOR_PROFILES
100
AcDbLine
 10
1379.1
 20
-355.21400026015357
 30
0.0
 11
1379.1
 21
-340.21400026015357
 31
0.0
  0
LINE
  5
503
330
17
100
AcDbEntity
  8
IV_INTERIOR_PROFILES
100
AcDbLine
 10
1379.5
 20
-355.21400026015357
 30
0.0
 11
1379.1
 21
-355.21400026015357
 31
0.0
  0
LINE
  5
504
330
17
100
AcDbEntity
  8
IV_INTERIOR_PROFILES
100
AcDbLine
 10
1379.5
 20
-340.21400026015357
 30
0.0
 11
1379.5
 21
-355.21400026015357
 31
0.0
  0
LINE
  5
505
330
17
100
AcDbEntity
  8
IV_INTERIOR_PROFILES
100
AcDbLine
 10
1388.1
 20
-340.21400026015357
 30
0.0
 11
1388.5
 21
-340.21400026015357
 31
0.0
  0
LINE
  5
506
330
17
100
AcDbEntity
  8
IV_INTERIOR_PROFILES
100
AcDbLine
 10
1388.1
 20
-355.21400026015357
 30
0.0
 11
1388.1
 21
-340.21400026015357
 31
0.0
  0
LINE
  5
507
330
17
100
AcDbEntity
  8
IV_INTERIOR_PROFILES
100
AcDbLine
 10
1388.5
 20
-355.21400026015357
 30
0.0
 11
1388.1
 21
-355.21400026015357
 31
0.0
  0
LINE
  5
508
330
17
100
AcDbEntity
  8
IV_INTERIOR_PROFILES
100
AcDbLine
 10
1388.5
 20
-340.21400026015357
 30
0.0
 11
1388.5
 21
-355.21400026015357
 31
0.0
  0
LINE
  5
509
330
17
100
AcDbEntity
  8
IV_INTERIOR_PROFILES
100
AcDbLine
 10
1397.1
 20
-340.21400026015357
 30
0.0
 11
1397.5
 21
-340.21400026015357
 31
0.0
  0
LINE
  5
50A
330
17
100
AcDbEntity
  8
IV_INTERIOR_PROFILES
100
AcDbLine
 10
1397.1
 20
-355.2140002601536
 30
0.0
 11
1397.1
 21
-340.21400026015357
 31
0.0
  0
LINE
  5
50B
330
17
100
AcDbEntity
  8
IV_INTERIOR_PROFILES
100
AcDbLine
 10
1397.5
 20
-355.2140002601536
 30
0.0
 11
1397.1
 21
-355.2140002601536
 31
0.0
  0
LINE
  5
50C
330
17
100
AcDbEntity
  8
IV_INTERIOR_PROFILES
100
AcDbLine
 10
1397.5
 20
-340.21400026015357
 30
0.0
 11
1397.5
 21
-355.2140002601536
 31
0.0
  0
LINE
  5
50D
330
17
100
AcDbEntity
  8
IV_INTERIOR_PROFILES
100
AcDbLine
 10
1406.1
 20
-340.2140002601536
 30
0.0
 11
1406.5
 21
-340.2140002601536
 31
0.0
  0
LINE
  5
50E
330
17
100
AcDbEntity
  8
IV_INTERIOR_PROFILES
100
AcDbLine
 10
1406.1
 20
-355.2140002601536
 30
0.0
 11
1406.1
 21
-340.2140002601536
 31
0.0
  0
LINE
  5
50F
330
17
100
AcDbEntity
  8
IV_INTERIOR_PROFILES
100
AcDbLine
 10
1406.5
 20
-355.2140002601536
 30
0.0
 11
1406.1
 21
-355.2140002601536
 31
0.0
  0
LINE
  5
510
330
17
100
AcDbEntity
  8
IV_INTERIOR_PROFILES
100
AcDbLine
 10
1406.5
 20
-340.2140002601536
 30
0.0
 11
1406.5
 21
-355.2140002601536
 31
0.0
  0
LINE
  5
511
330
17
100
AcDbEntity
  8
IV_INTERIOR_PROFILES
100
AcDbLine
 10
1415.1
 20
-340.2140002601536
 30
0.0
 11
1415.5
 21
-340.2140002601536
 31
0.0
  0
LINE
  5
512
330
17
100
AcDbEntity
  8
IV_INTERIOR_PROFILES
100
AcDbLine
 10
1415.1
 20
-355.2140002601536
 30
0.0
 11
1415.1
 21
-340.2140002601536
 31
0.0
  0
LINE
  5
513
330
17
100
AcDbEntity
  8
IV_INTERIOR_PROFILES
100
AcDbLine
 10
1415.5
 20
-355.2140002601536
 30
0.0
 11
1415.1
 21
-355.2140002601536
 31
0.0
  0
LINE
  5
514
330
17
100
AcDbEntity
  8
IV_INTERIOR_PROFILES
100
AcDbLine
 10
1415.5
 20
-340.2140002601536
 30
0.0
 11
1415.5
 21
-355.2140002601536
 31
0.0
  0
LINE
  5
515
330
17
100
AcDbEntity
  8
IV_INTERIOR_PROFILES
100
AcDbLine
 10
1424.1
 20
-340.2140002601536
 30
0.0
 11
1424.5
 21
-340.2140002601536
 31
0.0
  0
LINE
  5
516
330
17
100
AcDbEntity
  8
IV_INTERIOR_PROFILES
100
AcDbLine
 10
1424.1
 20
-355.2140002601536
 30
0.0
 11
1424.1
 21
-340.2140002601536
 31
0.0
  0
LINE
  5
517
330
17
100
AcDbEntity
  8
IV_INTERIOR_PROFILES
100
AcDbLine
 10
1424.5
 20
-355.2140002601536
 30
0.0
 11
1424.1
 21
-355.2140002601536
 31
0.0
  0
LINE
  5
518
330
17
100
AcDbEntity
  8
IV_INTERIOR_PROFILES
100
AcDbLine
 10
1424.5
 20
-340.2140002601536
 30
0.0
 11
1424.5
 21
-355.2140002601536
 31
0.0
  0
LINE
  5
519
330
17
100
AcDbEntity
  8
IV_INTERIOR_PROFILES
100
AcDbLine
 10
1433.1
 20
-340.2140002601536
 30
0.0
 11
1433.5
 21
-340.2140002601536
 31
0.0
  0
LINE
  5
51A
330
17
100
AcDbEntity
  8
IV_INTERIOR_PROFILES
100
AcDbLine
 10
1433.1
 20
-355.2140002601536
 30
0.0
 11
1433.1
 21
-340.2140002601536
 31
0.0
  0
LINE
  5
51B
330
17
100
AcDbEntity
  8
IV_INTERIOR_PROFILES
100
AcDbLine
 10
1433.5
 20
-355.2140002601536
 30
0.0
 11
1433.1
 21
-355.2140002601536
 31
0.0
  0
LINE
  5
51C
330
17
100
AcDbEntity
  8
IV_INTERIOR_PROFILES
100
AcDbLine
 10
1433.5
 20
-340.2140002601536
 30
0.0
 11
1433.5
 21
-355.2140002601536
 31
0.0
  0
LINE
  5
51D
330
17
100
AcDbEntity
  8
IV_INTERIOR_PROFILES
100
AcDbLine
 10
1442.1
 20
-340.2140002601536
 30
0.0
 11
1442.5
 21
-340.2140002601536
 31
0.0
  0
LINE
  5
51E
330
17
100
AcDbEntity
  8
IV_INTERIOR_PROFILES
100
AcDbLine
 10
1442.1
 20
-355.2140002601536
 30
0.0
 11
1442.1
 21
-340.2140002601536
 31
0.0
  0
LINE
  5
51F
330
17
100
AcDbEntity
  8
IV_INTERIOR_PROFILES
100
AcDbLine
 10
1442.5
 20
-355.2140002601536
 30
0.0
 11
1442.1
 21
-355.2140002601536
 31
0.0
  0
LINE
  5
520
330
17
100
AcDbEntity
  8
IV_INTERIOR_PROFILES
100
AcDbLine
 10
1442.5
 20
-340.2140002601536
 30
0.0
 11
1442.5
 21
-355.2140002601536
 31
0.0
  0
LINE
  5
521
330
17
100
AcDbEntity
  8
IV_INTERIOR_PROFILES
100
AcDbLine
 10
1451.1
 20
-340.2140002601536
 30
0.0
 11
1451.5
 21
-340.2140002601536
 31
0.0
  0
LINE
  5
522
330
17
100
AcDbEntity
  8
IV_INTERIOR_PROFILES
100
AcDbLine
 10
1451.1
 20
-355.2140002601536
 30
0.0
 11
1451.1
 21
-340.2140002601536
 31
0.0
  0
LINE
  5
523
330
17
100
AcDbEntity
  8
IV_INTERIOR_PROFILES
100
AcDbLine
 10
1451.5
 20
-355.2140002601536
 30
0.0
 11
1451.1
 21
-355.2140002601536
 31
0.0
  0
LINE
  5
524
330
17
100
AcDbEntity
  8
IV_INTERIOR_PROFILES
100
AcDbLine
 10
1451.5
 20
-340.2140002601536
 30
0.0
 11
1451.5
 21
-355.2140002601536
 31
0.0
  0
LINE
  5
525
330
17
100
AcDbEntity
  8
IV_INTERIOR_PROFILES
100
AcDbLine
 10
1460.1
 20
-340.2140002601536
 30
0.0
 11
1460.5
 21
-340.2140002601536
 31
0.0
  0
LINE
  5
526
330
17
100
AcDbEntity
  8
IV_INTERIOR_PROFILES
100
AcDbLine
 10
1460.1
 20
-355.2140002601536
 30
0.0
 11
1460.1
 21
-340.2140002601536
 31
0.0
  0
LINE
  5
527
330
17
100
AcDbEntity
  8
IV_INTERIOR_PROFILES
100
AcDbLine
 10
1460.5
 20
-355.2140002601536
 30
0.0
 11
1460.1
 21
-355.2140002601536
 31
0.0
  0
LINE
  5
528
330
17
100
AcDbEntity
  8
IV_INTERIOR_PROFILES
100
AcDbLine
 10
1460.5
 20
-340.2140002601536
 30
0.0
 11
1460.5
 21
-355.2140002601536
 31
0.0
  0
LINE
  5
529
330
17
100
AcDbEntity
  8
IV_INTERIOR_PROFILES
100
AcDbLine
 10
1469.1
 20
-340.2140002601536
 30
0.0
 11
1469.5
 21
-340.2140002601536
 31
0.0
  0
LINE
  5
52A
330
17
100
AcDbEntity
  8
IV_INTERIOR_PROFILES
100
AcDbLine
 10
1469.1
 20
-355.2140002601536
 30
0.0
 11
1469.1
 21
-340.2140002601536
 31
0.0
  0
LINE
  5
52B
330
17
100
AcDbEntity
  8
IV_INTERIOR_PROFILES
100
AcDbLine
 10
1469.5
 20
-355.2140002601536
 30
0.0
 11
1469.1
 21
-355.2140002601536
 31
0.0
  0
LINE
  5
52C
330
17
100
AcDbEntity
  8
IV_INTERIOR_PROFILES
100
AcDbLine
 10
1469.5
 20
-340.2140002601536
 30
0.0
 11
1469.5
 21
-355.2140002601536
 31
0.0
  0
LINE
  5
52D
330
17
100
AcDbEntity
  8
IV_INTERIOR_PROFILES
100
AcDbLine
 10
1478.1
 20
-340.2140002601536
 30
0.0
 11
1478.5
 21
-340.2140002601536
 31
0.0
  0
LINE
  5
52E
330
17
100
AcDbEntity
  8
IV_INTERIOR_PROFILES
100
AcDbLine
 10
1478.1
 20
-355.2140002601536
 30
0.0
 11
1478.1
 21
-340.2140002601536
 31
0.0
  0
LINE
  5
52F
330
17
100
AcDbEntity
  8
IV_INTERIOR_PROFILES
100
AcDbLine
 10
1478.5
 20
-355.2140002601536
 30
0.0
 11
1478.1
 21
-355.2140002601536
 31
0.0
  0
LINE
  5
530
330
17
100
AcDbEntity
  8
IV_INTERIOR_PROFILES
100
AcDbLine
 10
1478.5
 20
-340.2140002601536
 30
0.0
 11
1478.5
 21
-355.2140002601536
 31
0.0
  0
LINE
  5
531
330
17
100
AcDbEntity
  8
IV_INTERIOR_PROFILES
100
AcDbLine
 10
1487.1
 20
-340.2140002601536
 30
0.0
 11
1487.5
 21
-340.2140002601536
 31
0.0
  0
LINE
  5
532
330
17
100
AcDbEntity
  8
IV_INTERIOR_PROFILES
100
AcDbLine
 10
1487.1
 20
-355.2140002601536
 30
0.0
 11
1487.1
 21
-340.2140002601536
 31
0.0
  0
LINE
  5
533
330
17
100
AcDbEntity
  8
IV_INTERIOR_PROFILES
100
AcDbLine
 10
1487.5
 20
-355.2140002601536
 30
0.0
 11
1487.1
 21
-355.2140002601536
 31
0.0
  0
LINE
  5
534
330
17
100
AcDbEntity
  8
IV_INTERIOR_PROFILES
100
AcDbLine
 10
1487.5
 20
-340.2140002601536
 30
0.0
 11
1487.5
 21
-355.2140002601536
 31
0.0
  0
LINE
  5
535
330
17
100
AcDbEntity
  8
IV_INTERIOR_PROFILES
100
AcDbLine
 10
1496.1
 20
-340.2140002601536
 30
0.0
 11
1496.5
 21
-340.2140002601536
 31
0.0
  0
LINE
  5
536
330
17
100
AcDbEntity
  8
IV_INTERIOR_PROFILES
100
AcDbLine
 10
1496.1
 20
-355.2140002601536
 30
0.0
 11
1496.1
 21
-340.2140002601536
 31
0.0
  0
LINE
  5
537
330
17
100
AcDbEntity
  8
IV_INTERIOR_PROFILES
100
AcDbLine
 10
1496.5
 20
-355.2140002601536
 30
0.0
 11
1496.1
 21
-355.2140002601536
 31
0.0
  0
LINE
  5
538
330
17
100
AcDbEntity
  8
IV_INTERIOR_PROFILES
100
AcDbLine
 10
1496.5
 20
-340.2140002601536
 30
0.0
 11
1496.5
 21
-355.2140002601536
 31
0.0
  0
LINE
  5
539
330
17
100
AcDbEntity
  8
IV_INTERIOR_PROFILES
100
AcDbLine
 10
1505.1
 20
-340.2140002601536
 30
0.0
 11
1505.5
 21
-340.2140002601536
 31
0.0
  0
LINE
  5
53A
330
17
100
AcDbEntity
  8
IV_INTERIOR_PROFILES
100
AcDbLine
 10
1505.1
 20
-355.2140002601536
 30
0.0
 11
1505.1
 21
-340.2140002601536
 31
0.0
  0
LINE
  5
53B
330
17
100
AcDbEntity
  8
IV_INTERIOR_PROFILES
100
AcDbLine
 10
1505.5
 20
-355.2140002601536
 30
0.0
 11
1505.1
 21
-355.2140002601536
 31
0.0
  0
LINE
  5
53C
330
17
100
AcDbEntity
  8
IV_INTERIOR_PROFILES
100
AcDbLine
 10
1505.5
 20
-340.2140002601536
 30
0.0
 11
1505.5
 21
-355.2140002601536
 31
0.0
  0
LINE
  5
53D
330
17
100
AcDbEntity
  8
IV_INTERIOR_PROFILES
100
AcDbLine
 10
1514.1
 20
-340.2140002601536
 30
0.0
 11
1514.5
 21
-340.2140002601536
 31
0.0
  0
LINE
  5
53E
330
17
100
AcDbEntity
  8
IV_INTERIOR_PROFILES
100
AcDbLine
 10
1514.1
 20
-355.2140002601536
 30
0.0
 11
1514.1
 21
-340.2140002601536
 31
0.0
  0
LINE
  5
53F
330
17
100
AcDbEntity
  8
IV_INTERIOR_PROFILES
100
AcDbLine
 10
1514.5
 20
-355.2140002601536
 30
0.0
 11
1514.1
 21
-355.2140002601536
 31
0.0
  0
LINE
  5
540
330
17
100
AcDbEntity
  8
IV_INTERIOR_PROFILES
100
AcDbLine
 10
1514.5
 20
-340.2140002601536
 30
0.0
 11
1514.5
 21
-355.2140002601536
 31
0.0
  0
LINE
  5
541
330
17
100
AcDbEntity
  8
IV_INTERIOR_PROFILES
100
AcDbLine
 10
1523.1
 20
-340.2140002601536
 30
0.0
 11
1523.5
 21
-340.2140002601536
 31
0.0
  0
LINE
  5
542
330
17
100
AcDbEntity
  8
IV_INTERIOR_PROFILES
100
AcDbLine
 10
1523.1
 20
-355.2140002601536
 30
0.0
 11
1523.1
 21
-340.2140002601536
 31
0.0
  0
LINE
  5
543
330
17
100
AcDbEntity
  8
IV_INTERIOR_PROFILES
100
AcDbLine
 10
1523.5
 20
-355.2140002601536
 30
0.0
 11
1523.1
 21
-355.2140002601536
 31
0.0
  0
LINE
  5
544
330
17
100
AcDbEntity
  8
IV_INTERIOR_PROFILES
100
AcDbLine
 10
1523.5
 20
-340.2140002601536
 30
0.0
 11
1523.5
 21
-355.2140002601536
 31
0.0
  0
LINE
  5
545
330
17
100
AcDbEntity
  8
IV_INTERIOR_PROFILES
100
AcDbLine
 10
1532.1
 20
-340.2140002601536
 30
0.0
 11
1532.5
 21
-340.2140002601536
 31
0.0
  0
LINE
  5
546
330
17
100
AcDbEntity
  8
IV_INTERIOR_PROFILES
100
AcDbLine
 10
1532.1
 20
-355.2140002601536
 30
0.0
 11
1532.1
 21
-340.2140002601536
 31
0.0
  0
LINE
  5
547
330
17
100
AcDbEntity
  8
IV_INTERIOR_PROFILES
100
AcDbLine
 10
1532.5
 20
-355.2140002601536
 30
0.0
 11
1532.1
 21
-355.2140002601536
 31
0.0
  0
LINE
  5
548
330
17
100
AcDbEntity
  8
IV_INTERIOR_PROFILES
100
AcDbLine
 10
1532.5
 20
-340.2140002601536
 30
0.0
 11
1532.5
 21
-355.2140002601536
 31
0.0
  0
LINE
  5
549
330
17
100
AcDbEntity
  8
IV_INTERIOR_PROFILES
100
AcDbLine
 10
1541.1
 20
-340.2140002601536
 30
0.0
 11
1541.5
 21
-340.2140002601536
 31
0.0
  0
LINE
  5
54A
330
17
100
AcDbEntity
  8
IV_INTERIOR_PROFILES
100
AcDbLine
 10
1541.1
 20
-355.2140002601536
 30
0.0
 11
1541.1
 21
-340.2140002601536
 31
0.0
  0
LINE
  5
54B
330
17
100
AcDbEntity
  8
IV_INTERIOR_PROFILES
100
AcDbLine
 10
1541.5
 20
-355.2140002601536
 30
0.0
 11
1541.1
 21
-355.2140002601536
 31
0.0
  0
LINE
  5
54C
330
17
100
AcDbEntity
  8
IV_INTERIOR_PROFILES
100
AcDbLine
 10
1541.5
 20
-340.2140002601536
 30
0.0
 11
1541.5
 21
-355.2140002601536
 31
0.0
  0
LINE
  5
54D
330
17
100
AcDbEntity
  8
IV_INTERIOR_PROFILES
100
AcDbLine
 10
1550.1
 20
-340.2140002601536
 30
0.0
 11
1550.5
 21
-340.2140002601536
 31
0.0
  0
LINE
  5
54E
330
17
100
AcDbEntity
  8
IV_INTERIOR_PROFILES
100
AcDbLine
 10
1550.1
 20
-355.2140002601536
 30
0.0
 11
1550.1
 21
-340.2140002601536
 31
0.0
  0
LINE
  5
54F
330
17
100
AcDbEntity
  8
IV_INTERIOR_PROFILES
100
AcDbLine
 10
1550.5
 20
-355.2140002601536
 30
0.0
 11
1550.1
 21
-355.2140002601536
 31
0.0
  0
LINE
  5
550
330
17
100
AcDbEntity
  8
IV_INTERIOR_PROFILES
100
AcDbLine
 10
1550.5
 20
-340.2140002601536
 30
0.0
 11
1550.5
 21
-355.2140002601536
 31
0.0
  0
LINE
  5
551
330
17
100
AcDbEntity
  8
IV_INTERIOR_PROFILES
100
AcDbLine
 10
1559.1
 20
-340.2140002601536
 30
0.0
 11
1559.5
 21
-340.2140002601536
 31
0.0
  0
LINE
  5
552
330
17
100
AcDbEntity
  8
IV_INTERIOR_PROFILES
100
AcDbLine
 10
1559.1
 20
-355.2140002601536
 30
0.0
 11
1559.1
 21
-340.2140002601536
 31
0.0
  0
LINE
  5
553
330
17
100
AcDbEntity
  8
IV_INTERIOR_PROFILES
100
AcDbLine
 10
1559.5
 20
-355.2140002601536
 30
0.0
 11
1559.1
 21
-355.2140002601536
 31
0.0
  0
LINE
  5
554
330
17
100
AcDbEntity
  8
IV_INTERIOR_PROFILES
100
AcDbLine
 10
1559.5
 20
-340.2140002601536
 30
0.0
 11
1559.5
 21
-355.2140002601536
 31
0.0
  0
LINE
  5
555
330
17
100
AcDbEntity
  8
IV_INTERIOR_PROFILES
100
AcDbLine
 10
1568.1
 20
-340.2140002601536
 30
0.0
 11
1568.5
 21
-340.2140002601536
 31
0.0
  0
LINE
  5
556
330
17
100
AcDbEntity
  8
IV_INTERIOR_PROFILES
100
AcDbLine
 10
1568.1
 20
-355.2140002601536
 30
0.0
 11
1568.1
 21
-340.2140002601536
 31
0.0
  0
LINE
  5
557
330
17
100
AcDbEntity
  8
IV_INTERIOR_PROFILES
100
AcDbLine
 10
1568.5
 20
-355.2140002601536
 30
0.0
 11
1568.1
 21
-355.2140002601536
 31
0.0
  0
LINE
  5
558
330
17
100
AcDbEntity
  8
IV_INTERIOR_PROFILES
100
AcDbLine
 10
1568.5
 20
-340.2140002601536
 30
0.0
 11
1568.5
 21
-355.2140002601536
 31
0.0
  0
LINE
  5
559
330
17
100
AcDbEntity
  8
IV_INTERIOR_PROFILES
100
AcDbLine
 10
1577.1
 20
-340.2140002601536
 30
0.0
 11
1577.5
 21
-340.2140002601536
 31
0.0
  0
LINE
  5
55A
330
17
100
AcDbEntity
  8
IV_INTERIOR_PROFILES
100
AcDbLine
 10
1577.1
 20
-355.2140002601536
 30
0.0
 11
1577.1
 21
-340.2140002601536
 31
0.0
  0
LINE
  5
55B
330
17
100
AcDbEntity
  8
IV_INTERIOR_PROFILES
100
AcDbLine
 10
1577.5
 20
-355.2140002601536
 30
0.0
 11
1577.1
 21
-355.2140002601536
 31
0.0
  0
LINE
  5
55C
330
17
100
AcDbEntity
  8
IV_INTERIOR_PROFILES
100
AcDbLine
 10
1577.5
 20
-340.2140002601536
 30
0.0
 11
1577.5
 21
-355.2140002601536
 31
0.0
  0
LINE
  5
55D
330
17
100
AcDbEntity
  8
IV_INTERIOR_PROFILES
100
AcDbLine
 10
1586.1
 20
-340.2140002601536
 30
0.0
 11
1586.5
 21
-340.2140002601536
 31
0.0
  0
LINE
  5
55E
330
17
100
AcDbEntity
  8
IV_INTERIOR_PROFILES
100
AcDbLine
 10
1586.1
 20
-355.2140002601536
 30
0.0
 11
1586.1
 21
-340.2140002601536
 31
0.0
  0
LINE
  5
55F
330
17
100
AcDbEntity
  8
IV_INTERIOR_PROFILES
100
AcDbLine
 10
1586.5
 20
-355.2140002601536
 30
0.0
 11
1586.1
 21
-355.2140002601536
 31
0.0
  0
LINE
  5
560
330
17
100
AcDbEntity
  8
IV_INTERIOR_PROFILES
100
AcDbLine
 10
1586.5
 20
-340.2140002601536
 30
0.0
 11
1586.5
 21
-355.2140002601536
 31
0.0
  0
LINE
  5
561
330
17
100
AcDbEntity
  8
IV_INTERIOR_PROFILES
100
AcDbLine
 10
1595.1
 20
-340.2140002601536
 30
0.0
 11
1595.5
 21
-340.2140002601536
 31
0.0
  0
LINE
  5
562
330
17
100
AcDbEntity
  8
IV_INTERIOR_PROFILES
100
AcDbLine
 10
1595.1
 20
-355.2140002601536
 30
0.0
 11
1595.1
 21
-340.2140002601536
 31
0.0
  0
LINE
  5
563
330
17
100
AcDbEntity
  8
IV_INTERIOR_PROFILES
100
AcDbLine
 10
1595.5
 20
-355.2140002601536
 30
0.0
 11
1595.1
 21
-355.2140002601536
 31
0.0
  0
LINE
  5
564
330
17
100
AcDbEntity
  8
IV_INTERIOR_PROFILES
100
AcDbLine
 10
1595.5
 20
-340.2140002601536
 30
0.0
 11
1595.5
 21
-355.2140002601536
 31
0.0
  0
LINE
  5
565
330
17
100
AcDbEntity
  8
IV_INTERIOR_PROFILES
100
AcDbLine
 10
1604.1
 20
-340.2140002601536
 30
0.0
 11
1604.5
 21
-340.2140002601536
 31
0.0
  0
LINE
  5
566
330
17
100
AcDbEntity
  8
IV_INTERIOR_PROFILES
100
AcDbLine
 10
1604.1
 20
-355.2140002601536
 30
0.0
 11
1604.1
 21
-340.2140002601536
 31
0.0
  0
LINE
  5
567
330
17
100
AcDbEntity
  8
IV_INTERIOR_PROFILES
100
AcDbLine
 10
1604.5
 20
-355.2140002601536
 30
0.0
 11
1604.1
 21
-355.2140002601536
 31
0.0
  0
LINE
  5
568
330
17
100
AcDbEntity
  8
IV_INTERIOR_PROFILES
100
AcDbLine
 10
1604.5
 20
-340.2140002601536
 30
0.0
 11
1604.5
 21
-355.2140002601536
 31
0.0
  0
LINE
  5
569
330
17
100
AcDbEntity
  8
IV_INTERIOR_PROFILES
100
AcDbLine
 10
1613.1
 20
-340.2140002601536
 30
0.0
 11
1613.5
 21
-340.2140002601536
 31
0.0
  0
LINE
  5
56A
330
17
100
AcDbEntity
  8
IV_INTERIOR_PROFILES
100
AcDbLine
 10
1613.1
 20
-355.2140002601536
 30
0.0
 11
1613.1
 21
-340.2140002601536
 31
0.0
  0
LINE
  5
56B
330
17
100
AcDbEntity
  8
IV_INTERIOR_PROFILES
100
AcDbLine
 10
1613.5
 20
-355.2140002601536
 30
0.0
 11
1613.1
 21
-355.2140002601536
 31
0.0
  0
LINE
  5
56C
330
17
100
AcDbEntity
  8
IV_INTERIOR_PROFILES
100
AcDbLine
 10
1613.5
 20
-340.2140002601536
 30
0.0
 11
1613.5
 21
-355.2140002601536
 31
0.0
  0
LINE
  5
56D
330
17
100
AcDbEntity
  8
IV_INTERIOR_PROFILES
100
AcDbLine
 10
1622.1
 20
-340.2140002601537
 30
0.0
 11
1622.5
 21
-340.2140002601537
 31
0.0
  0
LINE
  5
56E
330
17
100
AcDbEntity
  8
IV_INTERIOR_PROFILES
100
AcDbLine
 10
1622.1
 20
-355.2140002601536
 30
0.0
 11
1622.1
 21
-340.2140002601537
 31
0.0
  0
LINE
  5
56F
330
17
100
AcDbEntity
  8
IV_INTERIOR_PROFILES
100
AcDbLine
 10
1622.5
 20
-355.2140002601536
 30
0.0
 11
1622.1
 21
-355.2140002601536
 31
0.0
  0
LINE
  5
570
330
17
100
AcDbEntity
  8
IV_INTERIOR_PROFILES
100
AcDbLine
 10
1622.5
 20
-340.2140002601537
 30
0.0
 11
1622.5
 21
-355.2140002601536
 31
0.0
  0
LINE
  5
571
330
17
100
AcDbEntity
  8
IV_INTERIOR_PROFILES
100
AcDbLine
 10
1631.1
 20
-340.2140002601537
 30
0.0
 11
1631.5
 21
-340.2140002601537
 31
0.0
  0
LINE
  5
572
330
17
100
AcDbEntity
  8
IV_INTERIOR_PROFILES
100
AcDbLine
 10
1631.1
 20
-355.2140002601537
 30
0.0
 11
1631.1
 21
-340.2140002601537
 31
0.0
  0
LINE
  5
573
330
17
100
AcDbEntity
  8
IV_INTERIOR_PROFILES
100
AcDbLine
 10
1631.5
 20
-355.2140002601537
 30
0.0
 11
1631.1
 21
-355.2140002601537
 31
0.0
  0
LINE
  5
574
330
17
100
AcDbEntity
  8
IV_INTERIOR_PROFILES
100
AcDbLine
 10
1631.5
 20
-340.2140002601537
 30
0.0
 11
1631.5
 21
-355.2140002601537
 31
0.0
  0
LINE
  5
575
330
17
100
AcDbEntity
  8
IV_INTERIOR_PROFILES
100
AcDbLine
 10
1640.1
 20
-340.2140002601537
 30
0.0
 11
1640.5
 21
-340.2140002601537
 31
0.0
  0
LINE
  5
576
330
17
100
AcDbEntity
  8
IV_INTERIOR_PROFILES
100
AcDbLine
 10
1640.1
 20
-355.2140002601537
 30
0.0
 11
1640.1
 21
-340.2140002601537
 31
0.0
  0
LINE
  5
577
330
17
100
AcDbEntity
  8
IV_INTERIOR_PROFILES
100
AcDbLine
 10
1640.5
 20
-355.2140002601537
 30
0.0
 11
1640.1
 21
-355.2140002601537
 31
0.0
  0
LINE
  5
578
330
17
100
AcDbEntity
  8
IV_INTERIOR_PROFILES
100
AcDbLine
 10
1640.5
 20
-340.2140002601537
 30
0.0
 11
1640.5
 21
-355.2140002601537
 31
0.0
  0
LINE
  5
579
330
17
100
AcDbEntity
  8
IV_INTERIOR_PROFILES
100
AcDbLine
 10
1649.1
 20
-340.2140002601537
 30
0.0
 11
1649.5
 21
-340.2140002601537
 31
0.0
  0
LINE
  5
57A
330
17
100
AcDbEntity
  8
IV_INTERIOR_PROFILES
100
AcDbLine
 10
1649.1
 20
-355.2140002601537
 30
0.0
 11
1649.1
 21
-340.2140002601537
 31
0.0
  0
LINE
  5
57B
330
17
100
AcDbEntity
  8
IV_INTERIOR_PROFILES
100
AcDbLine
 10
1649.5
 20
-355.2140002601537
 30
0.0
 11
1649.1
 21
-355.2140002601537
 31
0.0
  0
LINE
  5
57C
330
17
100
AcDbEntity
  8
IV_INTERIOR_PROFILES
100
AcDbLine
 10
1649.5
 20
-340.2140002601537
 30
0.0
 11
1649.5
 21
-355.2140002601537
 31
0.0
  0
LINE
  5
57D
330
17
100
AcDbEntity
  8
IV_INTERIOR_PROFILES
100
AcDbLine
 10
1658.1
 20
-340.2140002601537
 30
0.0
 11
1658.5
 21
-340.2140002601537
 31
0.0
  0
LINE
  5
57E
330
17
100
AcDbEntity
  8
IV_INTERIOR_PROFILES
100
AcDbLine
 10
1658.1
 20
-355.2140002601537
 30
0.0
 11
1658.1
 21
-340.2140002601537
 31
0.0
  0
LINE
  5
57F
330
17
100
AcDbEntity
  8
IV_INTERIOR_PROFILES
100
AcDbLine
 10
1658.5
 20
-355.2140002601537
 30
0.0
 11
1658.1
 21
-355.2140002601537
 31
0.0
  0
LINE
  5
580
330
17
100
AcDbEntity
  8
IV_INTERIOR_PROFILES
100
AcDbLine
 10
1658.5
 20
-340.2140002601537
 30
0.0
 11
1658.5
 21
-355.2140002601537
 31
0.0
  0
LINE
  5
581
330
17
100
AcDbEntity
  8
IV_INTERIOR_PROFILES
100
AcDbLine
 10
1667.1
 20
-340.2140002601537
 30
0.0
 11
1667.5
 21
-340.2140002601537
 31
0.0
  0
LINE
  5
582
330
17
100
AcDbEntity
  8
IV_INTERIOR_PROFILES
100
AcDbLine
 10
1667.1
 20
-355.2140002601537
 30
0.0
 11
1667.1
 21
-340.2140002601537
 31
0.0
  0
LINE
  5
583
330
17
100
AcDbEntity
  8
IV_INTERIOR_PROFILES
100
AcDbLine
 10
1667.5
 20
-355.2140002601537
 30
0.0
 11
1667.1
 21
-355.2140002601537
 31
0.0
  0
LINE
  5
584
330
17
100
AcDbEntity
  8
IV_INTERIOR_PROFILES
100
AcDbLine
 10
1667.5
 20
-340.2140002601537
 30
0.0
 11
1667.5
 21
-355.2140002601537
 31
0.0
  0
LINE
  5
585
330
17
100
AcDbEntity
  8
IV_INTERIOR_PROFILES
100
AcDbLine
 10
1676.1
 20
-340.2140002601537
 30
0.0
 11
1676.5
 21
-340.2140002601537
 31
0.0
  0
LINE
  5
586
330
17
100
AcDbEntity
  8
IV_INTERIOR_PROFILES
100
AcDbLine
 10
1676.1
 20
-355.2140002601537
 30
0.0
 11
1676.1
 21
-340.2140002601537
 31
0.0
  0
LINE
  5
587
330
17
100
AcDbEntity
  8
IV_INTERIOR_PROFILES
100
AcDbLine
 10
1676.5
 20
-355.2140002601537
 30
0.0
 11
1676.1
 21
-355.2140002601537
 31
0.0
  0
LINE
  5
588
330
17
100
AcDbEntity
  8
IV_INTERIOR_PROFILES
100
AcDbLine
 10
1676.5
 20
-340.2140002601537
 30
0.0
 11
1676.5
 21
-355.2140002601537
 31
0.0
  0
LINE
  5
589
330
17
100
AcDbEntity
  8
IV_INTERIOR_PROFILES
100
AcDbLine
 10
1685.1
 20
-340.2140002601537
 30
0.0
 11
1685.5
 21
-340.2140002601537
 31
0.0
  0
LINE
  5
58A
330
17
100
AcDbEntity
  8
IV_INTERIOR_PROFILES
100
AcDbLine
 10
1685.1
 20
-355.2140002601537
 30
0.0
 11
1685.1
 21
-340.2140002601537
 31
0.0
  0
LINE
  5
58B
330
17
100
AcDbEntity
  8
IV_INTERIOR_PROFILES
100
AcDbLine
 10
1685.5
 20
-355.2140002601537
 30
0.0
 11
1685.1
 21
-355.2140002601537
 31
0.0
  0
LINE
  5
58C
330
17
100
AcDbEntity
  8
IV_INTERIOR_PROFILES
100
AcDbLine
 10
1685.5
 20
-340.2140002601537
 30
0.0
 11
1685.5
 21
-355.2140002601537
 31
0.0
  0
LINE
  5
58D
330
17
100
AcDbEntity
  8
IV_INTERIOR_PROFILES
100
AcDbLine
 10
1694.1000000000001
 20
-340.2140002601537
 30
0.0
 11
1694.5
 21
-340.2140002601537
 31
0.0
  0
LINE
  5
58E
330
17
100
AcDbEntity
  8
IV_INTERIOR_PROFILES
100
AcDbLine
 10
1694.1000000000001
 20
-355.2140002601537
 30
0.0
 11
1694.1000000000001
 21
-340.2140002601537
 31
0.0
  0
LINE
  5
58F
330
17
100
AcDbEntity
  8
IV_INTERIOR_PROFILES
100
AcDbLine
 10
1694.5
 20
-355.2140002601537
 30
0.0
 11
1694.1000000000001
 21
-355.2140002601537
 31
0.0
  0
LINE
  5
590
330
17
100
AcDbEntity
  8
IV_INTERIOR_PROFILES
100
AcDbLine
 10
1694.5
 20
-340.2140002601537
 30
0.0
 11
1694.5
 21
-355.2140002601537
 31
0.0
  0
LINE
  5
591
330
17
100
AcDbEntity
  8
IV_INTERIOR_PROFILES
100
AcDbLine
 10
1703.1
 20
-340.2140002601537
 30
0.0
 11
1703.5
 21
-340.2140002601537
 31
0.0
  0
LINE
  5
592
330
17
100
AcDbEntity
  8
IV_INTERIOR_PROFILES
100
AcDbLine
 10
1703.1
 20
-355.2140002601537
 30
0.0
 11
1703.1
 21
-340.2140002601537
 31
0.0
  0
LINE
  5
593
330
17
100
AcDbEntity
  8
IV_INTERIOR_PROFILES
100
AcDbLine
 10
1703.5
 20
-355.2140002601537
 30
0.0
 11
1703.1
 21
-355.2140002601537
 31
0.0
  0
LINE
  5
594
330
17
100
AcDbEntity
  8
IV_INTERIOR_PROFILES
100
AcDbLine
 10
1703.5
 20
-340.2140002601537
 30
0.0
 11
1703.5
 21
-355.2140002601537
 31
0.0
  0
LINE
  5
595
330
17
100
AcDbEntity
  8
IV_INTERIOR_PROFILES
100
AcDbLine
 10
1712.1
 20
-340.2140002601537
 30
0.0
 11
1712.5
 21
-340.2140002601537
 31
0.0
  0
LINE
  5
596
330
17
100
AcDbEntity
  8
IV_INTERIOR_PROFILES
100
AcDbLine
 10
1712.1
 20
-355.2140002601537
 30
0.0
 11
1712.1
 21
-340.2140002601537
 31
0.0
  0
LINE
  5
597
330
17
100
AcDbEntity
  8
IV_INTERIOR_PROFILES
100
AcDbLine
 10
1712.5
 20
-355.2140002601537
 30
0.0
 11
1712.1
 21
-355.2140002601537
 31
0.0
  0
LINE
  5
598
330
17
100
AcDbEntity
  8
IV_INTERIOR_PROFILES
100
AcDbLine
 10
1712.5
 20
-340.2140002601537
 30
0.0
 11
1712.5
 21
-355.2140002601537
 31
0.0
  0
LINE
  5
599
330
17
100
AcDbEntity
  8
IV_INTERIOR_PROFILES
100
AcDbLine
 10
1721.1
 20
-340.2140002601537
 30
0.0
 11
1721.4999999999998
 21
-340.2140002601537
 31
0.0
  0
LINE
  5
59A
330
17
100
AcDbEntity
  8
IV_INTERIOR_PROFILES
100
AcDbLine
 10
1721.1
 20
-355.2140002601537
 30
0.0
 11
1721.1
 21
-340.2140002601537
 31
0.0
  0
LINE
  5
59B
330
17
100
AcDbEntity
  8
IV_INTERIOR_PROFILES
100
AcDbLine
 10
1721.4999999999998
 20
-355.2140002601537
 30
0.0
 11
1721.1
 21
-355.2140002601537
 31
0.0
  0
LINE
  5
59C
330
17
100
AcDbEntity
  8
IV_INTERIOR_PROFILES
100
AcDbLine
 10
1721.4999999999998
 20
-340.2140002601537
 30
0.0
 11
1721.4999999999998
 21
-355.2140002601537
 31
0.0
  0
LINE
  5
59D
330
17
100
AcDbEntity
  8
IV_INTERIOR_PROFILES
100
AcDbLine
 10
1730.1
 20
-340.2140002601537
 30
0.0
 11
1730.5
 21
-340.2140002601537
 31
0.0
  0
LINE
  5
59E
330
17
100
AcDbEntity
  8
IV_INTERIOR_PROFILES
100
AcDbLine
 10
1730.1
 20
-355.2140002601537
 30
0.0
 11
1730.1
 21
-340.2140002601537
 31
0.0
  0
LINE
  5
59F
330
17
100
AcDbEntity
  8
IV_INTERIOR_PROFILES
100
AcDbLine
 10
1730.5
 20
-355.2140002601537
 30
0.0
 11
1730.1
 21
-355.2140002601537
 31
0.0
  0
LINE
  5
5A0
330
17
100
AcDbEntity
  8
IV_INTERIOR_PROFILES
100
AcDbLine
 10
1730.5
 20
-340.2140002601537
 30
0.0
 11
1730.5
 21
-355.2140002601537
 31
0.0
  0
LINE
  5
5A1
330
17
100
AcDbEntity
  8
IV_INTERIOR_PROFILES
100
AcDbLine
 10
1739.1000000000001
 20
-340.2140002601537
 30
0.0
 11
1739.5
 21
-340.2140002601537
 31
0.0
  0
LINE
  5
5A2
330
17
100
AcDbEntity
  8
IV_INTERIOR_PROFILES
100
AcDbLine
 10
1739.1000000000001
 20
-355.2140002601537
 30
0.0
 11
1739.1000000000001
 21
-340.2140002601537
 31
0.0
  0
LINE
  5
5A3
330
17
100
AcDbEntity
  8
IV_INTERIOR_PROFILES
100
AcDbLine
 10
1739.5
 20
-355.2140002601537
 30
0.0
 11
1739.1000000000001
 21
-355.2140002601537
 31
0.0
  0
LINE
  5
5A4
330
17
100
AcDbEntity
  8
IV_INTERIOR_PROFILES
100
AcDbLine
 10
1739.5
 20
-340.2140002601537
 30
0.0
 11
1739.5
 21
-355.2140002601537
 31
0.0
  0
LINE
  5
5A5
330
17
100
AcDbEntity
  8
IV_INTERIOR_PROFILES
100
AcDbLine
 10
1748.1
 20
-340.2140002601537
 30
0.0
 11
1748.5
 21
-340.2140002601537
 31
0.0
  0
LINE
  5
5A6
330
17
100
AcDbEntity
  8
IV_INTERIOR_PROFILES
100
AcDbLine
 10
1748.1
 20
-355.2140002601537
 30
0.0
 11
1748.1
 21
-340.2140002601537
 31
0.0
  0
LINE
  5
5A7
330
17
100
AcDbEntity
  8
IV_INTERIOR_PROFILES
100
AcDbLine
 10
1748.5
 20
-355.2140002601537
 30
0.0
 11
1748.1
 21
-355.2140002601537
 31
0.0
  0
LINE
  5
5A8
330
17
100
AcDbEntity
  8
IV_INTERIOR_PROFILES
100
AcDbLine
 10
1748.5
 20
-340.2140002601537
 30
0.0
 11
1748.5
 21
-355.2140002601537
 31
0.0
  0
LINE
  5
5A9
330
17
100
AcDbEntity
  8
IV_INTERIOR_PROFILES
100
AcDbLine
 10
1757.1
 20
-340.2140002601537
 30
0.0
 11
1757.5
 21
-340.2140002601537
 31
0.0
  0
LINE
  5
5AA
330
17
100
AcDbEntity
  8
IV_INTERIOR_PROFILES
100
AcDbLine
 10
1757.1
 20
-355.2140002601537
 30
0.0
 11
1757.1
 21
-340.2140002601537
 31
0.0
  0
LINE
  5
5AB
330
17
100
AcDbEntity
  8
IV_INTERIOR_PROFILES
100
AcDbLine
 10
1757.5
 20
-355.2140002601537
 30
0.0
 11
1757.1
 21
-355.2140002601537
 31
0.0
  0
LINE
  5
5AC
330
17
100
AcDbEntity
  8
IV_INTERIOR_PROFILES
100
AcDbLine
 10
1757.5
 20
-340.2140002601537
 30
0.0
 11
1757.5
 21
-355.2140002601537
 31
0.0
  0
LINE
  5
5AD
330
17
100
AcDbEntity
  8
IV_INTERIOR_PROFILES
100
AcDbLine
 10
1766.1
 20
-340.2140002601537
 30
0.0
 11
1766.5
 21
-340.2140002601537
 31
0.0
  0
LINE
  5
5AE
330
17
100
AcDbEntity
  8
IV_INTERIOR_PROFILES
100
AcDbLine
 10
1766.1
 20
-355.2140002601537
 30
0.0
 11
1766.1
 21
-340.2140002601537
 31
0.0
  0
LINE
  5
5AF
330
17
100
AcDbEntity
  8
IV_INTERIOR_PROFILES
100
AcDbLine
 10
1766.5
 20
-355.2140002601537
 30
0.0
 11
1766.1
 21
-355.2140002601537
 31
0.0
  0
LINE
  5
5B0
330
17
100
AcDbEntity
  8
IV_INTERIOR_PROFILES
100
AcDbLine
 10
1766.5
 20
-340.2140002601537
 30
0.0
 11
1766.5
 21
-355.2140002601537
 31
0.0
  0
LINE
  5
5B1
330
17
100
AcDbEntity
  8
IV_INTERIOR_PROFILES
100
AcDbLine
 10
1775.1
 20
-340.2140002601537
 30
0.0
 11
1775.5
 21
-340.2140002601537
 31
0.0
  0
LINE
  5
5B2
330
17
100
AcDbEntity
  8
IV_INTERIOR_PROFILES
100
AcDbLine
 10
1775.1
 20
-355.2140002601537
 30
0.0
 11
1775.1
 21
-340.2140002601537
 31
0.0
  0
LINE
  5
5B3
330
17
100
AcDbEntity
  8
IV_INTERIOR_PROFILES
100
AcDbLine
 10
1775.5
 20
-355.2140002601537
 30
0.0
 11
1775.1
 21
-355.2140002601537
 31
0.0
  0
LINE
  5
5B4
330
17
100
AcDbEntity
  8
IV_INTERIOR_PROFILES
100
AcDbLine
 10
1775.5
 20
-340.2140002601537
 30
0.0
 11
1775.5
 21
-355.2140002601537
 31
0.0
  0
LINE
  5
5B5
330
17
100
AcDbEntity
  8
IV_INTERIOR_PROFILES
100
AcDbLine
 10
1784.1
 20
-340.2140002601537
 30
0.0
 11
1784.5
 21
-340.2140002601537
 31
0.0
  0
LINE
  5
5B6
330
17
100
AcDbEntity
  8
IV_INTERIOR_PROFILES
100
AcDbLine
 10
1784.1
 20
-355.2140002601537
 30
0.0
 11
1784.1
 21
-340.2140002601537
 31
0.0
  0
LINE
  5
5B7
330
17
100
AcDbEntity
  8
IV_INTERIOR_PROFILES
100
AcDbLine
 10
1784.5
 20
-355.2140002601537
 30
0.0
 11
1784.1
 21
-355.2140002601537
 31
0.0
  0
LINE
  5
5B8
330
17
100
AcDbEntity
  8
IV_INTERIOR_PROFILES
100
AcDbLine
 10
1784.5
 20
-340.2140002601537
 30
0.0
 11
1784.5
 21
-355.2140002601537
 31
0.0
  0
LINE
  5
5B9
330
17
100
AcDbEntity
  8
IV_INTERIOR_PROFILES
100
AcDbLine
 10
1793.1
 20
-340.2140002601537
 30
0.0
 11
1793.5
 21
-340.2140002601537
 31
0.0
  0
LINE
  5
5BA
330
17
100
AcDbEntity
  8
IV_INTERIOR_PROFILES
100
AcDbLine
 10
1793.1
 20
-355.2140002601537
 30
0.0
 11
1793.1
 21
-340.2140002601537
 31
0.0
  0
LINE
  5
5BB
330
17
100
AcDbEntity
  8
IV_INTERIOR_PROFILES
100
AcDbLine
 10
1793.5
 20
-355.2140002601537
 30
0.0
 11
1793.1
 21
-355.2140002601537
 31
0.0
  0
LINE
  5
5BC
330
17
100
AcDbEntity
  8
IV_INTERIOR_PROFILES
100
AcDbLine
 10
1793.5
 20
-340.2140002601537
 30
0.0
 11
1793.5
 21
-355.2140002601537
 31
0.0
  0
LINE
  5
5BD
330
17
100
AcDbEntity
  8
IV_INTERIOR_PROFILES
100
AcDbLine
 10
1802.1
 20
-340.2140002601537
 30
0.0
 11
1802.5
 21
-340.2140002601537
 31
0.0
  0
LINE
  5
5BE
330
17
100
AcDbEntity
  8
IV_INTERIOR_PROFILES
100
AcDbLine
 10
1802.1
 20
-355.2140002601537
 30
0.0
 11
1802.1
 21
-340.2140002601537
 31
0.0
  0
LINE
  5
5BF
330
17
100
AcDbEntity
  8
IV_INTERIOR_PROFILES
100
AcDbLine
 10
1802.5
 20
-355.2140002601537
 30
0.0
 11
1802.1
 21
-355.2140002601537
 31
0.0
  0
LINE
  5
5C0
330
17
100
AcDbEntity
  8
IV_INTERIOR_PROFILES
100
AcDbLine
 10
1802.5
 20
-340.2140002601537
 30
0.0
 11
1802.5
 21
-355.2140002601537
 31
0.0
  0
LINE
  5
5C1
330
17
100
AcDbEntity
  8
IV_INTERIOR_PROFILES
100
AcDbLine
 10
1811.1
 20
-340.2140002601537
 30
0.0
 11
1811.5
 21
-340.2140002601537
 31
0.0
  0
LINE
  5
5C2
330
17
100
AcDbEntity
  8
IV_INTERIOR_PROFILES
100
AcDbLine
 10
1811.1
 20
-355.2140002601537
 30
0.0
 11
1811.1
 21
-340.2140002601537
 31
0.0
  0
LINE
  5
5C3
330
17
100
AcDbEntity
  8
IV_INTERIOR_PROFILES
100
AcDbLine
 10
1811.5
 20
-355.2140002601537
 30
0.0
 11
1811.1
 21
-355.2140002601537
 31
0.0
  0
LINE
  5
5C4
330
17
100
AcDbEntity
  8
IV_INTERIOR_PROFILES
100
AcDbLine
 10
1811.5
 20
-340.2140002601537
 30
0.0
 11
1811.5
 21
-355.2140002601537
 31
0.0
  0
LINE
  5
5C5
330
17
100
AcDbEntity
  8
IV_INTERIOR_PROFILES
100
AcDbLine
 10
1820.1
 20
-340.2140002601537
 30
0.0
 11
1820.5
 21
-340.2140002601537
 31
0.0
  0
LINE
  5
5C6
330
17
100
AcDbEntity
  8
IV_INTERIOR_PROFILES
100
AcDbLine
 10
1820.1
 20
-355.2140002601537
 30
0.0
 11
1820.1
 21
-340.2140002601537
 31
0.0
  0
LINE
  5
5C7
330
17
100
AcDbEntity
  8
IV_INTERIOR_PROFILES
100
AcDbLine
 10
1820.5
 20
-355.2140002601537
 30
0.0
 11
1820.1
 21
-355.2140002601537
 31
0.0
  0
LINE
  5
5C8
330
17
100
AcDbEntity
  8
IV_INTERIOR_PROFILES
100
AcDbLine
 10
1820.5
 20
-340.2140002601537
 30
0.0
 11
1820.5
 21
-355.2140002601537
 31
0.0
  0
LINE
  5
5C9
330
17
100
AcDbEntity
  8
IV_INTERIOR_PROFILES
100
AcDbLine
 10
1829.1
 20
-340.2140002601537
 30
0.0
 11
1829.5
 21
-340.2140002601537
 31
0.0
  0
LINE
  5
5CA
330
17
100
AcDbEntity
  8
IV_INTERIOR_PROFILES
100
AcDbLine
 10
1829.1
 20
-355.2140002601537
 30
0.0
 11
1829.1
 21
-340.2140002601537
 31
0.0
  0
LINE
  5
5CB
330
17
100
AcDbEntity
  8
IV_INTERIOR_PROFILES
100
AcDbLine
 10
1829.5
 20
-355.2140002601537
 30
0.0
 11
1829.1
 21
-355.2140002601537
 31
0.0
  0
LINE
  5
5CC
330
17
100
AcDbEntity
  8
IV_INTERIOR_PROFILES
100
AcDbLine
 10
1829.5
 20
-340.2140002601537
 30
0.0
 11
1829.5
 21
-355.2140002601537
 31
0.0
  0
LINE
  5
5CD
330
17
100
AcDbEntity
  8
IV_INTERIOR_PROFILES
100
AcDbLine
 10
1838.1
 20
-340.2140002601537
 30
0.0
 11
1838.5
 21
-340.2140002601537
 31
0.0
  0
LINE
  5
5CE
330
17
100
AcDbEntity
  8
IV_INTERIOR_PROFILES
100
AcDbLine
 10
1838.1
 20
-355.2140002601537
 30
0.0
 11
1838.1
 21
-340.2140002601537
 31
0.0
  0
LINE
  5
5CF
330
17
100
AcDbEntity
  8
IV_INTERIOR_PROFILES
100
AcDbLine
 10
1838.5
 20
-355.2140002601537
 30
0.0
 11
1838.1
 21
-355.2140002601537
 31
0.0
  0
LINE
  5
5D0
330
17
100
AcDbEntity
  8
IV_INTERIOR_PROFILES
100
AcDbLine
 10
1838.5
 20
-340.2140002601537
 30
0.0
 11
1838.5
 21
-355.2140002601537
 31
0.0
  0
LINE
  5
5D1
330
17
100
AcDbEntity
  8
IV_INTERIOR_PROFILES
100
AcDbLine
 10
1847.1
 20
-340.2140002601537
 30
0.0
 11
1847.5
 21
-340.2140002601537
 31
0.0
  0
LINE
  5
5D2
330
17
100
AcDbEntity
  8
IV_INTERIOR_PROFILES
100
AcDbLine
 10
1847.1
 20
-355.2140002601537
 30
0.0
 11
1847.1
 21
-340.2140002601537
 31
0.0
  0
LINE
  5
5D3
330
17
100
AcDbEntity
  8
IV_INTERIOR_PROFILES
100
AcDbLine
 10
1847.5
 20
-355.2140002601537
 30
0.0
 11
1847.1
 21
-355.2140002601537
 31
0.0
  0
LINE
  5
5D4
330
17
100
AcDbEntity
  8
IV_INTERIOR_PROFILES
100
AcDbLine
 10
1847.5
 20
-340.2140002601537
 30
0.0
 11
1847.5
 21
-355.2140002601537
 31
0.0
  0
LINE
  5
5D5
330
17
100
AcDbEntity
  8
IV_INTERIOR_PROFILES
100
AcDbLine
 10
1856.1
 20
-340.2140002601537
 30
0.0
 11
1856.5
 21
-340.2140002601537
 31
0.0
  0
LINE
  5
5D6
330
17
100
AcDbEntity
  8
IV_INTERIOR_PROFILES
100
AcDbLine
 10
1856.1
 20
-355.21400026015374
 30
0.0
 11
1856.1
 21
-340.2140002601537
 31
0.0
  0
LINE
  5
5D7
330
17
100
AcDbEntity
  8
IV_INTERIOR_PROFILES
100
AcDbLine
 10
1856.5
 20
-355.21400026015374
 30
0.0
 11
1856.1
 21
-355.21400026015374
 31
0.0
  0
LINE
  5
5D8
330
17
100
AcDbEntity
  8
IV_INTERIOR_PROFILES
100
AcDbLine
 10
1856.5
 20
-340.2140002601537
 30
0.0
 11
1856.5
 21
-355.21400026015374
 31
0.0
  0
LINE
  5
5D9
330
17
100
AcDbEntity
  8
IV_INTERIOR_PROFILES
100
AcDbLine
 10
1865.1000000000001
 20
-340.21400026015374
 30
0.0
 11
1865.5
 21
-340.21400026015374
 31
0.0
  0
LINE
  5
5DA
330
17
100
AcDbEntity
  8
IV_INTERIOR_PROFILES
100
AcDbLine
 10
1865.1000000000001
 20
-355.21400026015374
 30
0.0
 11
1865.1000000000001
 21
-340.21400026015374
 31
0.0
  0
LINE
  5
5DB
330
17
100
AcDbEntity
  8
IV_INTERIOR_PROFILES
100
AcDbLine
 10
1865.5
 20
-355.21400026015374
 30
0.0
 11
1865.1000000000001
 21
-355.21400026015374
 31
0.0
  0
LINE
  5
5DC
330
17
100
AcDbEntity
  8
IV_INTERIOR_PROFILES
100
AcDbLine
 10
1865.5
 20
-340.21400026015374
 30
0.0
 11
1865.5
 21
-355.21400026015374
 31
0.0
  0
LINE
  5
5DD
330
17
100
AcDbEntity
  8
IV_INTERIOR_PROFILES
100
AcDbLine
 10
1874.1
 20
-340.21400026015374
 30
0.0
 11
1874.5
 21
-340.21400026015374
 31
0.0
  0
LINE
  5
5DE
330
17
100
AcDbEntity
  8
IV_INTERIOR_PROFILES
100
AcDbLine
 10
1874.1
 20
-355.21400026015374
 30
0.0
 11
1874.1
 21
-340.21400026015374
 31
0.0
  0
LINE
  5
5DF
330
17
100
AcDbEntity
  8
IV_INTERIOR_PROFILES
100
AcDbLine
 10
1874.5
 20
-355.21400026015374
 30
0.0
 11
1874.1
 21
-355.21400026015374
 31
0.0
  0
LINE
  5
5E0
330
17
100
AcDbEntity
  8
IV_INTERIOR_PROFILES
100
AcDbLine
 10
1874.5
 20
-340.21400026015374
 30
0.0
 11
1874.5
 21
-355.21400026015374
 31
0.0
  0
LINE
  5
5E1
330
17
100
AcDbEntity
  8
IV_INTERIOR_PROFILES
100
AcDbLine
 10
1883.1
 20
-340.21400026015374
 30
0.0
 11
1883.5
 21
-340.21400026015374
 31
0.0
  0
LINE
  5
5E2
330
17
100
AcDbEntity
  8
IV_INTERIOR_PROFILES
100
AcDbLine
 10
1883.1
 20
-355.21400026015374
 30
0.0
 11
1883.1
 21
-340.21400026015374
 31
0.0
  0
LINE
  5
5E3
330
17
100
AcDbEntity
  8
IV_INTERIOR_PROFILES
100
AcDbLine
 10
1883.5
 20
-355.21400026015374
 30
0.0
 11
1883.1
 21
-355.21400026015374
 31
0.0
  0
LINE
  5
5E4
330
17
100
AcDbEntity
  8
IV_INTERIOR_PROFILES
100
AcDbLine
 10
1883.5
 20
-340.21400026015374
 30
0.0
 11
1883.5
 21
-355.21400026015374
 31
0.0
  0
LINE
  5
5E5
330
17
100
AcDbEntity
  8
IV_INTERIOR_PROFILES
100
AcDbLine
 10
1892.1
 20
-340.21400026015374
 30
0.0
 11
1892.5
 21
-340.21400026015374
 31
0.0
  0
LINE
  5
5E6
330
17
100
AcDbEntity
  8
IV_INTERIOR_PROFILES
100
AcDbLine
 10
1892.1
 20
-355.21400026015374
 30
0.0
 11
1892.1
 21
-340.21400026015374
 31
0.0
  0
LINE
  5
5E7
330
17
100
AcDbEntity
  8
IV_INTERIOR_PROFILES
100
AcDbLine
 10
1892.5
 20
-355.21400026015374
 30
0.0
 11
1892.1
 21
-355.21400026015374
 31
0.0
  0
LINE
  5
5E8
330
17
100
AcDbEntity
  8
IV_INTERIOR_PROFILES
100
AcDbLine
 10
1892.5
 20
-340.21400026015374
 30
0.0
 11
1892.5
 21
-355.21400026015374
 31
0.0
  0
LINE
  5
5E9
330
17
100
AcDbEntity
  8
IV_INTERIOR_PROFILES
100
AcDbLine
 10
1901.1
 20
-340.21400026015374
 30
0.0
 11
1901.5
 21
-340.21400026015374
 31
0.0
  0
LINE
  5
5EA
330
17
100
AcDbEntity
  8
IV_INTERIOR_PROFILES
100
AcDbLine
 10
1901.1
 20
-355.21400026015374
 30
0.0
 11
1901.1
 21
-340.21400026015374
 31
0.0
  0
LINE
  5
5EB
330
17
100
AcDbEntity
  8
IV_INTERIOR_PROFILES
100
AcDbLine
 10
1901.5
 20
-355.21400026015374
 30
0.0
 11
1901.1
 21
-355.21400026015374
 31
0.0
  0
LINE
  5
5EC
330
17
100
AcDbEntity
  8
IV_INTERIOR_PROFILES
100
AcDbLine
 10
1901.5
 20
-340.21400026015374
 30
0.0
 11
1901.5
 21
-355.21400026015374
 31
0.0
  0
LINE
  5
5ED
330
17
100
AcDbEntity
  8
IV_INTERIOR_PROFILES
100
AcDbLine
 10
1910.1
 20
-340.21400026015374
 30
0.0
 11
1910.5
 21
-340.21400026015374
 31
0.0
  0
LINE
  5
5EE
330
17
100
AcDbEntity
  8
IV_INTERIOR_PROFILES
100
AcDbLine
 10
1910.1
 20
-355.21400026015374
 30
0.0
 11
1910.1
 21
-340.21400026015374
 31
0.0
  0
LINE
  5
5EF
330
17
100
AcDbEntity
  8
IV_INTERIOR_PROFILES
100
AcDbLine
 10
1910.5
 20
-355.21400026015374
 30
0.0
 11
1910.1
 21
-355.21400026015374
 31
0.0
  0
LINE
  5
5F0
330
17
100
AcDbEntity
  8
IV_INTERIOR_PROFILES
100
AcDbLine
 10
1910.5
 20
-340.21400026015374
 30
0.0
 11
1910.5
 21
-355.21400026015374
 31
0.0
  0
LINE
  5
5F1
330
17
100
AcDbEntity
  8
IV_INTERIOR_PROFILES
100
AcDbLine
 10
1919.1
 20
-340.21400026015374
 30
0.0
 11
1919.5
 21
-340.21400026015374
 31
0.0
  0
LINE
  5
5F2
330
17
100
AcDbEntity
  8
IV_INTERIOR_PROFILES
100
AcDbLine
 10
1919.1
 20
-355.21400026015374
 30
0.0
 11
1919.1
 21
-340.21400026015374
 31
0.0
  0
LINE
  5
5F3
330
17
100
AcDbEntity
  8
IV_INTERIOR_PROFILES
100
AcDbLine
 10
1919.5
 20
-355.21400026015374
 30
0.0
 11
1919.1
 21
-355.21400026015374
 31
0.0
  0
LINE
  5
5F4
330
17
100
AcDbEntity
  8
IV_INTERIOR_PROFILES
100
AcDbLine
 10
1919.5
 20
-340.21400026015374
 30
0.0
 11
1919.5
 21
-355.21400026015374
 31
0.0
  0
LINE
  5
5F5
330
17
100
AcDbEntity
  8
IV_INTERIOR_PROFILES
100
AcDbLine
 10
1928.1
 20
-340.21400026015374
 30
0.0
 11
1928.5
 21
-340.21400026015374
 31
0.0
  0
LINE
  5
5F6
330
17
100
AcDbEntity
  8
IV_INTERIOR_PROFILES
100
AcDbLine
 10
1928.1
 20
-355.21400026015374
 30
0.0
 11
1928.1
 21
-340.21400026015374
 31
0.0
  0
LINE
  5
5F7
330
17
100
AcDbEntity
  8
IV_INTERIOR_PROFILES
100
AcDbLine
 10
1928.5
 20
-355.21400026015374
 30
0.0
 11
1928.1
 21
-355.21400026015374
 31
0.0
  0
LINE
  5
5F8
330
17
100
AcDbEntity
  8
IV_INTERIOR_PROFILES
100
AcDbLine
 10
1928.5
 20
-340.21400026015374
 30
0.0
 11
1928.5
 21
-355.21400026015374
 31
0.0
  0
LINE
  5
5F9
330
17
100
AcDbEntity
  8
IV_INTERIOR_PROFILES
100
AcDbLine
 10
1937.1
 20
-340.21400026015374
 30
0.0
 11
1937.5
 21
-340.21400026015374
 31
0.0
  0
LINE
  5
5FA
330
17
100
AcDbEntity
  8
IV_INTERIOR_PROFILES
100
AcDbLine
 10
1937.1
 20
-355.21400026015374
 30
0.0
 11
1937.1
 21
-340.21400026015374
 31
0.0
  0
LINE
  5
5FB
330
17
100
AcDbEntity
  8
IV_INTERIOR_PROFILES
100
AcDbLine
 10
1937.5
 20
-355.21400026015374
 30
0.0
 11
1937.1
 21
-355.21400026015374
 31
0.0
  0
LINE
  5
5FC
330
17
100
AcDbEntity
  8
IV_INTERIOR_PROFILES
100
AcDbLine
 10
1937.5
 20
-340.21400026015374
 30
0.0
 11
1937.5
 21
-355.21400026015374
 31
0.0
  0
LINE
  5
5FD
330
17
100
AcDbEntity
  8
IV_INTERIOR_PROFILES
100
AcDbLine
 10
1946.1
 20
-340.21400026015374
 30
0.0
 11
1946.5
 21
-340.21400026015374
 31
0.0
  0
LINE
  5
5FE
330
17
100
AcDbEntity
  8
IV_INTERIOR_PROFILES
100
AcDbLine
 10
1946.1
 20
-355.21400026015374
 30
0.0
 11
1946.1
 21
-340.21400026015374
 31
0.0
  0
LINE
  5
5FF
330
17
100
AcDbEntity
  8
IV_INTERIOR_PROFILES
100
AcDbLine
 10
1946.5
 20
-355.21400026015374
 30
0.0
 11
1946.1
 21
-355.21400026015374
 31
0.0
  0
LINE
  5
600
330
17
100
AcDbEntity
  8
IV_INTERIOR_PROFILES
100
AcDbLine
 10
1946.5
 20
-340.21400026015374
 30
0.0
 11
1946.5
 21
-355.21400026015374
 31
0.0
  0
LINE
  5
601
330
17
100
AcDbEntity
  8
IV_INTERIOR_PROFILES
100
AcDbLine
 10
1955.1
 20
-340.21400026015374
 30
0.0
 11
1955.5
 21
-340.21400026015374
 31
0.0
  0
LINE
  5
602
330
17
100
AcDbEntity
  8
IV_INTERIOR_PROFILES
100
AcDbLine
 10
1955.1
 20
-355.21400026015374
 30
0.0
 11
1955.1
 21
-340.21400026015374
 31
0.0
  0
LINE
  5
603
330
17
100
AcDbEntity
  8
IV_INTERIOR_PROFILES
100
AcDbLine
 10
1955.5
 20
-355.21400026015374
 30
0.0
 11
1955.1
 21
-355.21400026015374
 31
0.0
  0
LINE
  5
604
330
17
100
AcDbEntity
  8
IV_INTERIOR_PROFILES
100
AcDbLine
 10
1955.5
 20
-340.21400026015374
 30
0.0
 11
1955.5
 21
-355.21400026015374
 31
0.0
  0
LINE
  5
605
330
17
100
AcDbEntity
  8
IV_INTERIOR_PROFILES
100
AcDbLine
 10
1964.1
 20
-340.21400026015374
 30
0.0
 11
1964.5
 21
-340.21400026015374
 31
0.0
  0
LINE
  5
606
330
17
100
AcDbEntity
  8
IV_INTERIOR_PROFILES
100
AcDbLine
 10
1964.1
 20
-355.21400026015374
 30
0.0
 11
1964.1
 21
-340.21400026015374
 31
0.0
  0
LINE
  5
607
330
17
100
AcDbEntity
  8
IV_INTERIOR_PROFILES
100
AcDbLine
 10
1964.5
 20
-355.21400026015374
 30
0.0
 11
1964.1
 21
-355.21400026015374
 31
0.0
  0
LINE
  5
608
330
17
100
AcDbEntity
  8
IV_INTERIOR_PROFILES
100
AcDbLine
 10
1964.5
 20
-340.21400026015374
 30
0.0
 11
1964.5
 21
-355.21400026015374
 31
0.0
  0
LINE
  5
609
330
17
100
AcDbEntity
  8
IV_INTERIOR_PROFILES
100
AcDbLine
 10
1973.1000000000001
 20
-340.21400026015374
 30
0.0
 11
1973.5
 21
-340.21400026015374
 31
0.0
  0
LINE
  5
60A
330
17
100
AcDbEntity
  8
IV_INTERIOR_PROFILES
100
AcDbLine
 10
1973.1000000000001
 20
-355.21400026015374
 30
0.0
 11
1973.1000000000001
 21
-340.21400026015374
 31
0.0
  0
LINE
  5
60B
330
17
100
AcDbEntity
  8
IV_INTERIOR_PROFILES
100
AcDbLine
 10
1973.5
 20
-355.21400026015374
 30
0.0
 11
1973.1000000000001
 21
-355.21400026015374
 31
0.0
  0
LINE
  5
60C
330
17
100
AcDbEntity
  8
IV_INTERIOR_PROFILES
100
AcDbLine
 10
1973.5
 20
-340.21400026015374
 30
0.0
 11
1973.5
 21
-355.21400026015374
 31
0.0
  0
LINE
  5
60D
330
17
100
AcDbEntity
  8
IV_INTERIOR_PROFILES
100
AcDbLine
 10
1982.1
 20
-340.21400026015374
 30
0.0
 11
1982.5
 21
-340.21400026015374
 31
0.0
  0
LINE
  5
60E
330
17
100
AcDbEntity
  8
IV_INTERIOR_PROFILES
100
AcDbLine
 10
1982.1
 20
-355.21400026015374
 30
0.0
 11
1982.1
 21
-340.21400026015374
 31
0.0
  0
LINE
  5
60F
330
17
100
AcDbEntity
  8
IV_INTERIOR_PROFILES
100
AcDbLine
 10
1982.5
 20
-355.21400026015374
 30
0.0
 11
1982.1
 21
-355.21400026015374
 31
0.0
  0
LINE
  5
610
330
17
100
AcDbEntity
  8
IV_INTERIOR_PROFILES
100
AcDbLine
 10
1982.5
 20
-340.21400026015374
 30
0.0
 11
1982.5
 21
-355.21400026015374
 31
0.0
  0
LINE
  5
611
330
17
100
AcDbEntity
  8
IV_INTERIOR_PROFILES
100
AcDbLine
 10
1991.1000000000001
 20
-340.21400026015374
 30
0.0
 11
1991.5
 21
-340.21400026015374
 31
0.0
  0
LINE
  5
612
330
17
100
AcDbEntity
  8
IV_INTERIOR_PROFILES
100
AcDbLine
 10
1991.1000000000001
 20
-355.21400026015374
 30
0.0
 11
1991.1000000000001
 21
-340.21400026015374
 31
0.0
  0
LINE
  5
613
330
17
100
AcDbEntity
  8
IV_INTERIOR_PROFILES
100
AcDbLine
 10
1991.5
 20
-355.21400026015374
 30
0.0
 11
1991.1000000000001
 21
-355.21400026015374
 31
0.0
  0
LINE
  5
614
330
17
100
AcDbEntity
  8
IV_INTERIOR_PROFILES
100
AcDbLine
 10
1991.5
 20
-340.21400026015374
 30
0.0
 11
1991.5
 21
-355.21400026015374
 31
0.0
  0
LINE
  5
615
330
17
100
AcDbEntity
  8
IV_INTERIOR_PROFILES
100
AcDbLine
 10
2000.1
 20
-340.21400026015374
 30
0.0
 11
2000.5
 21
-340.21400026015374
 31
0.0
  0
LINE
  5
616
330
17
100
AcDbEntity
  8
IV_INTERIOR_PROFILES
100
AcDbLine
 10
2000.1
 20
-355.21400026015374
 30
0.0
 11
2000.1
 21
-340.21400026015374
 31
0.0
  0
LINE
  5
617
330
17
100
AcDbEntity
  8
IV_INTERIOR_PROFILES
100
AcDbLine
 10
2000.5
 20
-355.21400026015374
 30
0.0
 11
2000.1
 21
-355.21400026015374
 31
0.0
  0
LINE
  5
618
330
17
100
AcDbEntity
  8
IV_INTERIOR_PROFILES
100
AcDbLine
 10
2000.5
 20
-340.21400026015374
 30
0.0
 11
2000.5
 21
-355.21400026015374
 31
0.0
  0
LINE
  5
619
330
17
100
AcDbEntity
  8
IV_INTERIOR_PROFILES
100
AcDbLine
 10
2009.1
 20
-340.21400026015374
 30
0.0
 11
2009.5
 21
-340.21400026015374
 31
0.0
  0
LINE
  5
61A
330
17
100
AcDbEntity
  8
IV_INTERIOR_PROFILES
100
AcDbLine
 10
2009.1
 20
-355.21400026015374
 30
0.0
 11
2009.1
 21
-340.21400026015374
 31
0.0
  0
LINE
  5
61B
330
17
100
AcDbEntity
  8
IV_INTERIOR_PROFILES
100
AcDbLine
 10
2009.5
 20
-355.21400026015374
 30
0.0
 11
2009.1
 21
-355.21400026015374
 31
0.0
  0
LINE
  5
61C
330
17
100
AcDbEntity
  8
IV_INTERIOR_PROFILES
100
AcDbLine
 10
2009.5
 20
-340.21400026015374
 30
0.0
 11
2009.5
 21
-355.21400026015374
 31
0.0
  0
LINE
  5
61D
330
17
100
AcDbEntity
  8
IV_INTERIOR_PROFILES
100
AcDbLine
 10
2018.1
 20
-340.21400026015374
 30
0.0
 11
2018.5
 21
-340.21400026015374
 31
0.0
  0
LINE
  5
61E
330
17
100
AcDbEntity
  8
IV_INTERIOR_PROFILES
100
AcDbLine
 10
2018.1
 20
-355.21400026015374
 30
0.0
 11
2018.1
 21
-340.21400026015374
 31
0.0
  0
LINE
  5
61F
330
17
100
AcDbEntity
  8
IV_INTERIOR_PROFILES
100
AcDbLine
 10
2018.5
 20
-355.21400026015374
 30
0.0
 11
2018.1
 21
-355.21400026015374
 31
0.0
  0
LINE
  5
620
330
17
100
AcDbEntity
  8
IV_INTERIOR_PROFILES
100
AcDbLine
 10
2018.5
 20
-340.21400026015374
 30
0.0
 11
2018.5
 21
-355.21400026015374
 31
0.0
  0
LINE
  5
621
330
17
100
AcDbEntity
  8
IV_INTERIOR_PROFILES
100
AcDbLine
 10
2027.1
 20
-340.21400026015374
 30
0.0
 11
2027.5
 21
-340.21400026015374
 31
0.0
  0
LINE
  5
622
330
17
100
AcDbEntity
  8
IV_INTERIOR_PROFILES
100
AcDbLine
 10
2027.1
 20
-355.21400026015374
 30
0.0
 11
2027.1
 21
-340.21400026015374
 31
0.0
  0
LINE
  5
623
330
17
100
AcDbEntity
  8
IV_INTERIOR_PROFILES
100
AcDbLine
 10
2027.5
 20
-355.21400026015374
 30
0.0
 11
2027.1
 21
-355.21400026015374
 31
0.0
  0
LINE
  5
624
330
17
100
AcDbEntity
  8
IV_INTERIOR_PROFILES
100
AcDbLine
 10
2027.5
 20
-340.21400026015374
 30
0.0
 11
2027.5
 21
-355.21400026015374
 31
0.0
  0
LINE
  5
625
330
17
100
AcDbEntity
  8
IV_INTERIOR_PROFILES
100
AcDbLine
 10
2036.1
 20
-340.21400026015374
 30
0.0
 11
2036.5
 21
-340.21400026015374
 31
0.0
  0
LINE
  5
626
330
17
100
AcDbEntity
  8
IV_INTERIOR_PROFILES
100
AcDbLine
 10
2036.1
 20
-355.21400026015374
 30
0.0
 11
2036.1
 21
-340.21400026015374
 31
0.0
  0
LINE
  5
627
330
17
100
AcDbEntity
  8
IV_INTERIOR_PROFILES
100
AcDbLine
 10
2036.5
 20
-355.21400026015374
 30
0.0
 11
2036.1
 21
-355.21400026015374
 31
0.0
  0
LINE
  5
628
330
17
100
AcDbEntity
  8
IV_INTERIOR_PROFILES
100
AcDbLine
 10
2036.5
 20
-340.21400026015374
 30
0.0
 11
2036.5
 21
-355.21400026015374
 31
0.0
  0
LINE
  5
629
330
17
100
AcDbEntity
  8
IV_INTERIOR_PROFILES
100
AcDbLine
 10
2045.1
 20
-340.21400026015374
 30
0.0
 11
2045.5
 21
-340.21400026015374
 31
0.0
  0
LINE
  5
62A
330
17
100
AcDbEntity
  8
IV_INTERIOR_PROFILES
100
AcDbLine
 10
2045.1
 20
-355.21400026015374
 30
0.0
 11
2045.1
 21
-340.21400026015374
 31
0.0
  0
LINE
  5
62B
330
17
100
AcDbEntity
  8
IV_INTERIOR_PROFILES
100
AcDbLine
 10
2045.5
 20
-355.21400026015374
 30
0.0
 11
2045.1
 21
-355.21400026015374
 31
0.0
  0
LINE
  5
62C
330
17
100
AcDbEntity
  8
IV_INTERIOR_PROFILES
100
AcDbLine
 10
2045.5
 20
-340.21400026015374
 30
0.0
 11
2045.5
 21
-355.21400026015374
 31
0.0
  0
LINE
  5
62D
330
17
100
AcDbEntity
  8
IV_INTERIOR_PROFILES
100
AcDbLine
 10
2054.1
 20
-340.21400026015374
 30
0.0
 11
2054.5
 21
-340.21400026015374
 31
0.0
  0
LINE
  5
62E
330
17
100
AcDbEntity
  8
IV_INTERIOR_PROFILES
100
AcDbLine
 10
2054.1
 20
-355.21400026015374
 30
0.0
 11
2054.1
 21
-340.21400026015374
 31
0.0
  0
LINE
  5
62F
330
17
100
AcDbEntity
  8
IV_INTERIOR_PROFILES
100
AcDbLine
 10
2054.5
 20
-355.21400026015374
 30
0.0
 11
2054.1
 21
-355.21400026015374
 31
0.0
  0
LINE
  5
630
330
17
100
AcDbEntity
  8
IV_INTERIOR_PROFILES
100
AcDbLine
 10
2054.5
 20
-340.21400026015374
 30
0.0
 11
2054.5
 21
-355.21400026015374
 31
0.0
  0
LINE
  5
631
330
17
100
AcDbEntity
  8
IV_INTERIOR_PROFILES
100
AcDbLine
 10
1046.1
 20
-340.2140002601535
 30
0.0
 11
1046.5
 21
-340.2140002601535
 31
0.0
  0
LINE
  5
632
330
17
100
AcDbEntity
  8
IV_INTERIOR_PROFILES
100
AcDbLine
 10
1046.1
 20
-355.2140002601535
 30
0.0
 11
1046.1
 21
-340.2140002601535
 31
0.0
  0
LINE
  5
633
330
17
100
AcDbEntity
  8
IV_INTERIOR_PROFILES
100
AcDbLine
 10
1046.5
 20
-355.2140002601535
 30
0.0
 11
1046.1
 21
-355.2140002601535
 31
0.0
  0
LINE
  5
634
330
17
100
AcDbEntity
  8
IV_INTERIOR_PROFILES
100
AcDbLine
 10
1046.5
 20
-340.2140002601535
 30
0.0
 11
1046.5
 21
-355.2140002601535
 31
0.0
  0
LINE
  5
635
330
17
100
AcDbEntity
  8
IV_INTERIOR_PROFILES
100
AcDbLine
 10
2063.1
 20
-340.21400026015374
 30
0.0
 11
2063.5
 21
-340.21400026015374
 31
0.0
  0
LINE
  5
636
330
17
100
AcDbEntity
  8
IV_INTERIOR_PROFILES
100
AcDbLine
 10
2063.1
 20
-355.21400026015374
 30
0.0
 11
2063.1
 21
-340.21400026015374
 31
0.0
  0
LINE
  5
637
330
17
100
AcDbEntity
  8
IV_INTERIOR_PROFILES
100
AcDbLine
 10
2063.5
 20
-355.21400026015374
 30
0.0
 11
2063.1
 21
-355.21400026015374
 31
0.0
  0
LINE
  5
638
330
17
100
AcDbEntity
  8
IV_INTERIOR_PROFILES
100
AcDbLine
 10
2063.5
 20
-340.21400026015374
 30
0.0
 11
2063.5
 21
-355.21400026015374
 31
0.0
  0
LINE
  5
639
330
17
100
AcDbEntity
  8
IV_INTERIOR_PROFILES
100
AcDbLine
 10
1055.1000000000001
 20
-313.7894119851152
 30
0.0
 11
1055.5
 21
-313.7894119851152
 31
0.0
  0
LINE
  5
63A
330
17
100
AcDbEntity
  8
IV_INTERIOR_PROFILES
100
AcDbLine
 10
1055.1000000000001
 20
-328.7894119851152
 30
0.0
 11
1055.1000000000001
 21
-313.7894119851152
 31
0.0
  0
LINE
  5
63B
330
17
100
AcDbEntity
  8
IV_INTERIOR_PROFILES
100
AcDbLine
 10
1055.5
 20
-328.7894119851152
 30
0.0
 11
1055.1000000000001
 21
-328.7894119851152
 31
0.0
  0
LINE
  5
63C
330
17
100
AcDbEntity
  8
IV_INTERIOR_PROFILES
100
AcDbLine
 10
1055.5
 20
-313.7894119851152
 30
0.0
 11
1055.5
 21
-328.7894119851152
 31
0.0
  0
LINE
  5
63D
330
17
100
AcDbEntity
  8
IV_INTERIOR_PROFILES
100
AcDbLine
 10
1064.1
 20
-313.7894119851152
 30
0.0
 11
1064.5
 21
-313.7894119851152
 31
0.0
  0
LINE
  5
63E
330
17
100
AcDbEntity
  8
IV_INTERIOR_PROFILES
100
AcDbLine
 10
1064.1
 20
-328.7894119851152
 30
0.0
 11
1064.1
 21
-313.7894119851152
 31
0.0
  0
LINE
  5
63F
330
17
100
AcDbEntity
  8
IV_INTERIOR_PROFILES
100
AcDbLine
 10
1064.5
 20
-328.7894119851152
 30
0.0
 11
1064.1
 21
-328.7894119851152
 31
0.0
  0
LINE
  5
640
330
17
100
AcDbEntity
  8
IV_INTERIOR_PROFILES
100
AcDbLine
 10
1064.5
 20
-313.7894119851152
 30
0.0
 11
1064.5
 21
-328.7894119851152
 31
0.0
  0
LINE
  5
641
330
17
100
AcDbEntity
  8
IV_INTERIOR_PROFILES
100
AcDbLine
 10
1073.1000000000001
 20
-313.7894119851152
 30
0.0
 11
1073.5
 21
-313.7894119851152
 31
0.0
  0
LINE
  5
642
330
17
100
AcDbEntity
  8
IV_INTERIOR_PROFILES
100
AcDbLine
 10
1073.1000000000001
 20
-328.7894119851152
 30
0.0
 11
1073.1000000000001
 21
-313.7894119851152
 31
0.0
  0
LINE
  5
643
330
17
100
AcDbEntity
  8
IV_INTERIOR_PROFILES
100
AcDbLine
 10
1073.5
 20
-328.7894119851152
 30
0.0
 11
1073.1000000000001
 21
-328.7894119851152
 31
0.0
  0
LINE
  5
644
330
17
100
AcDbEntity
  8
IV_INTERIOR_PROFILES
100
AcDbLine
 10
1073.5
 20
-313.7894119851152
 30
0.0
 11
1073.5
 21
-328.7894119851152
 31
0.0
  0
LINE
  5
645
330
17
100
AcDbEntity
  8
IV_INTERIOR_PROFILES
100
AcDbLine
 10
1082.1
 20
-313.7894119851152
 30
0.0
 11
1082.4999999999998
 21
-313.7894119851152
 31
0.0
  0
LINE
  5
646
330
17
100
AcDbEntity
  8
IV_INTERIOR_PROFILES
100
AcDbLine
 10
1082.1
 20
-328.7894119851152
 30
0.0
 11
1082.1
 21
-313.7894119851152
 31
0.0
  0
LINE
  5
647
330
17
100
AcDbEntity
  8
IV_INTERIOR_PROFILES
100
AcDbLine
 10
1082.4999999999998
 20
-328.7894119851152
 30
0.0
 11
1082.1
 21
-328.7894119851152
 31
0.0
  0
LINE
  5
648
330
17
100
AcDbEntity
  8
IV_INTERIOR_PROFILES
100
AcDbLine
 10
1082.4999999999998
 20
-313.7894119851152
 30
0.0
 11
1082.4999999999998
 21
-328.7894119851152
 31
0.0
  0
LINE
  5
649
330
17
100
AcDbEntity
  8
IV_INTERIOR_PROFILES
100
AcDbLine
 10
1091.1
 20
-313.7894119851152
 30
0.0
 11
1091.5
 21
-313.7894119851152
 31
0.0
  0
LINE
  5
64A
330
17
100
AcDbEntity
  8
IV_INTERIOR_PROFILES
100
AcDbLine
 10
1091.1
 20
-328.7894119851152
 30
0.0
 11
1091.1
 21
-313.7894119851152
 31
0.0
  0
LINE
  5
64B
330
17
100
AcDbEntity
  8
IV_INTERIOR_PROFILES
100
AcDbLine
 10
1091.5
 20
-328.7894119851152
 30
0.0
 11
1091.1
 21
-328.7894119851152
 31
0.0
  0
LINE
  5
64C
330
17
100
AcDbEntity
  8
IV_INTERIOR_PROFILES
100
AcDbLine
 10
1091.5
 20
-313.7894119851152
 30
0.0
 11
1091.5
 21
-328.7894119851152
 31
0.0
  0
LINE
  5
64D
330
17
100
AcDbEntity
  8
IV_INTERIOR_PROFILES
100
AcDbLine
 10
1100.1000000000001
 20
-313.7894119851152
 30
0.0
 11
1100.5
 21
-313.7894119851152
 31
0.0
  0
LINE
  5
64E
330
17
100
AcDbEntity
  8
IV_INTERIOR_PROFILES
100
AcDbLine
 10
1100.1000000000001
 20
-328.7894119851152
 30
0.0
 11
1100.1000000000001
 21
-313.7894119851152
 31
0.0
  0
LINE
  5
64F
330
17
100
AcDbEntity
  8
IV_INTERIOR_PROFILES
100
AcDbLine
 10
1100.5
 20
-328.7894119851152
 30
0.0
 11
1100.1000000000001
 21
-328.7894119851152
 31
0.0
  0
LINE
  5
650
330
17
100
AcDbEntity
  8
IV_INTERIOR_PROFILES
100
AcDbLine
 10
1100.5
 20
-313.7894119851152
 30
0.0
 11
1100.5
 21
-328.7894119851152
 31
0.0
  0
LINE
  5
651
330
17
100
AcDbEntity
  8
IV_INTERIOR_PROFILES
100
AcDbLine
 10
1109.1
 20
-313.7894119851152
 30
0.0
 11
1109.5
 21
-313.7894119851152
 31
0.0
  0
LINE
  5
652
330
17
100
AcDbEntity
  8
IV_INTERIOR_PROFILES
100
AcDbLine
 10
1109.1
 20
-328.7894119851152
 30
0.0
 11
1109.1
 21
-313.7894119851152
 31
0.0
  0
LINE
  5
653
330
17
100
AcDbEntity
  8
IV_INTERIOR_PROFILES
100
AcDbLine
 10
1109.5
 20
-328.7894119851152
 30
0.0
 11
1109.1
 21
-328.7894119851152
 31
0.0
  0
LINE
  5
654
330
17
100
AcDbEntity
  8
IV_INTERIOR_PROFILES
100
AcDbLine
 10
1109.5
 20
-313.7894119851152
 30
0.0
 11
1109.5
 21
-328.7894119851152
 31
0.0
  0
LINE
  5
655
330
17
100
AcDbEntity
  8
IV_INTERIOR_PROFILES
100
AcDbLine
 10
1118.1000000000001
 20
-313.7894119851152
 30
0.0
 11
1118.5
 21
-313.7894119851152
 31
0.0
  0
LINE
  5
656
330
17
100
AcDbEntity
  8
IV_INTERIOR_PROFILES
100
AcDbLine
 10
1118.1000000000001
 20
-328.7894119851152
 30
0.0
 11
1118.1000000000001
 21
-313.7894119851152
 31
0.0
  0
LINE
  5
657
330
17
100
AcDbEntity
  8
IV_INTERIOR_PROFILES
100
AcDbLine
 10
1118.5
 20
-328.7894119851152
 30
0.0
 11
1118.1000000000001
 21
-328.7894119851152
 31
0.0
  0
LINE
  5
658
330
17
100
AcDbEntity
  8
IV_INTERIOR_PROFILES
100
AcDbLine
 10
1118.5
 20
-313.7894119851152
 30
0.0
 11
1118.5
 21
-328.7894119851152
 31
0.0
  0
LINE
  5
659
330
17
100
AcDbEntity
  8
IV_INTERIOR_PROFILES
100
AcDbLine
 10
1127.1
 20
-313.7894119851152
 30
0.0
 11
1127.4999999999998
 21
-313.7894119851152
 31
0.0
  0
LINE
  5
65A
330
17
100
AcDbEntity
  8
IV_INTERIOR_PROFILES
100
AcDbLine
 10
1127.1
 20
-328.7894119851152
 30
0.0
 11
1127.1
 21
-313.7894119851152
 31
0.0
  0
LINE
  5
65B
330
17
100
AcDbEntity
  8
IV_INTERIOR_PROFILES
100
AcDbLine
 10
1127.4999999999998
 20
-328.7894119851152
 30
0.0
 11
1127.1
 21
-328.7894119851152
 31
0.0
  0
LINE
  5
65C
330
17
100
AcDbEntity
  8
IV_INTERIOR_PROFILES
100
AcDbLine
 10
1127.4999999999998
 20
-313.7894119851152
 30
0.0
 11
1127.4999999999998
 21
-328.7894119851152
 31
0.0
  0
LINE
  5
65D
330
17
100
AcDbEntity
  8
IV_INTERIOR_PROFILES
100
AcDbLine
 10
1136.1
 20
-313.7894119851152
 30
0.0
 11
1136.5
 21
-313.7894119851152
 31
0.0
  0
LINE
  5
65E
330
17
100
AcDbEntity
  8
IV_INTERIOR_PROFILES
100
AcDbLine
 10
1136.1
 20
-328.7894119851152
 30
0.0
 11
1136.1
 21
-313.7894119851152
 31
0.0
  0
LINE
  5
65F
330
17
100
AcDbEntity
  8
IV_INTERIOR_PROFILES
100
AcDbLine
 10
1136.5
 20
-328.7894119851152
 30
0.0
 11
1136.1
 21
-328.7894119851152
 31
0.0
  0
LINE
  5
660
330
17
100
AcDbEntity
  8
IV_INTERIOR_PROFILES
100
AcDbLine
 10
1136.5
 20
-313.7894119851152
 30
0.0
 11
1136.5
 21
-328.7894119851152
 31
0.0
  0
LINE
  5
661
330
17
100
AcDbEntity
  8
IV_INTERIOR_PROFILES
100
AcDbLine
 10
1145.1
 20
-313.7894119851152
 30
0.0
 11
1145.5
 21
-313.7894119851152
 31
0.0
  0
LINE
  5
662
330
17
100
AcDbEntity
  8
IV_INTERIOR_PROFILES
100
AcDbLine
 10
1145.1
 20
-328.7894119851152
 30
0.0
 11
1145.1
 21
-313.7894119851152
 31
0.0
  0
LINE
  5
663
330
17
100
AcDbEntity
  8
IV_INTERIOR_PROFILES
100
AcDbLine
 10
1145.5
 20
-328.7894119851152
 30
0.0
 11
1145.1
 21
-328.7894119851152
 31
0.0
  0
LINE
  5
664
330
17
100
AcDbEntity
  8
IV_INTERIOR_PROFILES
100
AcDbLine
 10
1145.5
 20
-313.7894119851152
 30
0.0
 11
1145.5
 21
-328.7894119851152
 31
0.0
  0
LINE
  5
665
330
17
100
AcDbEntity
  8
IV_INTERIOR_PROFILES
100
AcDbLine
 10
1154.1
 20
-313.7894119851152
 30
0.0
 11
1154.5
 21
-313.7894119851152
 31
0.0
  0
LINE
  5
666
330
17
100
AcDbEntity
  8
IV_INTERIOR_PROFILES
100
AcDbLine
 10
1154.1
 20
-328.7894119851152
 30
0.0
 11
1154.1
 21
-313.7894119851152
 31
0.0
  0
LINE
  5
667
330
17
100
AcDbEntity
  8
IV_INTERIOR_PROFILES
100
AcDbLine
 10
1154.5
 20
-328.7894119851152
 30
0.0
 11
1154.1
 21
-328.7894119851152
 31
0.0
  0
LINE
  5
668
330
17
100
AcDbEntity
  8
IV_INTERIOR_PROFILES
100
AcDbLine
 10
1154.5
 20
-313.7894119851152
 30
0.0
 11
1154.5
 21
-328.7894119851152
 31
0.0
  0
LINE
  5
669
330
17
100
AcDbEntity
  8
IV_INTERIOR_PROFILES
100
AcDbLine
 10
1163.1
 20
-313.7894119851152
 30
0.0
 11
1163.5
 21
-313.7894119851152
 31
0.0
  0
LINE
  5
66A
330
17
100
AcDbEntity
  8
IV_INTERIOR_PROFILES
100
AcDbLine
 10
1163.1
 20
-328.7894119851152
 30
0.0
 11
1163.1
 21
-313.7894119851152
 31
0.0
  0
LINE
  5
66B
330
17
100
AcDbEntity
  8
IV_INTERIOR_PROFILES
100
AcDbLine
 10
1163.5
 20
-328.7894119851152
 30
0.0
 11
1163.1
 21
-328.7894119851152
 31
0.0
  0
LINE
  5
66C
330
17
100
AcDbEntity
  8
IV_INTERIOR_PROFILES
100
AcDbLine
 10
1163.5
 20
-313.7894119851152
 30
0.0
 11
1163.5
 21
-328.7894119851152
 31
0.0
  0
LINE
  5
66D
330
17
100
AcDbEntity
  8
IV_INTERIOR_PROFILES
100
AcDbLine
 10
1172.1
 20
-313.7894119851152
 30
0.0
 11
1172.5
 21
-313.7894119851152
 31
0.0
  0
LINE
  5
66E
330
17
100
AcDbEntity
  8
IV_INTERIOR_PROFILES
100
AcDbLine
 10
1172.1
 20
-328.7894119851152
 30
0.0
 11
1172.1
 21
-313.7894119851152
 31
0.0
  0
LINE
  5
66F
330
17
100
AcDbEntity
  8
IV_INTERIOR_PROFILES
100
AcDbLine
 10
1172.4999999999998
 20
-328.7894119851152
 30
0.0
 11
1172.1
 21
-328.7894119851152
 31
0.0
  0
LINE
  5
670
330
17
100
AcDbEntity
  8
IV_INTERIOR_PROFILES
100
AcDbLine
 10
1172.5
 20
-313.7894119851152
 30
0.0
 11
1172.4999999999998
 21
-328.7894119851152
 31
0.0
  0
LINE
  5
671
330
17
100
AcDbEntity
  8
IV_INTERIOR_PROFILES
100
AcDbLine
 10
1181.1
 20
-313.7894119851152
 30
0.0
 11
1181.5
 21
-313.7894119851152
 31
0.0
  0
LINE
  5
672
330
17
100
AcDbEntity
  8
IV_INTERIOR_PROFILES
100
AcDbLine
 10
1181.1
 20
-328.7894119851152
 30
0.0
 11
1181.1
 21
-313.7894119851152
 31
0.0
  0
LINE
  5
673
330
17
100
AcDbEntity
  8
IV_INTERIOR_PROFILES
100
AcDbLine
 10
1181.5
 20
-328.7894119851152
 30
0.0
 11
1181.1
 21
-328.7894119851152
 31
0.0
  0
LINE
  5
674
330
17
100
AcDbEntity
  8
IV_INTERIOR_PROFILES
100
AcDbLine
 10
1181.5
 20
-313.7894119851152
 30
0.0
 11
1181.5
 21
-328.7894119851152
 31
0.0
  0
LINE
  5
675
330
17
100
AcDbEntity
  8
IV_INTERIOR_PROFILES
100
AcDbLine
 10
1190.1000000000001
 20
-313.7894119851152
 30
0.0
 11
1190.5
 21
-313.7894119851152
 31
0.0
  0
LINE
  5
676
330
17
100
AcDbEntity
  8
IV_INTERIOR_PROFILES
100
AcDbLine
 10
1190.1
 20
-328.7894119851152
 30
0.0
 11
1190.1000000000001
 21
-313.7894119851152
 31
0.0
  0
LINE
  5
677
330
17
100
AcDbEntity
  8
IV_INTERIOR_PROFILES
100
AcDbLine
 10
1190.5
 20
-328.7894119851152
 30
0.0
 11
1190.1
 21
-328.7894119851152
 31
0.0
  0
LINE
  5
678
330
17
100
AcDbEntity
  8
IV_INTERIOR_PROFILES
100
AcDbLine
 10
1190.5
 20
-313.7894119851152
 30
0.0
 11
1190.5
 21
-328.7894119851152
 31
0.0
  0
LINE
  5
679
330
17
100
AcDbEntity
  8
IV_INTERIOR_PROFILES
100
AcDbLine
 10
1199.1
 20
-313.7894119851152
 30
0.0
 11
1199.5
 21
-313.7894119851152
 31
0.0
  0
LINE
  5
67A
330
17
100
AcDbEntity
  8
IV_INTERIOR_PROFILES
100
AcDbLine
 10
1199.1
 20
-328.7894119851152
 30
0.0
 11
1199.1
 21
-313.7894119851152
 31
0.0
  0
LINE
  5
67B
330
17
100
AcDbEntity
  8
IV_INTERIOR_PROFILES
100
AcDbLine
 10
1199.5
 20
-328.7894119851152
 30
0.0
 11
1199.1
 21
-328.7894119851152
 31
0.0
  0
LINE
  5
67C
330
17
100
AcDbEntity
  8
IV_INTERIOR_PROFILES
100
AcDbLine
 10
1199.5
 20
-313.7894119851152
 30
0.0
 11
1199.5
 21
-328.7894119851152
 31
0.0
  0
LINE
  5
67D
330
17
100
AcDbEntity
  8
IV_INTERIOR_PROFILES
100
AcDbLine
 10
1208.1
 20
-313.7894119851152
 30
0.0
 11
1208.5
 21
-313.7894119851152
 31
0.0
  0
LINE
  5
67E
330
17
100
AcDbEntity
  8
IV_INTERIOR_PROFILES
100
AcDbLine
 10
1208.1
 20
-328.7894119851152
 30
0.0
 11
1208.1
 21
-313.7894119851152
 31
0.0
  0
LINE
  5
67F
330
17
100
AcDbEntity
  8
IV_INTERIOR_PROFILES
100
AcDbLine
 10
1208.5
 20
-328.7894119851152
 30
0.0
 11
1208.1
 21
-328.7894119851152
 31
0.0
  0
LINE
  5
680
330
17
100
AcDbEntity
  8
IV_INTERIOR_PROFILES
100
AcDbLine
 10
1208.5
 20
-313.7894119851152
 30
0.0
 11
1208.5
 21
-328.7894119851152
 31
0.0
  0
LINE
  5
681
330
17
100
AcDbEntity
  8
IV_INTERIOR_PROFILES
100
AcDbLine
 10
1217.1
 20
-313.7894119851152
 30
0.0
 11
1217.4999999999998
 21
-313.7894119851152
 31
0.0
  0
LINE
  5
682
330
17
100
AcDbEntity
  8
IV_INTERIOR_PROFILES
100
AcDbLine
 10
1217.1
 20
-328.7894119851152
 30
0.0
 11
1217.1
 21
-313.7894119851152
 31
0.0
  0
LINE
  5
683
330
17
100
AcDbEntity
  8
IV_INTERIOR_PROFILES
100
AcDbLine
 10
1217.4999999999998
 20
-328.7894119851152
 30
0.0
 11
1217.1
 21
-328.7894119851152
 31
0.0
  0
LINE
  5
684
330
17
100
AcDbEntity
  8
IV_INTERIOR_PROFILES
100
AcDbLine
 10
1217.4999999999998
 20
-313.7894119851152
 30
0.0
 11
1217.4999999999998
 21
-328.7894119851152
 31
0.0
  0
LINE
  5
685
330
17
100
AcDbEntity
  8
IV_INTERIOR_PROFILES
100
AcDbLine
 10
1226.1
 20
-313.7894119851152
 30
0.0
 11
1226.5
 21
-313.7894119851152
 31
0.0
  0
LINE
  5
686
330
17
100
AcDbEntity
  8
IV_INTERIOR_PROFILES
100
AcDbLine
 10
1226.1
 20
-328.7894119851152
 30
0.0
 11
1226.1
 21
-313.7894119851152
 31
0.0
  0
LINE
  5
687
330
17
100
AcDbEntity
  8
IV_INTERIOR_PROFILES
100
AcDbLine
 10
1226.5
 20
-328.7894119851152
 30
0.0
 11
1226.1
 21
-328.7894119851152
 31
0.0
  0
LINE
  5
688
330
17
100
AcDbEntity
  8
IV_INTERIOR_PROFILES
100
AcDbLine
 10
1226.5
 20
-313.7894119851152
 30
0.0
 11
1226.5
 21
-328.7894119851152
 31
0.0
  0
LINE
  5
689
330
17
100
AcDbEntity
  8
IV_INTERIOR_PROFILES
100
AcDbLine
 10
1235.1
 20
-313.7894119851152
 30
0.0
 11
1235.5
 21
-313.7894119851152
 31
0.0
  0
LINE
  5
68A
330
17
100
AcDbEntity
  8
IV_INTERIOR_PROFILES
100
AcDbLine
 10
1235.1
 20
-328.7894119851152
 30
0.0
 11
1235.1
 21
-313.7894119851152
 31
0.0
  0
LINE
  5
68B
330
17
100
AcDbEntity
  8
IV_INTERIOR_PROFILES
100
AcDbLine
 10
1235.5
 20
-328.7894119851152
 30
0.0
 11
1235.1
 21
-328.7894119851152
 31
0.0
  0
LINE
  5
68C
330
17
100
AcDbEntity
  8
IV_INTERIOR_PROFILES
100
AcDbLine
 10
1235.5
 20
-313.7894119851152
 30
0.0
 11
1235.5
 21
-328.7894119851152
 31
0.0
  0
LINE
  5
68D
330
17
100
AcDbEntity
  8
IV_INTERIOR_PROFILES
100
AcDbLine
 10
1244.1
 20
-313.78941198511524
 30
0.0
 11
1244.5
 21
-313.78941198511524
 31
0.0
  0
LINE
  5
68E
330
17
100
AcDbEntity
  8
IV_INTERIOR_PROFILES
100
AcDbLine
 10
1244.1
 20
-328.7894119851152
 30
0.0
 11
1244.1
 21
-313.78941198511524
 31
0.0
  0
LINE
  5
68F
330
17
100
AcDbEntity
  8
IV_INTERIOR_PROFILES
100
AcDbLine
 10
1244.5
 20
-328.7894119851152
 30
0.0
 11
1244.1
 21
-328.7894119851152
 31
0.0
  0
LINE
  5
690
330
17
100
AcDbEntity
  8
IV_INTERIOR_PROFILES
100
AcDbLine
 10
1244.5
 20
-313.78941198511524
 30
0.0
 11
1244.5
 21
-328.7894119851152
 31
0.0
  0
LINE
  5
691
330
17
100
AcDbEntity
  8
IV_INTERIOR_PROFILES
100
AcDbLine
 10
1253.1
 20
-313.78941198511524
 30
0.0
 11
1253.5
 21
-313.78941198511524
 31
0.0
  0
LINE
  5
692
330
17
100
AcDbEntity
  8
IV_INTERIOR_PROFILES
100
AcDbLine
 10
1253.1
 20
-328.7894119851152
 30
0.0
 11
1253.1
 21
-313.78941198511524
 31
0.0
  0
LINE
  5
693
330
17
100
AcDbEntity
  8
IV_INTERIOR_PROFILES
100
AcDbLine
 10
1253.5
 20
-328.7894119851152
 30
0.0
 11
1253.1
 21
-328.7894119851152
 31
0.0
  0
LINE
  5
694
330
17
100
AcDbEntity
  8
IV_INTERIOR_PROFILES
100
AcDbLine
 10
1253.5
 20
-313.78941198511524
 30
0.0
 11
1253.5
 21
-328.7894119851152
 31
0.0
  0
LINE
  5
695
330
17
100
AcDbEntity
  8
IV_INTERIOR_PROFILES
100
AcDbLine
 10
1262.1
 20
-313.78941198511524
 30
0.0
 11
1262.5
 21
-313.78941198511524
 31
0.0
  0
LINE
  5
696
330
17
100
AcDbEntity
  8
IV_INTERIOR_PROFILES
100
AcDbLine
 10
1262.1
 20
-328.7894119851152
 30
0.0
 11
1262.1
 21
-313.78941198511524
 31
0.0
  0
LINE
  5
697
330
17
100
AcDbEntity
  8
IV_INTERIOR_PROFILES
100
AcDbLine
 10
1262.5
 20
-328.7894119851152
 30
0.0
 11
1262.1
 21
-328.7894119851152
 31
0.0
  0
LINE
  5
698
330
17
100
AcDbEntity
  8
IV_INTERIOR_PROFILES
100
AcDbLine
 10
1262.5
 20
-313.78941198511524
 30
0.0
 11
1262.5
 21
-328.7894119851152
 31
0.0
  0
LINE
  5
699
330
17
100
AcDbEntity
  8
IV_INTERIOR_PROFILES
100
AcDbLine
 10
1271.1
 20
-313.78941198511524
 30
0.0
 11
1271.5
 21
-313.78941198511524
 31
0.0
  0
LINE
  5
69A
330
17
100
AcDbEntity
  8
IV_INTERIOR_PROFILES
100
AcDbLine
 10
1271.1
 20
-328.7894119851152
 30
0.0
 11
1271.1
 21
-313.78941198511524
 31
0.0
  0
LINE
  5
69B
330
17
100
AcDbEntity
  8
IV_INTERIOR_PROFILES
100
AcDbLine
 10
1271.5
 20
-328.7894119851152
 30
0.0
 11
1271.1
 21
-328.7894119851152
 31
0.0
  0
LINE
  5
69C
330
17
100
AcDbEntity
  8
IV_INTERIOR_PROFILES
100
AcDbLine
 10
1271.5
 20
-313.78941198511524
 30
0.0
 11
1271.5
 21
-328.7894119851152
 31
0.0
  0
LINE
  5
69D
330
17
100
AcDbEntity
  8
IV_INTERIOR_PROFILES
100
AcDbLine
 10
1280.1000000000001
 20
-313.78941198511524
 30
0.0
 11
1280.5
 21
-313.78941198511524
 31
0.0
  0
LINE
  5
69E
330
17
100
AcDbEntity
  8
IV_INTERIOR_PROFILES
100
AcDbLine
 10
1280.1000000000001
 20
-328.7894119851152
 30
0.0
 11
1280.1000000000001
 21
-313.78941198511524
 31
0.0
  0
LINE
  5
69F
330
17
100
AcDbEntity
  8
IV_INTERIOR_PROFILES
100
AcDbLine
 10
1280.5
 20
-328.7894119851152
 30
0.0
 11
1280.1000000000001
 21
-328.7894119851152
 31
0.0
  0
LINE
  5
6A0
330
17
100
AcDbEntity
  8
IV_INTERIOR_PROFILES
100
AcDbLine
 10
1280.5
 20
-313.78941198511524
 30
0.0
 11
1280.5
 21
-328.7894119851152
 31
0.0
  0
LINE
  5
6A1
330
17
100
AcDbEntity
  8
IV_INTERIOR_PROFILES
100
AcDbLine
 10
1289.1
 20
-313.78941198511524
 30
0.0
 11
1289.5
 21
-313.78941198511524
 31
0.0
  0
LINE
  5
6A2
330
17
100
AcDbEntity
  8
IV_INTERIOR_PROFILES
100
AcDbLine
 10
1289.1
 20
-328.78941198511524
 30
0.0
 11
1289.1
 21
-313.78941198511524
 31
0.0
  0
LINE
  5
6A3
330
17
100
AcDbEntity
  8
IV_INTERIOR_PROFILES
100
AcDbLine
 10
1289.5
 20
-328.78941198511524
 30
0.0
 11
1289.1
 21
-328.78941198511524
 31
0.0
  0
LINE
  5
6A4
330
17
100
AcDbEntity
  8
IV_INTERIOR_PROFILES
100
AcDbLine
 10
1289.5
 20
-313.78941198511524
 30
0.0
 11
1289.5
 21
-328.78941198511524
 31
0.0
  0
LINE
  5
6A5
330
17
100
AcDbEntity
  8
IV_INTERIOR_PROFILES
100
AcDbLine
 10
1298.1
 20
-313.78941198511524
 30
0.0
 11
1298.5
 21
-313.78941198511524
 31
0.0
  0
LINE
  5
6A6
330
17
100
AcDbEntity
  8
IV_INTERIOR_PROFILES
100
AcDbLine
 10
1298.1
 20
-328.78941198511524
 30
0.0
 11
1298.1
 21
-313.78941198511524
 31
0.0
  0
LINE
  5
6A7
330
17
100
AcDbEntity
  8
IV_INTERIOR_PROFILES
100
AcDbLine
 10
1298.5
 20
-328.78941198511524
 30
0.0
 11
1298.1
 21
-328.78941198511524
 31
0.0
  0
LINE
  5
6A8
330
17
100
AcDbEntity
  8
IV_INTERIOR_PROFILES
100
AcDbLine
 10
1298.5
 20
-313.78941198511524
 30
0.0
 11
1298.5
 21
-328.78941198511524
 31
0.0
  0
LINE
  5
6A9
330
17
100
AcDbEntity
  8
IV_INTERIOR_PROFILES
100
AcDbLine
 10
1307.1
 20
-313.78941198511524
 30
0.0
 11
1307.5
 21
-313.78941198511524
 31
0.0
  0
LINE
  5
6AA
330
17
100
AcDbEntity
  8
IV_INTERIOR_PROFILES
100
AcDbLine
 10
1307.1
 20
-328.78941198511524
 30
0.0
 11
1307.1
 21
-313.78941198511524
 31
0.0
  0
LINE
  5
6AB
330
17
100
AcDbEntity
  8
IV_INTERIOR_PROFILES
100
AcDbLine
 10
1307.5
 20
-328.78941198511524
 30
0.0
 11
1307.1
 21
-328.78941198511524
 31
0.0
  0
LINE
  5
6AC
330
17
100
AcDbEntity
  8
IV_INTERIOR_PROFILES
100
AcDbLine
 10
1307.5
 20
-313.78941198511524
 30
0.0
 11
1307.5
 21
-328.78941198511524
 31
0.0
  0
LINE
  5
6AD
330
17
100
AcDbEntity
  8
IV_INTERIOR_PROFILES
100
AcDbLine
 10
1316.1
 20
-313.78941198511524
 30
0.0
 11
1316.5
 21
-313.78941198511524
 31
0.0
  0
LINE
  5
6AE
330
17
100
AcDbEntity
  8
IV_INTERIOR_PROFILES
100
AcDbLine
 10
1316.1
 20
-328.78941198511524
 30
0.0
 11
1316.1
 21
-313.78941198511524
 31
0.0
  0
LINE
  5
6AF
330
17
100
AcDbEntity
  8
IV_INTERIOR_PROFILES
100
AcDbLine
 10
1316.5
 20
-328.78941198511524
 30
0.0
 11
1316.1
 21
-328.78941198511524
 31
0.0
  0
LINE
  5
6B0
330
17
100
AcDbEntity
  8
IV_INTERIOR_PROFILES
100
AcDbLine
 10
1316.5
 20
-313.78941198511524
 30
0.0
 11
1316.5
 21
-328.78941198511524
 31
0.0
  0
LINE
  5
6B1
330
17
100
AcDbEntity
  8
IV_INTERIOR_PROFILES
100
AcDbLine
 10
1325.1
 20
-313.78941198511524
 30
0.0
 11
1325.5
 21
-313.78941198511524
 31
0.0
  0
LINE
  5
6B2
330
17
100
AcDbEntity
  8
IV_INTERIOR_PROFILES
100
AcDbLine
 10
1325.1
 20
-328.78941198511524
 30
0.0
 11
1325.1
 21
-313.78941198511524
 31
0.0
  0
LINE
  5
6B3
330
17
100
AcDbEntity
  8
IV_INTERIOR_PROFILES
100
AcDbLine
 10
1325.5
 20
-328.78941198511524
 30
0.0
 11
1325.1
 21
-328.78941198511524
 31
0.0
  0
LINE
  5
6B4
330
17
100
AcDbEntity
  8
IV_INTERIOR_PROFILES
100
AcDbLine
 10
1325.5
 20
-313.78941198511524
 30
0.0
 11
1325.5
 21
-328.78941198511524
 31
0.0
  0
LINE
  5
6B5
330
17
100
AcDbEntity
  8
IV_INTERIOR_PROFILES
100
AcDbLine
 10
1334.1
 20
-313.78941198511524
 30
0.0
 11
1334.5
 21
-313.78941198511524
 31
0.0
  0
LINE
  5
6B6
330
17
100
AcDbEntity
  8
IV_INTERIOR_PROFILES
100
AcDbLine
 10
1334.1
 20
-328.78941198511524
 30
0.0
 11
1334.1
 21
-313.78941198511524
 31
0.0
  0
LINE
  5
6B7
330
17
100
AcDbEntity
  8
IV_INTERIOR_PROFILES
100
AcDbLine
 10
1334.5
 20
-328.78941198511524
 30
0.0
 11
1334.1
 21
-328.78941198511524
 31
0.0
  0
LINE
  5
6B8
330
17
100
AcDbEntity
  8
IV_INTERIOR_PROFILES
100
AcDbLine
 10
1334.5
 20
-313.78941198511524
 30
0.0
 11
1334.5
 21
-328.78941198511524
 31
0.0
  0
LINE
  5
6B9
330
17
100
AcDbEntity
  8
IV_INTERIOR_PROFILES
100
AcDbLine
 10
1343.1
 20
-313.78941198511524
 30
0.0
 11
1343.5
 21
-313.78941198511524
 31
0.0
  0
LINE
  5
6BA
330
17
100
AcDbEntity
  8
IV_INTERIOR_PROFILES
100
AcDbLine
 10
1343.1
 20
-328.78941198511524
 30
0.0
 11
1343.1
 21
-313.78941198511524
 31
0.0
  0
LINE
  5
6BB
330
17
100
AcDbEntity
  8
IV_INTERIOR_PROFILES
100
AcDbLine
 10
1343.5
 20
-328.78941198511524
 30
0.0
 11
1343.1
 21
-328.78941198511524
 31
0.0
  0
LINE
  5
6BC
330
17
100
AcDbEntity
  8
IV_INTERIOR_PROFILES
100
AcDbLine
 10
1343.5
 20
-313.78941198511524
 30
0.0
 11
1343.5
 21
-328.78941198511524
 31
0.0
  0
LINE
  5
6BD
330
17
100
AcDbEntity
  8
IV_INTERIOR_PROFILES
100
AcDbLine
 10
1352.1
 20
-313.78941198511524
 30
0.0
 11
1352.5
 21
-313.78941198511524
 31
0.0
  0
LINE
  5
6BE
330
17
100
AcDbEntity
  8
IV_INTERIOR_PROFILES
100
AcDbLine
 10
1352.1
 20
-328.78941198511524
 30
0.0
 11
1352.1
 21
-313.78941198511524
 31
0.0
  0
LINE
  5
6BF
330
17
100
AcDbEntity
  8
IV_INTERIOR_PROFILES
100
AcDbLine
 10
1352.5
 20
-328.78941198511524
 30
0.0
 11
1352.1
 21
-328.78941198511524
 31
0.0
  0
LINE
  5
6C0
330
17
100
AcDbEntity
  8
IV_INTERIOR_PROFILES
100
AcDbLine
 10
1352.5
 20
-313.78941198511524
 30
0.0
 11
1352.5
 21
-328.78941198511524
 31
0.0
  0
LINE
  5
6C1
330
17
100
AcDbEntity
  8
IV_INTERIOR_PROFILES
100
AcDbLine
 10
1361.1
 20
-313.78941198511524
 30
0.0
 11
1361.5
 21
-313.78941198511524
 31
0.0
  0
LINE
  5
6C2
330
17
100
AcDbEntity
  8
IV_INTERIOR_PROFILES
100
AcDbLine
 10
1361.1
 20
-328.78941198511524
 30
0.0
 11
1361.1
 21
-313.78941198511524
 31
0.0
  0
LINE
  5
6C3
330
17
100
AcDbEntity
  8
IV_INTERIOR_PROFILES
100
AcDbLine
 10
1361.5
 20
-328.78941198511524
 30
0.0
 11
1361.1
 21
-328.78941198511524
 31
0.0
  0
LINE
  5
6C4
330
17
100
AcDbEntity
  8
IV_INTERIOR_PROFILES
100
AcDbLine
 10
1361.5
 20
-313.78941198511524
 30
0.0
 11
1361.5
 21
-328.78941198511524
 31
0.0
  0
LINE
  5
6C5
330
17
100
AcDbEntity
  8
IV_INTERIOR_PROFILES
100
AcDbLine
 10
1370.1
 20
-313.78941198511524
 30
0.0
 11
1370.5
 21
-313.78941198511524
 31
0.0
  0
LINE
  5
6C6
330
17
100
AcDbEntity
  8
IV_INTERIOR_PROFILES
100
AcDbLine
 10
1370.1
 20
-328.78941198511524
 30
0.0
 11
1370.1
 21
-313.78941198511524
 31
0.0
  0
LINE
  5
6C7
330
17
100
AcDbEntity
  8
IV_INTERIOR_PROFILES
100
AcDbLine
 10
1370.5
 20
-328.78941198511524
 30
0.0
 11
1370.1
 21
-328.78941198511524
 31
0.0
  0
LINE
  5
6C8
330
17
100
AcDbEntity
  8
IV_INTERIOR_PROFILES
100
AcDbLine
 10
1370.5
 20
-313.78941198511524
 30
0.0
 11
1370.5
 21
-328.78941198511524
 31
0.0
  0
LINE
  5
6C9
330
17
100
AcDbEntity
  8
IV_INTERIOR_PROFILES
100
AcDbLine
 10
1379.1
 20
-313.78941198511524
 30
0.0
 11
1379.5
 21
-313.78941198511524
 31
0.0
  0
LINE
  5
6CA
330
17
100
AcDbEntity
  8
IV_INTERIOR_PROFILES
100
AcDbLine
 10
1379.1
 20
-328.78941198511524
 30
0.0
 11
1379.1
 21
-313.78941198511524
 31
0.0
  0
LINE
  5
6CB
330
17
100
AcDbEntity
  8
IV_INTERIOR_PROFILES
100
AcDbLine
 10
1379.5
 20
-328.78941198511524
 30
0.0
 11
1379.1
 21
-328.78941198511524
 31
0.0
  0
LINE
  5
6CC
330
17
100
AcDbEntity
  8
IV_INTERIOR_PROFILES
100
AcDbLine
 10
1379.5
 20
-313.78941198511524
 30
0.0
 11
1379.5
 21
-328.78941198511524
 31
0.0
  0
LINE
  5
6CD
330
17
100
AcDbEntity
  8
IV_INTERIOR_PROFILES
100
AcDbLine
 10
1388.1
 20
-313.78941198511524
 30
0.0
 11
1388.5
 21
-313.78941198511524
 31
0.0
  0
LINE
  5
6CE
330
17
100
AcDbEntity
  8
IV_INTERIOR_PROFILES
100
AcDbLine
 10
1388.1
 20
-328.78941198511524
 30
0.0
 11
1388.1
 21
-313.78941198511524
 31
0.0
  0
LINE
  5
6CF
330
17
100
AcDbEntity
  8
IV_INTERIOR_PROFILES
100
AcDbLine
 10
1388.5
 20
-328.78941198511524
 30
0.0
 11
1388.1
 21
-328.78941198511524
 31
0.0
  0
LINE
  5
6D0
330
17
100
AcDbEntity
  8
IV_INTERIOR_PROFILES
100
AcDbLine
 10
1388.5
 20
-313.78941198511524
 30
0.0
 11
1388.5
 21
-328.78941198511524
 31
0.0
  0
LINE
  5
6D1
330
17
100
AcDbEntity
  8
IV_INTERIOR_PROFILES
100
AcDbLine
 10
1397.1
 20
-313.78941198511524
 30
0.0
 11
1397.5
 21
-313.78941198511524
 31
0.0
  0
LINE
  5
6D2
330
17
100
AcDbEntity
  8
IV_INTERIOR_PROFILES
100
AcDbLine
 10
1397.1
 20
-328.78941198511524
 30
0.0
 11
1397.1
 21
-313.78941198511524
 31
0.0
  0
LINE
  5
6D3
330
17
100
AcDbEntity
  8
IV_INTERIOR_PROFILES
100
AcDbLine
 10
1397.5
 20
-328.78941198511524
 30
0.0
 11
1397.1
 21
-328.78941198511524
 31
0.0
  0
LINE
  5
6D4
330
17
100
AcDbEntity
  8
IV_INTERIOR_PROFILES
100
AcDbLine
 10
1397.5
 20
-313.78941198511524
 30
0.0
 11
1397.5
 21
-328.78941198511524
 31
0.0
  0
LINE
  5
6D5
330
17
100
AcDbEntity
  8
IV_INTERIOR_PROFILES
100
AcDbLine
 10
1406.1
 20
-313.78941198511524
 30
0.0
 11
1406.5
 21
-313.78941198511524
 31
0.0
  0
LINE
  5
6D6
330
17
100
AcDbEntity
  8
IV_INTERIOR_PROFILES
100
AcDbLine
 10
1406.1
 20
-328.78941198511524
 30
0.0
 11
1406.1
 21
-313.78941198511524
 31
0.0
  0
LINE
  5
6D7
330
17
100
AcDbEntity
  8
IV_INTERIOR_PROFILES
100
AcDbLine
 10
1406.5
 20
-328.78941198511524
 30
0.0
 11
1406.1
 21
-328.78941198511524
 31
0.0
  0
LINE
  5
6D8
330
17
100
AcDbEntity
  8
IV_INTERIOR_PROFILES
100
AcDbLine
 10
1406.5
 20
-313.78941198511524
 30
0.0
 11
1406.5
 21
-328.78941198511524
 31
0.0
  0
LINE
  5
6D9
330
17
100
AcDbEntity
  8
IV_INTERIOR_PROFILES
100
AcDbLine
 10
1415.1
 20
-313.78941198511524
 30
0.0
 11
1415.5
 21
-313.78941198511524
 31
0.0
  0
LINE
  5
6DA
330
17
100
AcDbEntity
  8
IV_INTERIOR_PROFILES
100
AcDbLine
 10
1415.1
 20
-328.78941198511524
 30
0.0
 11
1415.1
 21
-313.78941198511524
 31
0.0
  0
LINE
  5
6DB
330
17
100
AcDbEntity
  8
IV_INTERIOR_PROFILES
100
AcDbLine
 10
1415.5
 20
-328.78941198511524
 30
0.0
 11
1415.1
 21
-328.78941198511524
 31
0.0
  0
LINE
  5
6DC
330
17
100
AcDbEntity
  8
IV_INTERIOR_PROFILES
100
AcDbLine
 10
1415.5
 20
-313.78941198511524
 30
0.0
 11
1415.5
 21
-328.78941198511524
 31
0.0
  0
LINE
  5
6DD
330
17
100
AcDbEntity
  8
IV_INTERIOR_PROFILES
100
AcDbLine
 10
1424.1
 20
-313.78941198511524
 30
0.0
 11
1424.5
 21
-313.78941198511524
 31
0.0
  0
LINE
  5
6DE
330
17
100
AcDbEntity
  8
IV_INTERIOR_PROFILES
100
AcDbLine
 10
1424.1
 20
-328.78941198511524
 30
0.0
 11
1424.1
 21
-313.78941198511524
 31
0.0
  0
LINE
  5
6DF
330
17
100
AcDbEntity
  8
IV_INTERIOR_PROFILES
100
AcDbLine
 10
1424.5
 20
-328.78941198511524
 30
0.0
 11
1424.1
 21
-328.78941198511524
 31
0.0
  0
LINE
  5
6E0
330
17
100
AcDbEntity
  8
IV_INTERIOR_PROFILES
100
AcDbLine
 10
1424.5
 20
-313.78941198511524
 30
0.0
 11
1424.5
 21
-328.78941198511524
 31
0.0
  0
LINE
  5
6E1
330
17
100
AcDbEntity
  8
IV_INTERIOR_PROFILES
100
AcDbLine
 10
1433.1
 20
-313.78941198511524
 30
0.0
 11
1433.5
 21
-313.78941198511524
 31
0.0
  0
LINE
  5
6E2
330
17
100
AcDbEntity
  8
IV_INTERIOR_PROFILES
100
AcDbLine
 10
1433.1
 20
-328.78941198511524
 30
0.0
 11
1433.1
 21
-313.78941198511524
 31
0.0
  0
LINE
  5
6E3
330
17
100
AcDbEntity
  8
IV_INTERIOR_PROFILES
100
AcDbLine
 10
1433.5
 20
-328.78941198511524
 30
0.0
 11
1433.1
 21
-328.78941198511524
 31
0.0
  0
LINE
  5
6E4
330
17
100
AcDbEntity
  8
IV_INTERIOR_PROFILES
100
AcDbLine
 10
1433.5
 20
-313.78941198511524
 30
0.0
 11
1433.5
 21
-328.78941198511524
 31
0.0
  0
LINE
  5
6E5
330
17
100
AcDbEntity
  8
IV_INTERIOR_PROFILES
100
AcDbLine
 10
1442.1
 20
-313.78941198511524
 30
0.0
 11
1442.5
 21
-313.78941198511524
 31
0.0
  0
LINE
  5
6E6
330
17
100
AcDbEntity
  8
IV_INTERIOR_PROFILES
100
AcDbLine
 10
1442.1
 20
-328.78941198511524
 30
0.0
 11
1442.1
 21
-313.78941198511524
 31
0.0
  0
LINE
  5
6E7
330
17
100
AcDbEntity
  8
IV_INTERIOR_PROFILES
100
AcDbLine
 10
1442.5
 20
-328.78941198511524
 30
0.0
 11
1442.1
 21
-328.78941198511524
 31
0.0
  0
LINE
  5
6E8
330
17
100
AcDbEntity
  8
IV_INTERIOR_PROFILES
100
AcDbLine
 10
1442.5
 20
-313.78941198511524
 30
0.0
 11
1442.5
 21
-328.78941198511524
 31
0.0
  0
LINE
  5
6E9
330
17
100
AcDbEntity
  8
IV_INTERIOR_PROFILES
100
AcDbLine
 10
1451.1
 20
-313.78941198511524
 30
0.0
 11
1451.5
 21
-313.78941198511524
 31
0.0
  0
LINE
  5
6EA
330
17
100
AcDbEntity
  8
IV_INTERIOR_PROFILES
100
AcDbLine
 10
1451.1
 20
-328.78941198511524
 30
0.0
 11
1451.1
 21
-313.78941198511524
 31
0.0
  0
LINE
  5
6EB
330
17
100
AcDbEntity
  8
IV_INTERIOR_PROFILES
100
AcDbLine
 10
1451.5
 20
-328.78941198511524
 30
0.0
 11
1451.1
 21
-328.78941198511524
 31
0.0
  0
LINE
  5
6EC
330
17
100
AcDbEntity
  8
IV_INTERIOR_PROFILES
100
AcDbLine
 10
1451.5
 20
-313.78941198511524
 30
0.0
 11
1451.5
 21
-328.78941198511524
 31
0.0
  0
LINE
  5
6ED
330
17
100
AcDbEntity
  8
IV_INTERIOR_PROFILES
100
AcDbLine
 10
1460.1
 20
-313.7894119851153
 30
0.0
 11
1460.5
 21
-313.7894119851153
 31
0.0
  0
LINE
  5
6EE
330
17
100
AcDbEntity
  8
IV_INTERIOR_PROFILES
100
AcDbLine
 10
1460.1
 20
-328.78941198511524
 30
0.0
 11
1460.1
 21
-313.7894119851153
 31
0.0
  0
LINE
  5
6EF
330
17
100
AcDbEntity
  8
IV_INTERIOR_PROFILES
100
AcDbLine
 10
1460.5
 20
-328.78941198511524
 30
0.0
 11
1460.1
 21
-328.78941198511524
 31
0.0
  0
LINE
  5
6F0
330
17
100
AcDbEntity
  8
IV_INTERIOR_PROFILES
100
AcDbLine
 10
1460.5
 20
-313.7894119851153
 30
0.0
 11
1460.5
 21
-328.78941198511524
 31
0.0
  0
LINE
  5
6F1
330
17
100
AcDbEntity
  8
IV_INTERIOR_PROFILES
100
AcDbLine
 10
1469.1
 20
-313.7894119851153
 30
0.0
 11
1469.5
 21
-313.7894119851153
 31
0.0
  0
LINE
  5
6F2
330
17
100
AcDbEntity
  8
IV_INTERIOR_PROFILES
100
AcDbLine
 10
1469.1
 20
-328.78941198511524
 30
0.0
 11
1469.1
 21
-313.7894119851153
 31
0.0
  0
LINE
  5
6F3
330
17
100
AcDbEntity
  8
IV_INTERIOR_PROFILES
100
AcDbLine
 10
1469.5
 20
-328.78941198511524
 30
0.0
 11
1469.1
 21
-328.78941198511524
 31
0.0
  0
LINE
  5
6F4
330
17
100
AcDbEntity
  8
IV_INTERIOR_PROFILES
100
AcDbLine
 10
1469.5
 20
-313.7894119851153
 30
0.0
 11
1469.5
 21
-328.78941198511524
 31
0.0
  0
LINE
  5
6F5
330
17
100
AcDbEntity
  8
IV_INTERIOR_PROFILES
100
AcDbLine
 10
1478.1
 20
-313.7894119851153
 30
0.0
 11
1478.5
 21
-313.7894119851153
 31
0.0
  0
LINE
  5
6F6
330
17
100
AcDbEntity
  8
IV_INTERIOR_PROFILES
100
AcDbLine
 10
1478.1
 20
-328.78941198511524
 30
0.0
 11
1478.1
 21
-313.7894119851153
 31
0.0
  0
LINE
  5
6F7
330
17
100
AcDbEntity
  8
IV_INTERIOR_PROFILES
100
AcDbLine
 10
1478.5
 20
-328.78941198511524
 30
0.0
 11
1478.1
 21
-328.78941198511524
 31
0.0
  0
LINE
  5
6F8
330
17
100
AcDbEntity
  8
IV_INTERIOR_PROFILES
100
AcDbLine
 10
1478.5
 20
-313.7894119851153
 30
0.0
 11
1478.5
 21
-328.78941198511524
 31
0.0
  0
LINE
  5
6F9
330
17
100
AcDbEntity
  8
IV_INTERIOR_PROFILES
100
AcDbLine
 10
1487.1
 20
-313.7894119851153
 30
0.0
 11
1487.5
 21
-313.7894119851153
 31
0.0
  0
LINE
  5
6FA
330
17
100
AcDbEntity
  8
IV_INTERIOR_PROFILES
100
AcDbLine
 10
1487.1
 20
-328.7894119851153
 30
0.0
 11
1487.1
 21
-313.7894119851153
 31
0.0
  0
LINE
  5
6FB
330
17
100
AcDbEntity
  8
IV_INTERIOR_PROFILES
100
AcDbLine
 10
1487.5
 20
-328.7894119851153
 30
0.0
 11
1487.1
 21
-328.7894119851153
 31
0.0
  0
LINE
  5
6FC
330
17
100
AcDbEntity
  8
IV_INTERIOR_PROFILES
100
AcDbLine
 10
1487.5
 20
-313.7894119851153
 30
0.0
 11
1487.5
 21
-328.7894119851153
 31
0.0
  0
LINE
  5
6FD
330
17
100
AcDbEntity
  8
IV_INTERIOR_PROFILES
100
AcDbLine
 10
1496.1
 20
-313.7894119851153
 30
0.0
 11
1496.5
 21
-313.7894119851153
 31
0.0
  0
LINE
  5
6FE
330
17
100
AcDbEntity
  8
IV_INTERIOR_PROFILES
100
AcDbLine
 10
1496.1
 20
-328.7894119851153
 30
0.0
 11
1496.1
 21
-313.7894119851153
 31
0.0
  0
LINE
  5
6FF
330
17
100
AcDbEntity
  8
IV_INTERIOR_PROFILES
100
AcDbLine
 10
1496.5
 20
-328.7894119851153
 30
0.0
 11
1496.1
 21
-328.7894119851153
 31
0.0
  0
LINE
  5
700
330
17
100
AcDbEntity
  8
IV_INTERIOR_PROFILES
100
AcDbLine
 10
1496.5
 20
-313.7894119851153
 30
0.0
 11
1496.5
 21
-328.7894119851153
 31
0.0
  0
LINE
  5
701
330
17
100
AcDbEntity
  8
IV_INTERIOR_PROFILES
100
AcDbLine
 10
1505.1
 20
-313.7894119851153
 30
0.0
 11
1505.5
 21
-313.7894119851153
 31
0.0
  0
LINE
  5
702
330
17
100
AcDbEntity
  8
IV_INTERIOR_PROFILES
100
AcDbLine
 10
1505.1
 20
-328.7894119851153
 30
0.0
 11
1505.1
 21
-313.7894119851153
 31
0.0
  0
LINE
  5
703
330
17
100
AcDbEntity
  8
IV_INTERIOR_PROFILES
100
AcDbLine
 10
1505.5
 20
-328.7894119851153
 30
0.0
 11
1505.1
 21
-328.7894119851153
 31
0.0
  0
LINE
  5
704
330
17
100
AcDbEntity
  8
IV_INTERIOR_PROFILES
100
AcDbLine
 10
1505.5
 20
-313.7894119851153
 30
0.0
 11
1505.5
 21
-328.7894119851153
 31
0.0
  0
LINE
  5
705
330
17
100
AcDbEntity
  8
IV_INTERIOR_PROFILES
100
AcDbLine
 10
1514.1
 20
-313.7894119851153
 30
0.0
 11
1514.5
 21
-313.7894119851153
 31
0.0
  0
LINE
  5
706
330
17
100
AcDbEntity
  8
IV_INTERIOR_PROFILES
100
AcDbLine
 10
1514.1
 20
-328.7894119851153
 30
0.0
 11
1514.1
 21
-313.7894119851153
 31
0.0
  0
LINE
  5
707
330
17
100
AcDbEntity
  8
IV_INTERIOR_PROFILES
100
AcDbLine
 10
1514.5
 20
-328.7894119851153
 30
0.0
 11
1514.1
 21
-328.7894119851153
 31
0.0
  0
LINE
  5
708
330
17
100
AcDbEntity
  8
IV_INTERIOR_PROFILES
100
AcDbLine
 10
1514.5
 20
-313.7894119851153
 30
0.0
 11
1514.5
 21
-328.7894119851153
 31
0.0
  0
LINE
  5
709
330
17
100
AcDbEntity
  8
IV_INTERIOR_PROFILES
100
AcDbLine
 10
1523.1
 20
-313.7894119851153
 30
0.0
 11
1523.5
 21
-313.7894119851153
 31
0.0
  0
LINE
  5
70A
330
17
100
AcDbEntity
  8
IV_INTERIOR_PROFILES
100
AcDbLine
 10
1523.1
 20
-328.7894119851153
 30
0.0
 11
1523.1
 21
-313.7894119851153
 31
0.0
  0
LINE
  5
70B
330
17
100
AcDbEntity
  8
IV_INTERIOR_PROFILES
100
AcDbLine
 10
1523.5
 20
-328.7894119851153
 30
0.0
 11
1523.1
 21
-328.7894119851153
 31
0.0
  0
LINE
  5
70C
330
17
100
AcDbEntity
  8
IV_INTERIOR_PROFILES
100
AcDbLine
 10
1523.5
 20
-313.7894119851153
 30
0.0
 11
1523.5
 21
-328.7894119851153
 31
0.0
  0
LINE
  5
70D
330
17
100
AcDbEntity
  8
IV_INTERIOR_PROFILES
100
AcDbLine
 10
1532.1
 20
-313.7894119851153
 30
0.0
 11
1532.5
 21
-313.7894119851153
 31
0.0
  0
LINE
  5
70E
330
17
100
AcDbEntity
  8
IV_INTERIOR_PROFILES
100
AcDbLine
 10
1532.1
 20
-328.7894119851153
 30
0.0
 11
1532.1
 21
-313.7894119851153
 31
0.0
  0
LINE
  5
70F
330
17
100
AcDbEntity
  8
IV_INTERIOR_PROFILES
100
AcDbLine
 10
1532.5
 20
-328.7894119851153
 30
0.0
 11
1532.1
 21
-328.7894119851153
 31
0.0
  0
LINE
  5
710
330
17
100
AcDbEntity
  8
IV_INTERIOR_PROFILES
100
AcDbLine
 10
1532.5
 20
-313.7894119851153
 30
0.0
 11
1532.5
 21
-328.7894119851153
 31
0.0
  0
LINE
  5
711
330
17
100
AcDbEntity
  8
IV_INTERIOR_PROFILES
100
AcDbLine
 10
1541.1
 20
-313.7894119851153
 30
0.0
 11
1541.5
 21
-313.7894119851153
 31
0.0
  0
LINE
  5
712
330
17
100
AcDbEntity
  8
IV_INTERIOR_PROFILES
100
AcDbLine
 10
1541.1
 20
-328.7894119851153
 30
0.0
 11
1541.1
 21
-313.7894119851153
 31
0.0
  0
LINE
  5
713
330
17
100
AcDbEntity
  8
IV_INTERIOR_PROFILES
100
AcDbLine
 10
1541.5
 20
-328.7894119851153
 30
0.0
 11
1541.1
 21
-328.7894119851153
 31
0.0
  0
LINE
  5
714
330
17
100
AcDbEntity
  8
IV_INTERIOR_PROFILES
100
AcDbLine
 10
1541.5
 20
-313.7894119851153
 30
0.0
 11
1541.5
 21
-328.7894119851153
 31
0.0
  0
LINE
  5
715
330
17
100
AcDbEntity
  8
IV_INTERIOR_PROFILES
100
AcDbLine
 10
1550.1
 20
-313.7894119851153
 30
0.0
 11
1550.5
 21
-313.7894119851153
 31
0.0
  0
LINE
  5
716
330
17
100
AcDbEntity
  8
IV_INTERIOR_PROFILES
100
AcDbLine
 10
1550.1
 20
-328.7894119851153
 30
0.0
 11
1550.1
 21
-313.7894119851153
 31
0.0
  0
LINE
  5
717
330
17
100
AcDbEntity
  8
IV_INTERIOR_PROFILES
100
AcDbLine
 10
1550.5
 20
-328.7894119851153
 30
0.0
 11
1550.1
 21
-328.7894119851153
 31
0.0
  0
LINE
  5
718
330
17
100
AcDbEntity
  8
IV_INTERIOR_PROFILES
100
AcDbLine
 10
1550.5
 20
-313.7894119851153
 30
0.0
 11
1550.5
 21
-328.7894119851153
 31
0.0
  0
LINE
  5
719
330
17
100
AcDbEntity
  8
IV_INTERIOR_PROFILES
100
AcDbLine
 10
1559.1
 20
-313.7894119851153
 30
0.0
 11
1559.5
 21
-313.7894119851153
 31
0.0
  0
LINE
  5
71A
330
17
100
AcDbEntity
  8
IV_INTERIOR_PROFILES
100
AcDbLine
 10
1559.1
 20
-328.7894119851153
 30
0.0
 11
1559.1
 21
-313.7894119851153
 31
0.0
  0
LINE
  5
71B
330
17
100
AcDbEntity
  8
IV_INTERIOR_PROFILES
100
AcDbLine
 10
1559.5
 20
-328.7894119851153
 30
0.0
 11
1559.1
 21
-328.7894119851153
 31
0.0
  0
LINE
  5
71C
330
17
100
AcDbEntity
  8
IV_INTERIOR_PROFILES
100
AcDbLine
 10
1559.5
 20
-313.7894119851153
 30
0.0
 11
1559.5
 21
-328.7894119851153
 31
0.0
  0
LINE
  5
71D
330
17
100
AcDbEntity
  8
IV_INTERIOR_PROFILES
100
AcDbLine
 10
1568.1
 20
-313.7894119851153
 30
0.0
 11
1568.5
 21
-313.7894119851153
 31
0.0
  0
LINE
  5
71E
330
17
100
AcDbEntity
  8
IV_INTERIOR_PROFILES
100
AcDbLine
 10
1568.1
 20
-328.7894119851153
 30
0.0
 11
1568.1
 21
-313.7894119851153
 31
0.0
  0
LINE
  5
71F
330
17
100
AcDbEntity
  8
IV_INTERIOR_PROFILES
100
AcDbLine
 10
1568.5
 20
-328.7894119851153
 30
0.0
 11
1568.1
 21
-328.7894119851153
 31
0.0
  0
LINE
  5
720
330
17
100
AcDbEntity
  8
IV_INTERIOR_PROFILES
100
AcDbLine
 10
1568.5
 20
-313.7894119851153
 30
0.0
 11
1568.5
 21
-328.7894119851153
 31
0.0
  0
LINE
  5
721
330
17
100
AcDbEntity
  8
IV_INTERIOR_PROFILES
100
AcDbLine
 10
1577.1
 20
-313.7894119851153
 30
0.0
 11
1577.5
 21
-313.7894119851153
 31
0.0
  0
LINE
  5
722
330
17
100
AcDbEntity
  8
IV_INTERIOR_PROFILES
100
AcDbLine
 10
1577.1
 20
-328.7894119851153
 30
0.0
 11
1577.1
 21
-313.7894119851153
 31
0.0
  0
LINE
  5
723
330
17
100
AcDbEntity
  8
IV_INTERIOR_PROFILES
100
AcDbLine
 10
1577.5
 20
-328.7894119851153
 30
0.0
 11
1577.1
 21
-328.7894119851153
 31
0.0
  0
LINE
  5
724
330
17
100
AcDbEntity
  8
IV_INTERIOR_PROFILES
100
AcDbLine
 10
1577.5
 20
-313.7894119851153
 30
0.0
 11
1577.5
 21
-328.7894119851153
 31
0.0
  0
LINE
  5
725
330
17
100
AcDbEntity
  8
IV_INTERIOR_PROFILES
100
AcDbLine
 10
1586.1
 20
-313.7894119851153
 30
0.0
 11
1586.5
 21
-313.7894119851153
 31
0.0
  0
LINE
  5
726
330
17
100
AcDbEntity
  8
IV_INTERIOR_PROFILES
100
AcDbLine
 10
1586.1
 20
-328.7894119851153
 30
0.0
 11
1586.1
 21
-313.7894119851153
 31
0.0
  0
LINE
  5
727
330
17
100
AcDbEntity
  8
IV_INTERIOR_PROFILES
100
AcDbLine
 10
1586.5
 20
-328.7894119851153
 30
0.0
 11
1586.1
 21
-328.7894119851153
 31
0.0
  0
LINE
  5
728
330
17
100
AcDbEntity
  8
IV_INTERIOR_PROFILES
100
AcDbLine
 10
1586.5
 20
-313.7894119851153
 30
0.0
 11
1586.5
 21
-328.7894119851153
 31
0.0
  0
LINE
  5
729
330
17
100
AcDbEntity
  8
IV_INTERIOR_PROFILES
100
AcDbLine
 10
1595.1
 20
-313.7894119851153
 30
0.0
 11
1595.5
 21
-313.7894119851153
 31
0.0
  0
LINE
  5
72A
330
17
100
AcDbEntity
  8
IV_INTERIOR_PROFILES
100
AcDbLine
 10
1595.1
 20
-328.7894119851153
 30
0.0
 11
1595.1
 21
-313.7894119851153
 31
0.0
  0
LINE
  5
72B
330
17
100
AcDbEntity
  8
IV_INTERIOR_PROFILES
100
AcDbLine
 10
1595.5
 20
-328.7894119851153
 30
0.0
 11
1595.1
 21
-328.7894119851153
 31
0.0
  0
LINE
  5
72C
330
17
100
AcDbEntity
  8
IV_INTERIOR_PROFILES
100
AcDbLine
 10
1595.5
 20
-313.7894119851153
 30
0.0
 11
1595.5
 21
-328.7894119851153
 31
0.0
  0
LINE
  5
72D
330
17
100
AcDbEntity
  8
IV_INTERIOR_PROFILES
100
AcDbLine
 10
1604.1
 20
-313.7894119851153
 30
0.0
 11
1604.5
 21
-313.7894119851153
 31
0.0
  0
LINE
  5
72E
330
17
100
AcDbEntity
  8
IV_INTERIOR_PROFILES
100
AcDbLine
 10
1604.1
 20
-328.7894119851153
 30
0.0
 11
1604.1
 21
-313.7894119851153
 31
0.0
  0
LINE
  5
72F
330
17
100
AcDbEntity
  8
IV_INTERIOR_PROFILES
100
AcDbLine
 10
1604.5
 20
-328.7894119851153
 30
0.0
 11
1604.1
 21
-328.7894119851153
 31
0.0
  0
LINE
  5
730
330
17
100
AcDbEntity
  8
IV_INTERIOR_PROFILES
100
AcDbLine
 10
1604.5
 20
-313.7894119851153
 30
0.0
 11
1604.5
 21
-328.7894119851153
 31
0.0
  0
LINE
  5
731
330
17
100
AcDbEntity
  8
IV_INTERIOR_PROFILES
100
AcDbLine
 10
1613.1
 20
-313.7894119851153
 30
0.0
 11
1613.5
 21
-313.7894119851153
 31
0.0
  0
LINE
  5
732
330
17
100
AcDbEntity
  8
IV_INTERIOR_PROFILES
100
AcDbLine
 10
1613.1
 20
-328.7894119851153
 30
0.0
 11
1613.1
 21
-313.7894119851153
 31
0.0
  0
LINE
  5
733
330
17
100
AcDbEntity
  8
IV_INTERIOR_PROFILES
100
AcDbLine
 10
1613.5
 20
-328.7894119851153
 30
0.0
 11
1613.1
 21
-328.7894119851153
 31
0.0
  0
LINE
  5
734
330
17
100
AcDbEntity
  8
IV_INTERIOR_PROFILES
100
AcDbLine
 10
1613.5
 20
-313.7894119851153
 30
0.0
 11
1613.5
 21
-328.7894119851153
 31
0.0
  0
LINE
  5
735
330
17
100
AcDbEntity
  8
IV_INTERIOR_PROFILES
100
AcDbLine
 10
1622.1
 20
-313.7894119851153
 30
0.0
 11
1622.5
 21
-313.7894119851153
 31
0.0
  0
LINE
  5
736
330
17
100
AcDbEntity
  8
IV_INTERIOR_PROFILES
100
AcDbLine
 10
1622.1
 20
-328.7894119851153
 30
0.0
 11
1622.1
 21
-313.7894119851153
 31
0.0
  0
LINE
  5
737
330
17
100
AcDbEntity
  8
IV_INTERIOR_PROFILES
100
AcDbLine
 10
1622.5
 20
-328.7894119851153
 30
0.0
 11
1622.1
 21
-328.7894119851153
 31
0.0
  0
LINE
  5
738
330
17
100
AcDbEntity
  8
IV_INTERIOR_PROFILES
100
AcDbLine
 10
1622.5
 20
-313.7894119851153
 30
0.0
 11
1622.5
 21
-328.7894119851153
 31
0.0
  0
LINE
  5
739
330
17
100
AcDbEntity
  8
IV_INTERIOR_PROFILES
100
AcDbLine
 10
1631.1
 20
-313.7894119851153
 30
0.0
 11
1631.5
 21
-313.7894119851153
 31
0.0
  0
LINE
  5
73A
330
17
100
AcDbEntity
  8
IV_INTERIOR_PROFILES
100
AcDbLine
 10
1631.1
 20
-328.7894119851153
 30
0.0
 11
1631.1
 21
-313.7894119851153
 31
0.0
  0
LINE
  5
73B
330
17
100
AcDbEntity
  8
IV_INTERIOR_PROFILES
100
AcDbLine
 10
1631.5
 20
-328.7894119851153
 30
0.0
 11
1631.1
 21
-328.7894119851153
 31
0.0
  0
LINE
  5
73C
330
17
100
AcDbEntity
  8
IV_INTERIOR_PROFILES
100
AcDbLine
 10
1631.5
 20
-313.7894119851153
 30
0.0
 11
1631.5
 21
-328.7894119851153
 31
0.0
  0
LINE
  5
73D
330
17
100
AcDbEntity
  8
IV_INTERIOR_PROFILES
100
AcDbLine
 10
1640.1
 20
-313.7894119851153
 30
0.0
 11
1640.5
 21
-313.7894119851153
 31
0.0
  0
LINE
  5
73E
330
17
100
AcDbEntity
  8
IV_INTERIOR_PROFILES
100
AcDbLine
 10
1640.1
 20
-328.7894119851153
 30
0.0
 11
1640.1
 21
-313.7894119851153
 31
0.0
  0
LINE
  5
73F
330
17
100
AcDbEntity
  8
IV_INTERIOR_PROFILES
100
AcDbLine
 10
1640.5
 20
-328.7894119851153
 30
0.0
 11
1640.1
 21
-328.7894119851153
 31
0.0
  0
LINE
  5
740
330
17
100
AcDbEntity
  8
IV_INTERIOR_PROFILES
100
AcDbLine
 10
1640.5
 20
-313.7894119851153
 30
0.0
 11
1640.5
 21
-328.7894119851153
 31
0.0
  0
LINE
  5
741
330
17
100
AcDbEntity
  8
IV_INTERIOR_PROFILES
100
AcDbLine
 10
1649.1
 20
-313.7894119851153
 30
0.0
 11
1649.5
 21
-313.7894119851153
 31
0.0
  0
LINE
  5
742
330
17
100
AcDbEntity
  8
IV_INTERIOR_PROFILES
100
AcDbLine
 10
1649.1
 20
-328.7894119851153
 30
0.0
 11
1649.1
 21
-313.7894119851153
 31
0.0
  0
LINE
  5
743
330
17
100
AcDbEntity
  8
IV_INTERIOR_PROFILES
100
AcDbLine
 10
1649.5
 20
-328.7894119851153
 30
0.0
 11
1649.1
 21
-328.7894119851153
 31
0.0
  0
LINE
  5
744
330
17
100
AcDbEntity
  8
IV_INTERIOR_PROFILES
100
AcDbLine
 10
1649.5
 20
-313.7894119851153
 30
0.0
 11
1649.5
 21
-328.7894119851153
 31
0.0
  0
LINE
  5
745
330
17
100
AcDbEntity
  8
IV_INTERIOR_PROFILES
100
AcDbLine
 10
1658.1
 20
-313.7894119851153
 30
0.0
 11
1658.5
 21
-313.7894119851153
 31
0.0
  0
LINE
  5
746
330
17
100
AcDbEntity
  8
IV_INTERIOR_PROFILES
100
AcDbLine
 10
1658.1
 20
-328.7894119851153
 30
0.0
 11
1658.1
 21
-313.7894119851153
 31
0.0
  0
LINE
  5
747
330
17
100
AcDbEntity
  8
IV_INTERIOR_PROFILES
100
AcDbLine
 10
1658.5
 20
-328.7894119851153
 30
0.0
 11
1658.1
 21
-328.7894119851153
 31
0.0
  0
LINE
  5
748
330
17
100
AcDbEntity
  8
IV_INTERIOR_PROFILES
100
AcDbLine
 10
1658.5
 20
-313.7894119851153
 30
0.0
 11
1658.5
 21
-328.7894119851153
 31
0.0
  0
LINE
  5
749
330
17
100
AcDbEntity
  8
IV_INTERIOR_PROFILES
100
AcDbLine
 10
1667.1
 20
-313.7894119851153
 30
0.0
 11
1667.5
 21
-313.7894119851153
 31
0.0
  0
LINE
  5
74A
330
17
100
AcDbEntity
  8
IV_INTERIOR_PROFILES
100
AcDbLine
 10
1667.1
 20
-328.7894119851153
 30
0.0
 11
1667.1
 21
-313.7894119851153
 31
0.0
  0
LINE
  5
74B
330
17
100
AcDbEntity
  8
IV_INTERIOR_PROFILES
100
AcDbLine
 10
1667.5
 20
-328.7894119851153
 30
0.0
 11
1667.1
 21
-328.7894119851153
 31
0.0
  0
LINE
  5
74C
330
17
100
AcDbEntity
  8
IV_INTERIOR_PROFILES
100
AcDbLine
 10
1667.5
 20
-313.7894119851153
 30
0.0
 11
1667.5
 21
-328.7894119851153
 31
0.0
  0
LINE
  5
74D
330
17
100
AcDbEntity
  8
IV_INTERIOR_PROFILES
100
AcDbLine
 10
1676.1
 20
-313.78941198511535
 30
0.0
 11
1676.5
 21
-313.78941198511535
 31
0.0
  0
LINE
  5
74E
330
17
100
AcDbEntity
  8
IV_INTERIOR_PROFILES
100
AcDbLine
 10
1676.1
 20
-328.7894119851153
 30
0.0
 11
1676.1
 21
-313.78941198511535
 31
0.0
  0
LINE
  5
74F
330
17
100
AcDbEntity
  8
IV_INTERIOR_PROFILES
100
AcDbLine
 10
1676.5
 20
-328.7894119851153
 30
0.0
 11
1676.1
 21
-328.7894119851153
 31
0.0
  0
LINE
  5
750
330
17
100
AcDbEntity
  8
IV_INTERIOR_PROFILES
100
AcDbLine
 10
1676.5
 20
-313.78941198511535
 30
0.0
 11
1676.5
 21
-328.7894119851153
 31
0.0
  0
LINE
  5
751
330
17
100
AcDbEntity
  8
IV_INTERIOR_PROFILES
100
AcDbLine
 10
1685.1
 20
-313.78941198511535
 30
0.0
 11
1685.5
 21
-313.78941198511535
 31
0.0
  0
LINE
  5
752
330
17
100
AcDbEntity
  8
IV_INTERIOR_PROFILES
100
AcDbLine
 10
1685.1
 20
-328.7894119851153
 30
0.0
 11
1685.1
 21
-313.78941198511535
 31
0.0
  0
LINE
  5
753
330
17
100
AcDbEntity
  8
IV_INTERIOR_PROFILES
100
AcDbLine
 10
1685.5
 20
-328.7894119851153
 30
0.0
 11
1685.1
 21
-328.7894119851153
 31
0.0
  0
LINE
  5
754
330
17
100
AcDbEntity
  8
IV_INTERIOR_PROFILES
100
AcDbLine
 10
1685.5
 20
-313.78941198511535
 30
0.0
 11
1685.5
 21
-328.7894119851153
 31
0.0
  0
LINE
  5
755
330
17
100
AcDbEntity
  8
IV_INTERIOR_PROFILES
100
AcDbLine
 10
1694.1000000000001
 20
-313.78941198511535
 30
0.0
 11
1694.5
 21
-313.78941198511535
 31
0.0
  0
LINE
  5
756
330
17
100
AcDbEntity
  8
IV_INTERIOR_PROFILES
100
AcDbLine
 10
1694.1000000000001
 20
-328.7894119851153
 30
0.0
 11
1694.1000000000001
 21
-313.78941198511535
 31
0.0
  0
LINE
  5
757
330
17
100
AcDbEntity
  8
IV_INTERIOR_PROFILES
100
AcDbLine
 10
1694.5
 20
-328.7894119851153
 30
0.0
 11
1694.1000000000001
 21
-328.7894119851153
 31
0.0
  0
LINE
  5
758
330
17
100
AcDbEntity
  8
IV_INTERIOR_PROFILES
100
AcDbLine
 10
1694.5
 20
-313.78941198511535
 30
0.0
 11
1694.5
 21
-328.7894119851153
 31
0.0
  0
LINE
  5
759
330
17
100
AcDbEntity
  8
IV_INTERIOR_PROFILES
100
AcDbLine
 10
1703.1
 20
-313.78941198511535
 30
0.0
 11
1703.5
 21
-313.78941198511535
 31
0.0
  0
LINE
  5
75A
330
17
100
AcDbEntity
  8
IV_INTERIOR_PROFILES
100
AcDbLine
 10
1703.1
 20
-328.7894119851153
 30
0.0
 11
1703.1
 21
-313.78941198511535
 31
0.0
  0
LINE
  5
75B
330
17
100
AcDbEntity
  8
IV_INTERIOR_PROFILES
100
AcDbLine
 10
1703.5
 20
-328.7894119851153
 30
0.0
 11
1703.1
 21
-328.7894119851153
 31
0.0
  0
LINE
  5
75C
330
17
100
AcDbEntity
  8
IV_INTERIOR_PROFILES
100
AcDbLine
 10
1703.5
 20
-313.78941198511535
 30
0.0
 11
1703.5
 21
-328.7894119851153
 31
0.0
  0
LINE
  5
75D
330
17
100
AcDbEntity
  8
IV_INTERIOR_PROFILES
100
AcDbLine
 10
1712.1
 20
-313.78941198511535
 30
0.0
 11
1712.5
 21
-313.78941198511535
 31
0.0
  0
LINE
  5
75E
330
17
100
AcDbEntity
  8
IV_INTERIOR_PROFILES
100
AcDbLine
 10
1712.1
 20
-328.7894119851153
 30
0.0
 11
1712.1
 21
-313.78941198511535
 31
0.0
  0
LINE
  5
75F
330
17
100
AcDbEntity
  8
IV_INTERIOR_PROFILES
100
AcDbLine
 10
1712.5
 20
-328.7894119851153
 30
0.0
 11
1712.1
 21
-328.7894119851153
 31
0.0
  0
LINE
  5
760
330
17
100
AcDbEntity
  8
IV_INTERIOR_PROFILES
100
AcDbLine
 10
1712.5
 20
-313.78941198511535
 30
0.0
 11
1712.5
 21
-328.7894119851153
 31
0.0
  0
LINE
  5
761
330
17
100
AcDbEntity
  8
IV_INTERIOR_PROFILES
100
AcDbLine
 10
1721.1
 20
-313.78941198511535
 30
0.0
 11
1721.4999999999998
 21
-313.78941198511535
 31
0.0
  0
LINE
  5
762
330
17
100
AcDbEntity
  8
IV_INTERIOR_PROFILES
100
AcDbLine
 10
1721.1
 20
-328.78941198511535
 30
0.0
 11
1721.1
 21
-313.78941198511535
 31
0.0
  0
LINE
  5
763
330
17
100
AcDbEntity
  8
IV_INTERIOR_PROFILES
100
AcDbLine
 10
1721.4999999999998
 20
-328.78941198511535
 30
0.0
 11
1721.1
 21
-328.78941198511535
 31
0.0
  0
LINE
  5
764
330
17
100
AcDbEntity
  8
IV_INTERIOR_PROFILES
100
AcDbLine
 10
1721.4999999999998
 20
-313.78941198511535
 30
0.0
 11
1721.4999999999998
 21
-328.78941198511535
 31
0.0
  0
LINE
  5
765
330
17
100
AcDbEntity
  8
IV_INTERIOR_PROFILES
100
AcDbLine
 10
1730.1
 20
-313.78941198511535
 30
0.0
 11
1730.5
 21
-313.78941198511535
 31
0.0
  0
LINE
  5
766
330
17
100
AcDbEntity
  8
IV_INTERIOR_PROFILES
100
AcDbLine
 10
1730.1
 20
-328.78941198511535
 30
0.0
 11
1730.1
 21
-313.78941198511535
 31
0.0
  0
LINE
  5
767
330
17
100
AcDbEntity
  8
IV_INTERIOR_PROFILES
100
AcDbLine
 10
1730.5
 20
-328.78941198511535
 30
0.0
 11
1730.1
 21
-328.78941198511535
 31
0.0
  0
LINE
  5
768
330
17
100
AcDbEntity
  8
IV_INTERIOR_PROFILES
100
AcDbLine
 10
1730.5
 20
-313.78941198511535
 30
0.0
 11
1730.5
 21
-328.78941198511535
 31
0.0
  0
LINE
  5
769
330
17
100
AcDbEntity
  8
IV_INTERIOR_PROFILES
100
AcDbLine
 10
1739.1000000000001
 20
-313.78941198511535
 30
0.0
 11
1739.5
 21
-313.78941198511535
 31
0.0
  0
LINE
  5
76A
330
17
100
AcDbEntity
  8
IV_INTERIOR_PROFILES
100
AcDbLine
 10
1739.1000000000001
 20
-328.78941198511535
 30
0.0
 11
1739.1000000000001
 21
-313.78941198511535
 31
0.0
  0
LINE
  5
76B
330
17
100
AcDbEntity
  8
IV_INTERIOR_PROFILES
100
AcDbLine
 10
1739.5
 20
-328.78941198511535
 30
0.0
 11
1739.1000000000001
 21
-328.78941198511535
 31
0.0
  0
LINE
  5
76C
330
17
100
AcDbEntity
  8
IV_INTERIOR_PROFILES
100
AcDbLine
 10
1739.5
 20
-313.78941198511535
 30
0.0
 11
1739.5
 21
-328.78941198511535
 31
0.0
  0
LINE
  5
76D
330
17
100
AcDbEntity
  8
IV_INTERIOR_PROFILES
100
AcDbLine
 10
1748.1
 20
-313.78941198511535
 30
0.0
 11
1748.5
 21
-313.78941198511535
 31
0.0
  0
LINE
  5
76E
330
17
100
AcDbEntity
  8
IV_INTERIOR_PROFILES
100
AcDbLine
 10
1748.1
 20
-328.78941198511535
 30
0.0
 11
1748.1
 21
-313.78941198511535
 31
0.0
  0
LINE
  5
76F
330
17
100
AcDbEntity
  8
IV_INTERIOR_PROFILES
100
AcDbLine
 10
1748.5
 20
-328.78941198511535
 30
0.0
 11
1748.1
 21
-328.78941198511535
 31
0.0
  0
LINE
  5
770
330
17
100
AcDbEntity
  8
IV_INTERIOR_PROFILES
100
AcDbLine
 10
1748.5
 20
-313.78941198511535
 30
0.0
 11
1748.5
 21
-328.78941198511535
 31
0.0
  0
LINE
  5
771
330
17
100
AcDbEntity
  8
IV_INTERIOR_PROFILES
100
AcDbLine
 10
1757.1
 20
-313.78941198511535
 30
0.0
 11
1757.5
 21
-313.78941198511535
 31
0.0
  0
LINE
  5
772
330
17
100
AcDbEntity
  8
IV_INTERIOR_PROFILES
100
AcDbLine
 10
1757.1
 20
-328.78941198511535
 30
0.0
 11
1757.1
 21
-313.78941198511535
 31
0.0
  0
LINE
  5
773
330
17
100
AcDbEntity
  8
IV_INTERIOR_PROFILES
100
AcDbLine
 10
1757.5
 20
-328.78941198511535
 30
0.0
 11
1757.1
 21
-328.78941198511535
 31
0.0
  0
LINE
  5
774
330
17
100
AcDbEntity
  8
IV_INTERIOR_PROFILES
100
AcDbLine
 10
1757.5
 20
-313.78941198511535
 30
0.0
 11
1757.5
 21
-328.78941198511535
 31
0.0
  0
LINE
  5
775
330
17
100
AcDbEntity
  8
IV_INTERIOR_PROFILES
100
AcDbLine
 10
1766.1
 20
-313.78941198511535
 30
0.0
 11
1766.5
 21
-313.78941198511535
 31
0.0
  0
LINE
  5
776
330
17
100
AcDbEntity
  8
IV_INTERIOR_PROFILES
100
AcDbLine
 10
1766.1
 20
-328.78941198511535
 30
0.0
 11
1766.1
 21
-313.78941198511535
 31
0.0
  0
LINE
  5
777
330
17
100
AcDbEntity
  8
IV_INTERIOR_PROFILES
100
AcDbLine
 10
1766.5
 20
-328.78941198511535
 30
0.0
 11
1766.1
 21
-328.78941198511535
 31
0.0
  0
LINE
  5
778
330
17
100
AcDbEntity
  8
IV_INTERIOR_PROFILES
100
AcDbLine
 10
1766.5
 20
-313.78941198511535
 30
0.0
 11
1766.5
 21
-328.78941198511535
 31
0.0
  0
LINE
  5
779
330
17
100
AcDbEntity
  8
IV_INTERIOR_PROFILES
100
AcDbLine
 10
1775.1
 20
-313.78941198511535
 30
0.0
 11
1775.5
 21
-313.78941198511535
 31
0.0
  0
LINE
  5
77A
330
17
100
AcDbEntity
  8
IV_INTERIOR_PROFILES
100
AcDbLine
 10
1775.1
 20
-328.78941198511535
 30
0.0
 11
1775.1
 21
-313.78941198511535
 31
0.0
  0
LINE
  5
77B
330
17
100
AcDbEntity
  8
IV_INTERIOR_PROFILES
100
AcDbLine
 10
1775.5
 20
-328.78941198511535
 30
0.0
 11
1775.1
 21
-328.78941198511535
 31
0.0
  0
LINE
  5
77C
330
17
100
AcDbEntity
  8
IV_INTERIOR_PROFILES
100
AcDbLine
 10
1775.5
 20
-313.78941198511535
 30
0.0
 11
1775.5
 21
-328.78941198511535
 31
0.0
  0
LINE
  5
77D
330
17
100
AcDbEntity
  8
IV_INTERIOR_PROFILES
100
AcDbLine
 10
1784.1
 20
-313.78941198511535
 30
0.0
 11
1784.5
 21
-313.78941198511535
 31
0.0
  0
LINE
  5
77E
330
17
100
AcDbEntity
  8
IV_INTERIOR_PROFILES
100
AcDbLine
 10
1784.1
 20
-328.78941198511535
 30
0.0
 11
1784.1
 21
-313.78941198511535
 31
0.0
  0
LINE
  5
77F
330
17
100
AcDbEntity
  8
IV_INTERIOR_PROFILES
100
AcDbLine
 10
1784.5
 20
-328.78941198511535
 30
0.0
 11
1784.1
 21
-328.78941198511535
 31
0.0
  0
LINE
  5
780
330
17
100
AcDbEntity
  8
IV_INTERIOR_PROFILES
100
AcDbLine
 10
1784.5
 20
-313.78941198511535
 30
0.0
 11
1784.5
 21
-328.78941198511535
 31
0.0
  0
LINE
  5
781
330
17
100
AcDbEntity
  8
IV_INTERIOR_PROFILES
100
AcDbLine
 10
1793.1
 20
-313.78941198511535
 30
0.0
 11
1793.5
 21
-313.78941198511535
 31
0.0
  0
LINE
  5
782
330
17
100
AcDbEntity
  8
IV_INTERIOR_PROFILES
100
AcDbLine
 10
1793.1
 20
-328.78941198511535
 30
0.0
 11
1793.1
 21
-313.78941198511535
 31
0.0
  0
LINE
  5
783
330
17
100
AcDbEntity
  8
IV_INTERIOR_PROFILES
100
AcDbLine
 10
1793.5
 20
-328.78941198511535
 30
0.0
 11
1793.1
 21
-328.78941198511535
 31
0.0
  0
LINE
  5
784
330
17
100
AcDbEntity
  8
IV_INTERIOR_PROFILES
100
AcDbLine
 10
1793.5
 20
-313.78941198511535
 30
0.0
 11
1793.5
 21
-328.78941198511535
 31
0.0
  0
LINE
  5
785
330
17
100
AcDbEntity
  8
IV_INTERIOR_PROFILES
100
AcDbLine
 10
1802.1
 20
-313.78941198511535
 30
0.0
 11
1802.5
 21
-313.78941198511535
 31
0.0
  0
LINE
  5
786
330
17
100
AcDbEntity
  8
IV_INTERIOR_PROFILES
100
AcDbLine
 10
1802.1
 20
-328.78941198511535
 30
0.0
 11
1802.1
 21
-313.78941198511535
 31
0.0
  0
LINE
  5
787
330
17
100
AcDbEntity
  8
IV_INTERIOR_PROFILES
100
AcDbLine
 10
1802.5
 20
-328.78941198511535
 30
0.0
 11
1802.1
 21
-328.78941198511535
 31
0.0
  0
LINE
  5
788
330
17
100
AcDbEntity
  8
IV_INTERIOR_PROFILES
100
AcDbLine
 10
1802.5
 20
-313.78941198511535
 30
0.0
 11
1802.5
 21
-328.78941198511535
 31
0.0
  0
LINE
  5
789
330
17
100
AcDbEntity
  8
IV_INTERIOR_PROFILES
100
AcDbLine
 10
1811.1
 20
-313.78941198511535
 30
0.0
 11
1811.5
 21
-313.78941198511535
 31
0.0
  0
LINE
  5
78A
330
17
100
AcDbEntity
  8
IV_INTERIOR_PROFILES
100
AcDbLine
 10
1811.1
 20
-328.78941198511535
 30
0.0
 11
1811.1
 21
-313.78941198511535
 31
0.0
  0
LINE
  5
78B
330
17
100
AcDbEntity
  8
IV_INTERIOR_PROFILES
100
AcDbLine
 10
1811.5
 20
-328.78941198511535
 30
0.0
 11
1811.1
 21
-328.78941198511535
 31
0.0
  0
LINE
  5
78C
330
17
100
AcDbEntity
  8
IV_INTERIOR_PROFILES
100
AcDbLine
 10
1811.5
 20
-313.78941198511535
 30
0.0
 11
1811.5
 21
-328.78941198511535
 31
0.0
  0
LINE
  5
78D
330
17
100
AcDbEntity
  8
IV_INTERIOR_PROFILES
100
AcDbLine
 10
1820.1
 20
-313.78941198511535
 30
0.0
 11
1820.5
 21
-313.78941198511535
 31
0.0
  0
LINE
  5
78E
330
17
100
AcDbEntity
  8
IV_INTERIOR_PROFILES
100
AcDbLine
 10
1820.1
 20
-328.78941198511535
 30
0.0
 11
1820.1
 21
-313.78941198511535
 31
0.0
  0
LINE
  5
78F
330
17
100
AcDbEntity
  8
IV_INTERIOR_PROFILES
100
AcDbLine
 10
1820.5
 20
-328.78941198511535
 30
0.0
 11
1820.1
 21
-328.78941198511535
 31
0.0
  0
LINE
  5
790
330
17
100
AcDbEntity
  8
IV_INTERIOR_PROFILES
100
AcDbLine
 10
1820.5
 20
-313.78941198511535
 30
0.0
 11
1820.5
 21
-328.78941198511535
 31
0.0
  0
LINE
  5
791
330
17
100
AcDbEntity
  8
IV_INTERIOR_PROFILES
100
AcDbLine
 10
1829.1
 20
-313.78941198511535
 30
0.0
 11
1829.5
 21
-313.78941198511535
 31
0.0
  0
LINE
  5
792
330
17
100
AcDbEntity
  8
IV_INTERIOR_PROFILES
100
AcDbLine
 10
1829.1
 20
-328.78941198511535
 30
0.0
 11
1829.1
 21
-313.78941198511535
 31
0.0
  0
LINE
  5
793
330
17
100
AcDbEntity
  8
IV_INTERIOR_PROFILES
100
AcDbLine
 10
1829.5
 20
-328.78941198511535
 30
0.0
 11
1829.1
 21
-328.78941198511535
 31
0.0
  0
LINE
  5
794
330
17
100
AcDbEntity
  8
IV_INTERIOR_PROFILES
100
AcDbLine
 10
1829.5
 20
-313.78941198511535
 30
0.0
 11
1829.5
 21
-328.78941198511535
 31
0.0
  0
LINE
  5
795
330
17
100
AcDbEntity
  8
IV_INTERIOR_PROFILES
100
AcDbLine
 10
1838.1
 20
-313.78941198511535
 30
0.0
 11
1838.5
 21
-313.78941198511535
 31
0.0
  0
LINE
  5
796
330
17
100
AcDbEntity
  8
IV_INTERIOR_PROFILES
100
AcDbLine
 10
1838.1
 20
-328.78941198511535
 30
0.0
 11
1838.1
 21
-313.78941198511535
 31
0.0
  0
LINE
  5
797
330
17
100
AcDbEntity
  8
IV_INTERIOR_PROFILES
100
AcDbLine
 10
1838.5
 20
-328.78941198511535
 30
0.0
 11
1838.1
 21
-328.78941198511535
 31
0.0
  0
LINE
  5
798
330
17
100
AcDbEntity
  8
IV_INTERIOR_PROFILES
100
AcDbLine
 10
1838.5
 20
-313.78941198511535
 30
0.0
 11
1838.5
 21
-328.78941198511535
 31
0.0
  0
LINE
  5
799
330
17
100
AcDbEntity
  8
IV_INTERIOR_PROFILES
100
AcDbLine
 10
1847.1
 20
-313.78941198511535
 30
0.0
 11
1847.5
 21
-313.78941198511535
 31
0.0
  0
LINE
  5
79A
330
17
100
AcDbEntity
  8
IV_INTERIOR_PROFILES
100
AcDbLine
 10
1847.1
 20
-328.78941198511535
 30
0.0
 11
1847.1
 21
-313.78941198511535
 31
0.0
  0
LINE
  5
79B
330
17
100
AcDbEntity
  8
IV_INTERIOR_PROFILES
100
AcDbLine
 10
1847.5
 20
-328.78941198511535
 30
0.0
 11
1847.1
 21
-328.78941198511535
 31
0.0
  0
LINE
  5
79C
330
17
100
AcDbEntity
  8
IV_INTERIOR_PROFILES
100
AcDbLine
 10
1847.5
 20
-313.78941198511535
 30
0.0
 11
1847.5
 21
-328.78941198511535
 31
0.0
  0
LINE
  5
79D
330
17
100
AcDbEntity
  8
IV_INTERIOR_PROFILES
100
AcDbLine
 10
1856.1
 20
-313.78941198511535
 30
0.0
 11
1856.5
 21
-313.78941198511535
 31
0.0
  0
LINE
  5
79E
330
17
100
AcDbEntity
  8
IV_INTERIOR_PROFILES
100
AcDbLine
 10
1856.1
 20
-328.78941198511535
 30
0.0
 11
1856.1
 21
-313.78941198511535
 31
0.0
  0
LINE
  5
79F
330
17
100
AcDbEntity
  8
IV_INTERIOR_PROFILES
100
AcDbLine
 10
1856.5
 20
-328.78941198511535
 30
0.0
 11
1856.1
 21
-328.78941198511535
 31
0.0
  0
LINE
  5
7A0
330
17
100
AcDbEntity
  8
IV_INTERIOR_PROFILES
100
AcDbLine
 10
1856.5
 20
-313.78941198511535
 30
0.0
 11
1856.5
 21
-328.78941198511535
 31
0.0
  0
LINE
  5
7A1
330
17
100
AcDbEntity
  8
IV_INTERIOR_PROFILES
100
AcDbLine
 10
1865.1000000000001
 20
-313.78941198511535
 30
0.0
 11
1865.5
 21
-313.78941198511535
 31
0.0
  0
LINE
  5
7A2
330
17
100
AcDbEntity
  8
IV_INTERIOR_PROFILES
100
AcDbLine
 10
1865.1000000000001
 20
-328.78941198511535
 30
0.0
 11
1865.1000000000001
 21
-313.78941198511535
 31
0.0
  0
LINE
  5
7A3
330
17
100
AcDbEntity
  8
IV_INTERIOR_PROFILES
100
AcDbLine
 10
1865.5
 20
-328.78941198511535
 30
0.0
 11
1865.1000000000001
 21
-328.78941198511535
 31
0.0
  0
LINE
  5
7A4
330
17
100
AcDbEntity
  8
IV_INTERIOR_PROFILES
100
AcDbLine
 10
1865.5
 20
-313.78941198511535
 30
0.0
 11
1865.5
 21
-328.78941198511535
 31
0.0
  0
LINE
  5
7A5
330
17
100
AcDbEntity
  8
IV_INTERIOR_PROFILES
100
AcDbLine
 10
1874.1
 20
-313.78941198511535
 30
0.0
 11
1874.5
 21
-313.78941198511535
 31
0.0
  0
LINE
  5
7A6
330
17
100
AcDbEntity
  8
IV_INTERIOR_PROFILES
100
AcDbLine
 10
1874.1
 20
-328.78941198511535
 30
0.0
 11
1874.1
 21
-313.78941198511535
 31
0.0
  0
LINE
  5
7A7
330
17
100
AcDbEntity
  8
IV_INTERIOR_PROFILES
100
AcDbLine
 10
1874.5
 20
-328.78941198511535
 30
0.0
 11
1874.1
 21
-328.78941198511535
 31
0.0
  0
LINE
  5
7A8
330
17
100
AcDbEntity
  8
IV_INTERIOR_PROFILES
100
AcDbLine
 10
1874.5
 20
-313.78941198511535
 30
0.0
 11
1874.5
 21
-328.78941198511535
 31
0.0
  0
LINE
  5
7A9
330
17
100
AcDbEntity
  8
IV_INTERIOR_PROFILES
100
AcDbLine
 10
1883.1
 20
-313.78941198511535
 30
0.0
 11
1883.5
 21
-313.78941198511535
 31
0.0
  0
LINE
  5
7AA
330
17
100
AcDbEntity
  8
IV_INTERIOR_PROFILES
100
AcDbLine
 10
1883.1
 20
-328.78941198511535
 30
0.0
 11
1883.1
 21
-313.78941198511535
 31
0.0
  0
LINE
  5
7AB
330
17
100
AcDbEntity
  8
IV_INTERIOR_PROFILES
100
AcDbLine
 10
1883.5
 20
-328.78941198511535
 30
0.0
 11
1883.1
 21
-328.78941198511535
 31
0.0
  0
LINE
  5
7AC
330
17
100
AcDbEntity
  8
IV_INTERIOR_PROFILES
100
AcDbLine
 10
1883.5
 20
-313.78941198511535
 30
0.0
 11
1883.5
 21
-328.78941198511535
 31
0.0
  0
LINE
  5
7AD
330
17
100
AcDbEntity
  8
IV_INTERIOR_PROFILES
100
AcDbLine
 10
1892.1
 20
-313.78941198511535
 30
0.0
 11
1892.5
 21
-313.7894119851154
 31
0.0
  0
LINE
  5
7AE
330
17
100
AcDbEntity
  8
IV_INTERIOR_PROFILES
100
AcDbLine
 10
1892.1
 20
-328.78941198511535
 30
0.0
 11
1892.1
 21
-313.78941198511535
 31
0.0
  0
LINE
  5
7AF
330
17
100
AcDbEntity
  8
IV_INTERIOR_PROFILES
100
AcDbLine
 10
1892.5
 20
-328.78941198511535
 30
0.0
 11
1892.1
 21
-328.78941198511535
 31
0.0
  0
LINE
  5
7B0
330
17
100
AcDbEntity
  8
IV_INTERIOR_PROFILES
100
AcDbLine
 10
1892.5
 20
-313.7894119851154
 30
0.0
 11
1892.5
 21
-328.78941198511535
 31
0.0
  0
LINE
  5
7B1
330
17
100
AcDbEntity
  8
IV_INTERIOR_PROFILES
100
AcDbLine
 10
1901.1
 20
-313.7894119851154
 30
0.0
 11
1901.5
 21
-313.7894119851154
 31
0.0
  0
LINE
  5
7B2
330
17
100
AcDbEntity
  8
IV_INTERIOR_PROFILES
100
AcDbLine
 10
1901.1
 20
-328.78941198511535
 30
0.0
 11
1901.1
 21
-313.7894119851154
 31
0.0
  0
LINE
  5
7B3
330
17
100
AcDbEntity
  8
IV_INTERIOR_PROFILES
100
AcDbLine
 10
1901.5
 20
-328.78941198511535
 30
0.0
 11
1901.1
 21
-328.78941198511535
 31
0.0
  0
LINE
  5
7B4
330
17
100
AcDbEntity
  8
IV_INTERIOR_PROFILES
100
AcDbLine
 10
1901.5
 20
-313.7894119851154
 30
0.0
 11
1901.5
 21
-328.78941198511535
 31
0.0
  0
LINE
  5
7B5
330
17
100
AcDbEntity
  8
IV_INTERIOR_PROFILES
100
AcDbLine
 10
1910.1
 20
-313.7894119851154
 30
0.0
 11
1910.5
 21
-313.7894119851154
 31
0.0
  0
LINE
  5
7B6
330
17
100
AcDbEntity
  8
IV_INTERIOR_PROFILES
100
AcDbLine
 10
1910.1
 20
-328.78941198511535
 30
0.0
 11
1910.1
 21
-313.7894119851154
 31
0.0
  0
LINE
  5
7B7
330
17
100
AcDbEntity
  8
IV_INTERIOR_PROFILES
100
AcDbLine
 10
1910.5
 20
-328.78941198511535
 30
0.0
 11
1910.1
 21
-328.78941198511535
 31
0.0
  0
LINE
  5
7B8
330
17
100
AcDbEntity
  8
IV_INTERIOR_PROFILES
100
AcDbLine
 10
1910.5
 20
-313.7894119851154
 30
0.0
 11
1910.5
 21
-328.78941198511535
 31
0.0
  0
LINE
  5
7B9
330
17
100
AcDbEntity
  8
IV_INTERIOR_PROFILES
100
AcDbLine
 10
1919.1
 20
-313.7894119851154
 30
0.0
 11
1919.5
 21
-313.7894119851154
 31
0.0
  0
LINE
  5
7BA
330
17
100
AcDbEntity
  8
IV_INTERIOR_PROFILES
100
AcDbLine
 10
1919.1
 20
-328.78941198511535
 30
0.0
 11
1919.1
 21
-313.7894119851154
 31
0.0
  0
LINE
  5
7BB
330
17
100
AcDbEntity
  8
IV_INTERIOR_PROFILES
100
AcDbLine
 10
1919.5
 20
-328.78941198511535
 30
0.0
 11
1919.1
 21
-328.78941198511535
 31
0.0
  0
LINE
  5
7BC
330
17
100
AcDbEntity
  8
IV_INTERIOR_PROFILES
100
AcDbLine
 10
1919.5
 20
-313.7894119851154
 30
0.0
 11
1919.5
 21
-328.78941198511535
 31
0.0
  0
LINE
  5
7BD
330
17
100
AcDbEntity
  8
IV_INTERIOR_PROFILES
100
AcDbLine
 10
1928.1
 20
-313.7894119851154
 30
0.0
 11
1928.5
 21
-313.7894119851154
 31
0.0
  0
LINE
  5
7BE
330
17
100
AcDbEntity
  8
IV_INTERIOR_PROFILES
100
AcDbLine
 10
1928.1
 20
-328.78941198511535
 30
0.0
 11
1928.1
 21
-313.7894119851154
 31
0.0
  0
LINE
  5
7BF
330
17
100
AcDbEntity
  8
IV_INTERIOR_PROFILES
100
AcDbLine
 10
1928.5
 20
-328.78941198511535
 30
0.0
 11
1928.1
 21
-328.78941198511535
 31
0.0
  0
LINE
  5
7C0
330
17
100
AcDbEntity
  8
IV_INTERIOR_PROFILES
100
AcDbLine
 10
1928.5
 20
-313.7894119851154
 30
0.0
 11
1928.5
 21
-328.78941198511535
 31
0.0
  0
LINE
  5
7C1
330
17
100
AcDbEntity
  8
IV_INTERIOR_PROFILES
100
AcDbLine
 10
1937.1
 20
-313.7894119851154
 30
0.0
 11
1937.5
 21
-313.7894119851154
 31
0.0
  0
LINE
  5
7C2
330
17
100
AcDbEntity
  8
IV_INTERIOR_PROFILES
100
AcDbLine
 10
1937.1
 20
-328.78941198511535
 30
0.0
 11
1937.1
 21
-313.7894119851154
 31
0.0
  0
LINE
  5
7C3
330
17
100
AcDbEntity
  8
IV_INTERIOR_PROFILES
100
AcDbLine
 10
1937.5
 20
-328.78941198511535
 30
0.0
 11
1937.1
 21
-328.78941198511535
 31
0.0
  0
LINE
  5
7C4
330
17
100
AcDbEntity
  8
IV_INTERIOR_PROFILES
100
AcDbLine
 10
1937.5
 20
-313.7894119851154
 30
0.0
 11
1937.5
 21
-328.78941198511535
 31
0.0
  0
LINE
  5
7C5
330
17
100
AcDbEntity
  8
IV_INTERIOR_PROFILES
100
AcDbLine
 10
1946.1
 20
-313.7894119851154
 30
0.0
 11
1946.5
 21
-313.7894119851154
 31
0.0
  0
LINE
  5
7C6
330
17
100
AcDbEntity
  8
IV_INTERIOR_PROFILES
100
AcDbLine
 10
1946.1
 20
-328.78941198511535
 30
0.0
 11
1946.1
 21
-313.7894119851154
 31
0.0
  0
LINE
  5
7C7
330
17
100
AcDbEntity
  8
IV_INTERIOR_PROFILES
100
AcDbLine
 10
1946.5
 20
-328.78941198511535
 30
0.0
 11
1946.1
 21
-328.78941198511535
 31
0.0
  0
LINE
  5
7C8
330
17
100
AcDbEntity
  8
IV_INTERIOR_PROFILES
100
AcDbLine
 10
1946.5
 20
-313.7894119851154
 30
0.0
 11
1946.5
 21
-328.78941198511535
 31
0.0
  0
LINE
  5
7C9
330
17
100
AcDbEntity
  8
IV_INTERIOR_PROFILES
100
AcDbLine
 10
1955.1
 20
-313.7894119851154
 30
0.0
 11
1955.5
 21
-313.7894119851154
 31
0.0
  0
LINE
  5
7CA
330
17
100
AcDbEntity
  8
IV_INTERIOR_PROFILES
100
AcDbLine
 10
1955.1
 20
-328.78941198511535
 30
0.0
 11
1955.1
 21
-313.7894119851154
 31
0.0
  0
LINE
  5
7CB
330
17
100
AcDbEntity
  8
IV_INTERIOR_PROFILES
100
AcDbLine
 10
1955.5
 20
-328.78941198511535
 30
0.0
 11
1955.1
 21
-328.78941198511535
 31
0.0
  0
LINE
  5
7CC
330
17
100
AcDbEntity
  8
IV_INTERIOR_PROFILES
100
AcDbLine
 10
1955.5
 20
-313.7894119851154
 30
0.0
 11
1955.5
 21
-328.78941198511535
 31
0.0
  0
LINE
  5
7CD
330
17
100
AcDbEntity
  8
IV_INTERIOR_PROFILES
100
AcDbLine
 10
1964.1
 20
-313.7894119851154
 30
0.0
 11
1964.5
 21
-313.7894119851154
 31
0.0
  0
LINE
  5
7CE
330
17
100
AcDbEntity
  8
IV_INTERIOR_PROFILES
100
AcDbLine
 10
1964.1
 20
-328.78941198511535
 30
0.0
 11
1964.1
 21
-313.7894119851154
 31
0.0
  0
LINE
  5
7CF
330
17
100
AcDbEntity
  8
IV_INTERIOR_PROFILES
100
AcDbLine
 10
1964.5
 20
-328.78941198511535
 30
0.0
 11
1964.1
 21
-328.78941198511535
 31
0.0
  0
LINE
  5
7D0
330
17
100
AcDbEntity
  8
IV_INTERIOR_PROFILES
100
AcDbLine
 10
1964.5
 20
-313.7894119851154
 30
0.0
 11
1964.5
 21
-328.78941198511535
 31
0.0
  0
LINE
  5
7D1
330
17
100
AcDbEntity
  8
IV_INTERIOR_PROFILES
100
AcDbLine
 10
1973.1000000000001
 20
-313.7894119851154
 30
0.0
 11
1973.5
 21
-313.7894119851154
 31
0.0
  0
LINE
  5
7D2
330
17
100
AcDbEntity
  8
IV_INTERIOR_PROFILES
100
AcDbLine
 10
1973.1000000000001
 20
-328.78941198511535
 30
0.0
 11
1973.1000000000001
 21
-313.7894119851154
 31
0.0
  0
LINE
  5
7D3
330
17
100
AcDbEntity
  8
IV_INTERIOR_PROFILES
100
AcDbLine
 10
1973.5
 20
-328.78941198511535
 30
0.0
 11
1973.1000000000001
 21
-328.78941198511535
 31
0.0
  0
LINE
  5
7D4
330
17
100
AcDbEntity
  8
IV_INTERIOR_PROFILES
100
AcDbLine
 10
1973.5
 20
-313.7894119851154
 30
0.0
 11
1973.5
 21
-328.78941198511535
 31
0.0
  0
LINE
  5
7D5
330
17
100
AcDbEntity
  8
IV_INTERIOR_PROFILES
100
AcDbLine
 10
1982.1
 20
-313.7894119851154
 30
0.0
 11
1982.5
 21
-313.7894119851154
 31
0.0
  0
LINE
  5
7D6
330
17
100
AcDbEntity
  8
IV_INTERIOR_PROFILES
100
AcDbLine
 10
1982.1
 20
-328.78941198511535
 30
0.0
 11
1982.1
 21
-313.7894119851154
 31
0.0
  0
LINE
  5
7D7
330
17
100
AcDbEntity
  8
IV_INTERIOR_PROFILES
100
AcDbLine
 10
1982.5
 20
-328.78941198511535
 30
0.0
 11
1982.1
 21
-328.78941198511535
 31
0.0
  0
LINE
  5
7D8
330
17
100
AcDbEntity
  8
IV_INTERIOR_PROFILES
100
AcDbLine
 10
1982.5
 20
-313.7894119851154
 30
0.0
 11
1982.5
 21
-328.78941198511535
 31
0.0
  0
LINE
  5
7D9
330
17
100
AcDbEntity
  8
IV_INTERIOR_PROFILES
100
AcDbLine
 10
1991.1000000000001
 20
-313.7894119851154
 30
0.0
 11
1991.5
 21
-313.7894119851154
 31
0.0
  0
LINE
  5
7DA
330
17
100
AcDbEntity
  8
IV_INTERIOR_PROFILES
100
AcDbLine
 10
1991.1000000000001
 20
-328.78941198511535
 30
0.0
 11
1991.1000000000001
 21
-313.7894119851154
 31
0.0
  0
LINE
  5
7DB
330
17
100
AcDbEntity
  8
IV_INTERIOR_PROFILES
100
AcDbLine
 10
1991.5
 20
-328.78941198511535
 30
0.0
 11
1991.1000000000001
 21
-328.78941198511535
 31
0.0
  0
LINE
  5
7DC
330
17
100
AcDbEntity
  8
IV_INTERIOR_PROFILES
100
AcDbLine
 10
1991.5
 20
-313.7894119851154
 30
0.0
 11
1991.5
 21
-328.78941198511535
 31
0.0
  0
LINE
  5
7DD
330
17
100
AcDbEntity
  8
IV_INTERIOR_PROFILES
100
AcDbLine
 10
2000.1
 20
-313.7894119851154
 30
0.0
 11
2000.5
 21
-313.7894119851154
 31
0.0
  0
LINE
  5
7DE
330
17
100
AcDbEntity
  8
IV_INTERIOR_PROFILES
100
AcDbLine
 10
2000.1
 20
-328.7894119851154
 30
0.0
 11
2000.1
 21
-313.7894119851154
 31
0.0
  0
LINE
  5
7DF
330
17
100
AcDbEntity
  8
IV_INTERIOR_PROFILES
100
AcDbLine
 10
2000.5
 20
-328.7894119851154
 30
0.0
 11
2000.1
 21
-328.7894119851154
 31
0.0
  0
LINE
  5
7E0
330
17
100
AcDbEntity
  8
IV_INTERIOR_PROFILES
100
AcDbLine
 10
2000.5
 20
-313.7894119851154
 30
0.0
 11
2000.5
 21
-328.7894119851154
 31
0.0
  0
LINE
  5
7E1
330
17
100
AcDbEntity
  8
IV_INTERIOR_PROFILES
100
AcDbLine
 10
2009.1
 20
-313.7894119851154
 30
0.0
 11
2009.5
 21
-313.7894119851154
 31
0.0
  0
LINE
  5
7E2
330
17
100
AcDbEntity
  8
IV_INTERIOR_PROFILES
100
AcDbLine
 10
2009.1
 20
-328.7894119851154
 30
0.0
 11
2009.1
 21
-313.7894119851154
 31
0.0
  0
LINE
  5
7E3
330
17
100
AcDbEntity
  8
IV_INTERIOR_PROFILES
100
AcDbLine
 10
2009.5
 20
-328.7894119851154
 30
0.0
 11
2009.1
 21
-328.7894119851154
 31
0.0
  0
LINE
  5
7E4
330
17
100
AcDbEntity
  8
IV_INTERIOR_PROFILES
100
AcDbLine
 10
2009.5
 20
-313.7894119851154
 30
0.0
 11
2009.5
 21
-328.7894119851154
 31
0.0
  0
LINE
  5
7E5
330
17
100
AcDbEntity
  8
IV_INTERIOR_PROFILES
100
AcDbLine
 10
2018.1
 20
-313.7894119851154
 30
0.0
 11
2018.5
 21
-313.7894119851154
 31
0.0
  0
LINE
  5
7E6
330
17
100
AcDbEntity
  8
IV_INTERIOR_PROFILES
100
AcDbLine
 10
2018.1
 20
-328.7894119851154
 30
0.0
 11
2018.1
 21
-313.7894119851154
 31
0.0
  0
LINE
  5
7E7
330
17
100
AcDbEntity
  8
IV_INTERIOR_PROFILES
100
AcDbLine
 10
2018.5
 20
-328.7894119851154
 30
0.0
 11
2018.1
 21
-328.7894119851154
 31
0.0
  0
LINE
  5
7E8
330
17
100
AcDbEntity
  8
IV_INTERIOR_PROFILES
100
AcDbLine
 10
2018.5
 20
-313.7894119851154
 30
0.0
 11
2018.5
 21
-328.7894119851154
 31
0.0
  0
LINE
  5
7E9
330
17
100
AcDbEntity
  8
IV_INTERIOR_PROFILES
100
AcDbLine
 10
2027.1
 20
-313.7894119851154
 30
0.0
 11
2027.5
 21
-313.7894119851154
 31
0.0
  0
LINE
  5
7EA
330
17
100
AcDbEntity
  8
IV_INTERIOR_PROFILES
100
AcDbLine
 10
2027.1
 20
-328.7894119851154
 30
0.0
 11
2027.1
 21
-313.7894119851154
 31
0.0
  0
LINE
  5
7EB
330
17
100
AcDbEntity
  8
IV_INTERIOR_PROFILES
100
AcDbLine
 10
2027.5
 20
-328.7894119851154
 30
0.0
 11
2027.1
 21
-328.7894119851154
 31
0.0
  0
LINE
  5
7EC
330
17
100
AcDbEntity
  8
IV_INTERIOR_PROFILES
100
AcDbLine
 10
2027.5
 20
-313.7894119851154
 30
0.0
 11
2027.5
 21
-328.7894119851154
 31
0.0
  0
LINE
  5
7ED
330
17
100
AcDbEntity
  8
IV_INTERIOR_PROFILES
100
AcDbLine
 10
2036.1
 20
-313.7894119851154
 30
0.0
 11
2036.5
 21
-313.7894119851154
 31
0.0
  0
LINE
  5
7EE
330
17
100
AcDbEntity
  8
IV_INTERIOR_PROFILES
100
AcDbLine
 10
2036.1
 20
-328.7894119851154
 30
0.0
 11
2036.1
 21
-313.7894119851154
 31
0.0
  0
LINE
  5
7EF
330
17
100
AcDbEntity
  8
IV_INTERIOR_PROFILES
100
AcDbLine
 10
2036.5
 20
-328.7894119851154
 30
0.0
 11
2036.1
 21
-328.7894119851154
 31
0.0
  0
LINE
  5
7F0
330
17
100
AcDbEntity
  8
IV_INTERIOR_PROFILES
100
AcDbLine
 10
2036.5
 20
-313.7894119851154
 30
0.0
 11
2036.5
 21
-328.7894119851154
 31
0.0
  0
LINE
  5
7F1
330
17
100
AcDbEntity
  8
IV_INTERIOR_PROFILES
100
AcDbLine
 10
2045.1
 20
-313.7894119851154
 30
0.0
 11
2045.5
 21
-313.7894119851154
 31
0.0
  0
LINE
  5
7F2
330
17
100
AcDbEntity
  8
IV_INTERIOR_PROFILES
100
AcDbLine
 10
2045.1
 20
-328.7894119851154
 30
0.0
 11
2045.1
 21
-313.7894119851154
 31
0.0
  0
LINE
  5
7F3
330
17
100
AcDbEntity
  8
IV_INTERIOR_PROFILES
100
AcDbLine
 10
2045.5
 20
-328.7894119851154
 30
0.0
 11
2045.1
 21
-328.7894119851154
 31
0.0
  0
LINE
  5
7F4
330
17
100
AcDbEntity
  8
IV_INTERIOR_PROFILES
100
AcDbLine
 10
2045.5
 20
-313.7894119851154
 30
0.0
 11
2045.5
 21
-328.7894119851154
 31
0.0
  0
LINE
  5
7F5
330
17
100
AcDbEntity
  8
IV_INTERIOR_PROFILES
100
AcDbLine
 10
2054.1
 20
-313.7894119851154
 30
0.0
 11
2054.5
 21
-313.7894119851154
 31
0.0
  0
LINE
  5
7F6
330
17
100
AcDbEntity
  8
IV_INTERIOR_PROFILES
100
AcDbLine
 10
2054.1
 20
-328.7894119851154
 30
0.0
 11
2054.1
 21
-313.7894119851154
 31
0.0
  0
LINE
  5
7F7
330
17
100
AcDbEntity
  8
IV_INTERIOR_PROFILES
100
AcDbLine
 10
2054.5
 20
-328.7894119851154
 30
0.0
 11
2054.1
 21
-328.7894119851154
 31
0.0
  0
LINE
  5
7F8
330
17
100
AcDbEntity
  8
IV_INTERIOR_PROFILES
100
AcDbLine
 10
2054.5
 20
-313.7894119851154
 30
0.0
 11
2054.5
 21
-328.7894119851154
 31
0.0
  0
LINE
  5
7F9
330
17
100
AcDbEntity
  8
IV_INTERIOR_PROFILES
100
AcDbLine
 10
1046.1
 20
-313.7894119851152
 30
0.0
 11
1046.5
 21
-313.7894119851152
 31
0.0
  0
LINE
  5
7FA
330
17
100
AcDbEntity
  8
IV_INTERIOR_PROFILES
100
AcDbLine
 10
1046.1
 20
-328.7894119851151
 30
0.0
 11
1046.1
 21
-313.7894119851152
 31
0.0
  0
LINE
  5
7FB
330
17
100
AcDbEntity
  8
IV_INTERIOR_PROFILES
100
AcDbLine
 10
1046.5
 20
-328.7894119851151
 30
0.0
 11
1046.1
 21
-328.7894119851151
 31
0.0
  0
LINE
  5
7FC
330
17
100
AcDbEntity
  8
IV_INTERIOR_PROFILES
100
AcDbLine
 10
1046.5
 20
-313.7894119851152
 30
0.0
 11
1046.5
 21
-328.7894119851151
 31
0.0
  0
LINE
  5
7FD
330
17
100
AcDbEntity
  8
IV_INTERIOR_PROFILES
100
AcDbLine
 10
2063.1
 20
-313.7894119851154
 30
0.0
 11
2063.5
 21
-313.7894119851154
 31
0.0
  0
LINE
  5
7FE
330
17
100
AcDbEntity
  8
IV_INTERIOR_PROFILES
100
AcDbLine
 10
2063.1
 20
-328.7894119851154
 30
0.0
 11
2063.1
 21
-313.7894119851154
 31
0.0
  0
LINE
  5
7FF
330
17
100
AcDbEntity
  8
IV_INTERIOR_PROFILES
100
AcDbLine
 10
2063.5
 20
-328.7894119851154
 30
0.0
 11
2063.1
 21
-328.7894119851154
 31
0.0
  0
LINE
  5
800
330
17
100
AcDbEntity
  8
IV_INTERIOR_PROFILES
100
AcDbLine
 10
2063.5
 20
-313.7894119851154
 30
0.0
 11
2063.5
 21
-328.7894119851154
 31
0.0
  0
LINE
  5
801
330
17
100
AcDbEntity
  8
IV_OUTER_PROFILE
100
AcDbLine
 10
2070.0
 20
-299.70703202888325
 30
0.0
 11
2070.0
 21
-369.4140640577662
 31
0.0
  0
LINE
  5
802
330
17
100
AcDbEntity
  8
IV_OUTER_PROFILE
100
AcDbLine
 10
1040.0
 20
-369.414064057766
 30
0.0
 11
1040.0
 21
-299.707032028883
 31
0.0
  0
LINE
  5
803
330
17
100
AcDbEntity
  8
IV_OUTER_PROFILE
100
AcDbLine
 10
2070.0
 20
-369.4140640577662
 30
0.0
 11
1040.0
 21
-369.414064057766
 31
0.0
  0
LINE
  5
804
330
17
100
AcDbEntity
  8
IV_OUTER_PROFILE
100
AcDbLine
 10
1040.0
 20
-299.707032028883
 30
0.0
 11
2070.0
 21
-299.70703202888325
 31
0.0
  0
TEXT
  5
805
330
17
100
AcDbEntity
  8
LABELS
100
AcDbText
 10
0.0
 20
-349.5605480433246
 30
0.0
 40
30.0
  1
NDV-3202 s0.8mm x12
 11
0.0
 21
-349.5605480433246
 31
0.0
100
AcDbText
  0
LINE
  5
806
330
17
100
AcDbEntity
  8
IV_BEND_DOWN
100
AcDbLine
 10
1040.0
 20
-504.20873815151765
 30
0.0
 11
1970.0
 21
-504.2087381515179
 31
0.0
  0
LINE
  5
807
330
17
100
AcDbEntity
  8
IV_BEND_DOWN
100
AcDbLine
 10
1040.0
 20
-529.2763022694909
 30
0.0
 11
1970.0
 21
-529.2763022694911
 31
0.0
  0
LINE
  5
808
330
17
100
AcDbEntity
  8
IV_BEND_DOWN
100
AcDbLine
 10
1040.0
 20
-479.1386194934598
 30
0.0
 11
1970.0
 21
-479.13861949346006
 31
0.0
  0
LINE
  5
809
330
17
100
AcDbEntity
  8
IV_INTERIOR_PROFILES
100
AcDbLine
 10
1063.1000000000001
 20
-509.9210322890368
 30
0.0
 11
1063.5
 21
-509.9210322890368
 31
0.0
  0
LINE
  5
80A
330
17
100
AcDbEntity
  8
IV_INTERIOR_PROFILES
100
AcDbLine
 10
1063.1
 20
-524.9210322890368
 30
0.0
 11
1063.1000000000001
 21
-509.9210322890368
 31
0.0
  0
LINE
  5
80B
330
17
100
AcDbEntity
  8
IV_INTERIOR_PROFILES
100
AcDbLine
 10
1063.5
 20
-524.9210322890368
 30
0.0
 11
1063.1
 21
-524.9210322890368
 31
0.0
  0
LINE
  5
80C
330
17
100
AcDbEntity
  8
IV_INTERIOR_PROFILES
100
AcDbLine
 10
1063.5
 20
-509.9210322890368
 30
0.0
 11
1063.5
 21
-524.9210322890368
 31
0.0
  0
LINE
  5
80D
330
17
100
AcDbEntity
  8
IV_INTERIOR_PROFILES
100
AcDbLine
 10
1072.1
 20
-509.9210322890368
 30
0.0
 11
1072.4999999999998
 21
-509.9210322890368
 31
0.0
  0
LINE
  5
80E
330
17
100
AcDbEntity
  8
IV_INTERIOR_PROFILES
100
AcDbLine
 10
1072.1
 20
-524.9210322890368
 30
0.0
 11
1072.1
 21
-509.9210322890368
 31
0.0
  0
LINE
  5
80F
330
17
100
AcDbEntity
  8
IV_INTERIOR_PROFILES
100
AcDbLine
 10
1072.4999999999998
 20
-524.9210322890368
 30
0.0
 11
1072.1
 21
-524.9210322890368
 31
0.0
  0
LINE
  5
810
330
17
100
AcDbEntity
  8
IV_INTERIOR_PROFILES
100
AcDbLine
 10
1072.4999999999998
 20
-509.9210322890368
 30
0.0
 11
1072.4999999999998
 21
-524.9210322890368
 31
0.0
  0
LINE
  5
811
330
17
100
AcDbEntity
  8
IV_INTERIOR_PROFILES
100
AcDbLine
 10
1081.1
 20
-509.9210322890368
 30
0.0
 11
1081.5
 21
-509.9210322890368
 31
0.0
  0
LINE
  5
812
330
17
100
AcDbEntity
  8
IV_INTERIOR_PROFILES
100
AcDbLine
 10
1081.1
 20
-524.9210322890368
 30
0.0
 11
1081.1
 21
-509.9210322890368
 31
0.0
  0
LINE
  5
813
330
17
100
AcDbEntity
  8
IV_INTERIOR_PROFILES
100
AcDbLine
 10
1081.5
 20
-524.9210322890368
 30
0.0
 11
1081.1
 21
-524.9210322890368
 31
0.0
  0
LINE
  5
814
330
17
100
AcDbEntity
  8
IV_INTERIOR_PROFILES
100
AcDbLine
 10
1081.5
 20
-509.9210322890368
 30
0.0
 11
1081.5
 21
-524.9210322890368
 31
0.0
  0
LINE
  5
815
330
17
100
AcDbEntity
  8
IV_INTERIOR_PROFILES
100
AcDbLine
 10
1090.1000000000001
 20
-509.9210322890368
 30
0.0
 11
1090.5
 21
-509.9210322890368
 31
0.0
  0
LINE
  5
816
330
17
100
AcDbEntity
  8
IV_INTERIOR_PROFILES
100
AcDbLine
 10
1090.1000000000001
 20
-524.9210322890368
 30
0.0
 11
1090.1000000000001
 21
-509.9210322890368
 31
0.0
  0
LINE
  5
817
330
17
100
AcDbEntity
  8
IV_INTERIOR_PROFILES
100
AcDbLine
 10
1090.5
 20
-524.9210322890368
 30
0.0
 11
1090.1000000000001
 21
-524.9210322890368
 31
0.0
  0
LINE
  5
818
330
17
100
AcDbEntity
  8
IV_INTERIOR_PROFILES
100
AcDbLine
 10
1090.5
 20
-509.9210322890368
 30
0.0
 11
1090.5
 21
-524.9210322890368
 31
0.0
  0
LINE
  5
819
330
17
100
AcDbEntity
  8
IV_INTERIOR_PROFILES
100
AcDbLine
 10
1099.1
 20
-509.9210322890368
 30
0.0
 11
1099.5
 21
-509.9210322890368
 31
0.0
  0
LINE
  5
81A
330
17
100
AcDbEntity
  8
IV_INTERIOR_PROFILES
100
AcDbLine
 10
1099.1
 20
-524.9210322890368
 30
0.0
 11
1099.1
 21
-509.9210322890368
 31
0.0
  0
LINE
  5
81B
330
17
100
AcDbEntity
  8
IV_INTERIOR_PROFILES
100
AcDbLine
 10
1099.4999999999998
 20
-524.9210322890368
 30
0.0
 11
1099.1
 21
-524.9210322890368
 31
0.0
  0
LINE
  5
81C
330
17
100
AcDbEntity
  8
IV_INTERIOR_PROFILES
100
AcDbLine
 10
1099.5
 20
-509.9210322890368
 30
0.0
 11
1099.4999999999998
 21
-524.9210322890368
 31
0.0
  0
LINE
  5
81D
330
17
100
AcDbEntity
  8
IV_INTERIOR_PROFILES
100
AcDbLine
 10
1108.1000000000001
 20
-509.9210322890368
 30
0.0
 11
1108.5
 21
-509.9210322890368
 31
0.0
  0
LINE
  5
81E
330
17
100
AcDbEntity
  8
IV_INTERIOR_PROFILES
100
AcDbLine
 10
1108.1
 20
-524.9210322890368
 30
0.0
 11
1108.1000000000001
 21
-509.9210322890368
 31
0.0
  0
LINE
  5
81F
330
17
100
AcDbEntity
  8
IV_INTERIOR_PROFILES
100
AcDbLine
 10
1108.5
 20
-524.9210322890368
 30
0.0
 11
1108.1
 21
-524.9210322890368
 31
0.0
  0
LINE
  5
820
330
17
100
AcDbEntity
  8
IV_INTERIOR_PROFILES
100
AcDbLine
 10
1108.5
 20
-509.9210322890368
 30
0.0
 11
1108.5
 21
-524.9210322890368
 31
0.0
  0
LINE
  5
821
330
17
100
AcDbEntity
  8
IV_INTERIOR_PROFILES
100
AcDbLine
 10
1117.1
 20
-509.9210322890368
 30
0.0
 11
1117.4999999999998
 21
-509.9210322890368
 31
0.0
  0
LINE
  5
822
330
17
100
AcDbEntity
  8
IV_INTERIOR_PROFILES
100
AcDbLine
 10
1117.1
 20
-524.9210322890368
 30
0.0
 11
1117.1
 21
-509.9210322890368
 31
0.0
  0
LINE
  5
823
330
17
100
AcDbEntity
  8
IV_INTERIOR_PROFILES
100
AcDbLine
 10
1117.4999999999998
 20
-524.9210322890368
 30
0.0
 11
1117.1
 21
-524.9210322890368
 31
0.0
  0
LINE
  5
824
330
17
100
AcDbEntity
  8
IV_INTERIOR_PROFILES
100
AcDbLine
 10
1117.4999999999998
 20
-509.9210322890368
 30
0.0
 11
1117.4999999999998
 21
-524.9210322890368
 31
0.0
  0
LINE
  5
825
330
17
100
AcDbEntity
  8
IV_INTERIOR_PROFILES
100
AcDbLine
 10
1126.1
 20
-509.9210322890368
 30
0.0
 11
1126.5
 21
-509.9210322890368
 31
0.0
  0
LINE
  5
826
330
17
100
AcDbEntity
  8
IV_INTERIOR_PROFILES
100
AcDbLine
 10
1126.1
 20
-524.9210322890368
 30
0.0
 11
1126.1
 21
-509.9210322890368
 31
0.0
  0
LINE
  5
827
330
17
100
AcDbEntity
  8
IV_INTERIOR_PROFILES
100
AcDbLine
 10
1126.5
 20
-524.9210322890368
 30
0.0
 11
1126.1
 21
-524.9210322890368
 31
0.0
  0
LINE
  5
828
330
17
100
AcDbEntity
  8
IV_INTERIOR_PROFILES
100
AcDbLine
 10
1126.5
 20
-509.9210322890368
 30
0.0
 11
1126.5
 21
-524.9210322890368
 31
0.0
  0
LINE
  5
829
330
17
100
AcDbEntity
  8
IV_INTERIOR_PROFILES
100
AcDbLine
 10
1135.1000000000001
 20
-509.9210322890368
 30
0.0
 11
1135.5
 21
-509.9210322890368
 31
0.0
  0
LINE
  5
82A
330
17
100
AcDbEntity
  8
IV_INTERIOR_PROFILES
100
AcDbLine
 10
1135.1000000000001
 20
-524.9210322890368
 30
0.0
 11
1135.1000000000001
 21
-509.9210322890368
 31
0.0
  0
LINE
  5
82B
330
17
100
AcDbEntity
  8
IV_INTERIOR_PROFILES
100
AcDbLine
 10
1135.5
 20
-524.9210322890368
 30
0.0
 11
1135.1000000000001
 21
-524.9210322890368
 31
0.0
  0
LINE
  5
82C
330
17
100
AcDbEntity
  8
IV_INTERIOR_PROFILES
100
AcDbLine
 10
1135.5
 20
-509.9210322890368
 30
0.0
 11
1135.5
 21
-524.9210322890368
 31
0.0
  0
LINE
  5
82D
330
17
100
AcDbEntity
  8
IV_INTERIOR_PROFILES
100
AcDbLine
 10
1144.1
 20
-509.9210322890368
 30
0.0
 11
1144.5
 21
-509.9210322890368
 31
0.0
  0
LINE
  5
82E
330
17
100
AcDbEntity
  8
IV_INTERIOR_PROFILES
100
AcDbLine
 10
1144.1
 20
-524.9210322890368
 30
0.0
 11
1144.1
 21
-509.9210322890368
 31
0.0
  0
LINE
  5
82F
330
17
100
AcDbEntity
  8
IV_INTERIOR_PROFILES
100
AcDbLine
 10
1144.5
 20
-524.9210322890368
 30
0.0
 11
1144.1
 21
-524.9210322890368
 31
0.0
  0
LINE
  5
830
330
17
100
AcDbEntity
  8
IV_INTERIOR_PROFILES
100
AcDbLine
 10
1144.5
 20
-509.9210322890368
 30
0.0
 11
1144.5
 21
-524.9210322890368
 31
0.0
  0
LINE
  5
831
330
17
100
AcDbEntity
  8
IV_INTERIOR_PROFILES
100
AcDbLine
 10
1153.1
 20
-509.9210322890368
 30
0.0
 11
1153.5
 21
-509.9210322890368
 31
0.0
  0
LINE
  5
832
330
17
100
AcDbEntity
  8
IV_INTERIOR_PROFILES
100
AcDbLine
 10
1153.1
 20
-524.9210322890368
 30
0.0
 11
1153.1
 21
-509.9210322890368
 31
0.0
  0
LINE
  5
833
330
17
100
AcDbEntity
  8
IV_INTERIOR_PROFILES
100
AcDbLine
 10
1153.5
 20
-524.9210322890368
 30
0.0
 11
1153.1
 21
-524.9210322890368
 31
0.0
  0
LINE
  5
834
330
17
100
AcDbEntity
  8
IV_INTERIOR_PROFILES
100
AcDbLine
 10
1153.5
 20
-509.9210322890368
 30
0.0
 11
1153.5
 21
-524.9210322890368
 31
0.0
  0
LINE
  5
835
330
17
100
AcDbEntity
  8
IV_INTERIOR_PROFILES
100
AcDbLine
 10
1162.1
 20
-509.9210322890368
 30
0.0
 11
1162.4999999999998
 21
-509.9210322890368
 31
0.0
  0
LINE
  5
836
330
17
100
AcDbEntity
  8
IV_INTERIOR_PROFILES
100
AcDbLine
 10
1162.1
 20
-524.9210322890368
 30
0.0
 11
1162.1
 21
-509.9210322890368
 31
0.0
  0
LINE
  5
837
330
17
100
AcDbEntity
  8
IV_INTERIOR_PROFILES
100
AcDbLine
 10
1162.4999999999998
 20
-524.9210322890368
 30
0.0
 11
1162.1
 21
-524.9210322890368
 31
0.0
  0
LINE
  5
838
330
17
100
AcDbEntity
  8
IV_INTERIOR_PROFILES
100
AcDbLine
 10
1162.4999999999998
 20
-509.9210322890368
 30
0.0
 11
1162.4999999999998
 21
-524.9210322890368
 31
0.0
  0
LINE
  5
839
330
17
100
AcDbEntity
  8
IV_INTERIOR_PROFILES
100
AcDbLine
 10
1171.1
 20
-509.9210322890368
 30
0.0
 11
1171.5
 21
-509.9210322890368
 31
0.0
  0
LINE
  5
83A
330
17
100
AcDbEntity
  8
IV_INTERIOR_PROFILES
100
AcDbLine
 10
1171.1
 20
-524.9210322890368
 30
0.0
 11
1171.1
 21
-509.9210322890368
 31
0.0
  0
LINE
  5
83B
330
17
100
AcDbEntity
  8
IV_INTERIOR_PROFILES
100
AcDbLine
 10
1171.5
 20
-524.9210322890368
 30
0.0
 11
1171.1
 21
-524.9210322890368
 31
0.0
  0
LINE
  5
83C
330
17
100
AcDbEntity
  8
IV_INTERIOR_PROFILES
100
AcDbLine
 10
1171.5
 20
-509.9210322890368
 30
0.0
 11
1171.5
 21
-524.9210322890368
 31
0.0
  0
LINE
  5
83D
330
17
100
AcDbEntity
  8
IV_INTERIOR_PROFILES
100
AcDbLine
 10
1180.1
 20
-509.9210322890368
 30
0.0
 11
1180.5
 21
-509.9210322890368
 31
0.0
  0
LINE
  5
83E
330
17
100
AcDbEntity
  8
IV_INTERIOR_PROFILES
100
AcDbLine
 10
1180.1
 20
-524.9210322890368
 30
0.0
 11
1180.1
 21
-509.9210322890368
 31
0.0
  0
LINE
  5
83F
330
17
100
AcDbEntity
  8
IV_INTERIOR_PROFILES
100
AcDbLine
 10
1180.5
 20
-524.9210322890368
 30
0.0
 11
1180.1
 21
-524.9210322890368
 31
0.0
  0
LINE
  5
840
330
17
100
AcDbEntity
  8
IV_INTERIOR_PROFILES
100
AcDbLine
 10
1180.5
 20
-509.9210322890368
 30
0.0
 11
1180.5
 21
-524.9210322890368
 31
0.0
  0
LINE
  5
841
330
17
100
AcDbEntity
  8
IV_INTERIOR_PROFILES
100
AcDbLine
 10
1189.1
 20
-509.9210322890369
 30
0.0
 11
1189.5
 21
-509.9210322890369
 31
0.0
  0
LINE
  5
842
330
17
100
AcDbEntity
  8
IV_INTERIOR_PROFILES
100
AcDbLine
 10
1189.1
 20
-524.9210322890368
 30
0.0
 11
1189.1
 21
-509.9210322890369
 31
0.0
  0
LINE
  5
843
330
17
100
AcDbEntity
  8
IV_INTERIOR_PROFILES
100
AcDbLine
 10
1189.5
 20
-524.9210322890368
 30
0.0
 11
1189.1
 21
-524.9210322890368
 31
0.0
  0
LINE
  5
844
330
17
100
AcDbEntity
  8
IV_INTERIOR_PROFILES
100
AcDbLine
 10
1189.5
 20
-509.9210322890369
 30
0.0
 11
1189.5
 21
-524.9210322890368
 31
0.0
  0
LINE
  5
845
330
17
100
AcDbEntity
  8
IV_INTERIOR_PROFILES
100
AcDbLine
 10
1198.1
 20
-509.9210322890369
 30
0.0
 11
1198.5
 21
-509.9210322890369
 31
0.0
  0
LINE
  5
846
330
17
100
AcDbEntity
  8
IV_INTERIOR_PROFILES
100
AcDbLine
 10
1198.1
 20
-524.9210322890368
 30
0.0
 11
1198.1
 21
-509.9210322890369
 31
0.0
  0
LINE
  5
847
330
17
100
AcDbEntity
  8
IV_INTERIOR_PROFILES
100
AcDbLine
 10
1198.5
 20
-524.9210322890368
 30
0.0
 11
1198.1
 21
-524.9210322890368
 31
0.0
  0
LINE
  5
848
330
17
100
AcDbEntity
  8
IV_INTERIOR_PROFILES
100
AcDbLine
 10
1198.5
 20
-509.9210322890369
 30
0.0
 11
1198.5
 21
-524.9210322890368
 31
0.0
  0
LINE
  5
849
330
17
100
AcDbEntity
  8
IV_INTERIOR_PROFILES
100
AcDbLine
 10
1207.1
 20
-509.9210322890369
 30
0.0
 11
1207.4999999999998
 21
-509.9210322890369
 31
0.0
  0
LINE
  5
84A
330
17
100
AcDbEntity
  8
IV_INTERIOR_PROFILES
100
AcDbLine
 10
1207.1
 20
-524.9210322890368
 30
0.0
 11
1207.1
 21
-509.9210322890369
 31
0.0
  0
LINE
  5
84B
330
17
100
AcDbEntity
  8
IV_INTERIOR_PROFILES
100
AcDbLine
 10
1207.4999999999998
 20
-524.9210322890368
 30
0.0
 11
1207.1
 21
-524.9210322890368
 31
0.0
  0
LINE
  5
84C
330
17
100
AcDbEntity
  8
IV_INTERIOR_PROFILES
100
AcDbLine
 10
1207.4999999999998
 20
-509.9210322890369
 30
0.0
 11
1207.4999999999998
 21
-524.9210322890368
 31
0.0
  0
LINE
  5
84D
330
17
100
AcDbEntity
  8
IV_INTERIOR_PROFILES
100
AcDbLine
 10
1216.1
 20
-509.9210322890369
 30
0.0
 11
1216.5
 21
-509.9210322890369
 31
0.0
  0
LINE
  5
84E
330
17
100
AcDbEntity
  8
IV_INTERIOR_PROFILES
100
AcDbLine
 10
1216.1
 20
-524.9210322890368
 30
0.0
 11
1216.1
 21
-509.9210322890369
 31
0.0
  0
LINE
  5
84F
330
17
100
AcDbEntity
  8
IV_INTERIOR_PROFILES
100
AcDbLine
 10
1216.5
 20
-524.9210322890368
 30
0.0
 11
1216.1
 21
-524.9210322890368
 31
0.0
  0
LINE
  5
850
330
17
100
AcDbEntity
  8
IV_INTERIOR_PROFILES
100
AcDbLine
 10
1216.5
 20
-509.9210322890369
 30
0.0
 11
1216.5
 21
-524.9210322890368
 31
0.0
  0
LINE
  5
851
330
17
100
AcDbEntity
  8
IV_INTERIOR_PROFILES
100
AcDbLine
 10
1225.1
 20
-509.9210322890369
 30
0.0
 11
1225.5
 21
-509.9210322890369
 31
0.0
  0
LINE
  5
852
330
17
100
AcDbEntity
  8
IV_INTERIOR_PROFILES
100
AcDbLine
 10
1225.1
 20
-524.9210322890368
 30
0.0
 11
1225.1
 21
-509.9210322890369
 31
0.0
  0
LINE
  5
853
330
17
100
AcDbEntity
  8
IV_INTERIOR_PROFILES
100
AcDbLine
 10
1225.5
 20
-524.9210322890368
 30
0.0
 11
1225.1
 21
-524.9210322890368
 31
0.0
  0
LINE
  5
854
330
17
100
AcDbEntity
  8
IV_INTERIOR_PROFILES
100
AcDbLine
 10
1225.5
 20
-509.9210322890369
 30
0.0
 11
1225.5
 21
-524.9210322890368
 31
0.0
  0
LINE
  5
855
330
17
100
AcDbEntity
  8
IV_INTERIOR_PROFILES
100
AcDbLine
 10
1234.1
 20
-509.9210322890369
 30
0.0
 11
1234.5
 21
-509.9210322890369
 31
0.0
  0
LINE
  5
856
330
17
100
AcDbEntity
  8
IV_INTERIOR_PROFILES
100
AcDbLine
 10
1234.1
 20
-524.9210322890368
 30
0.0
 11
1234.1
 21
-509.9210322890369
 31
0.0
  0
LINE
  5
857
330
17
100
AcDbEntity
  8
IV_INTERIOR_PROFILES
100
AcDbLine
 10
1234.5
 20
-524.9210322890368
 30
0.0
 11
1234.1
 21
-524.9210322890368
 31
0.0
  0
LINE
  5
858
330
17
100
AcDbEntity
  8
IV_INTERIOR_PROFILES
100
AcDbLine
 10
1234.5
 20
-509.9210322890369
 30
0.0
 11
1234.5
 21
-524.9210322890368
 31
0.0
  0
LINE
  5
859
330
17
100
AcDbEntity
  8
IV_INTERIOR_PROFILES
100
AcDbLine
 10
1243.1
 20
-509.9210322890369
 30
0.0
 11
1243.5
 21
-509.9210322890369
 31
0.0
  0
LINE
  5
85A
330
17
100
AcDbEntity
  8
IV_INTERIOR_PROFILES
100
AcDbLine
 10
1243.1
 20
-524.9210322890368
 30
0.0
 11
1243.1
 21
-509.9210322890369
 31
0.0
  0
LINE
  5
85B
330
17
100
AcDbEntity
  8
IV_INTERIOR_PROFILES
100
AcDbLine
 10
1243.5
 20
-524.9210322890368
 30
0.0
 11
1243.1
 21
-524.9210322890368
 31
0.0
  0
LINE
  5
85C
330
17
100
AcDbEntity
  8
IV_INTERIOR_PROFILES
100
AcDbLine
 10
1243.5
 20
-509.9210322890369
 30
0.0
 11
1243.5
 21
-524.9210322890368
 31
0.0
  0
LINE
  5
85D
330
17
100
AcDbEntity
  8
IV_INTERIOR_PROFILES
100
AcDbLine
 10
1252.1
 20
-509.9210322890369
 30
0.0
 11
1252.5
 21
-509.9210322890369
 31
0.0
  0
LINE
  5
85E
330
17
100
AcDbEntity
  8
IV_INTERIOR_PROFILES
100
AcDbLine
 10
1252.1
 20
-524.9210322890368
 30
0.0
 11
1252.1
 21
-509.9210322890369
 31
0.0
  0
LINE
  5
85F
330
17
100
AcDbEntity
  8
IV_INTERIOR_PROFILES
100
AcDbLine
 10
1252.5
 20
-524.9210322890368
 30
0.0
 11
1252.1
 21
-524.9210322890368
 31
0.0
  0
LINE
  5
860
330
17
100
AcDbEntity
  8
IV_INTERIOR_PROFILES
100
AcDbLine
 10
1252.5
 20
-509.9210322890369
 30
0.0
 11
1252.5
 21
-524.9210322890368
 31
0.0
  0
LINE
  5
861
330
17
100
AcDbEntity
  8
IV_INTERIOR_PROFILES
100
AcDbLine
 10
1261.1
 20
-509.9210322890369
 30
0.0
 11
1261.5
 21
-509.9210322890369
 31
0.0
  0
LINE
  5
862
330
17
100
AcDbEntity
  8
IV_INTERIOR_PROFILES
100
AcDbLine
 10
1261.1
 20
-524.9210322890368
 30
0.0
 11
1261.1
 21
-509.9210322890369
 31
0.0
  0
LINE
  5
863
330
17
100
AcDbEntity
  8
IV_INTERIOR_PROFILES
100
AcDbLine
 10
1261.5
 20
-524.9210322890368
 30
0.0
 11
1261.1
 21
-524.9210322890368
 31
0.0
  0
LINE
  5
864
330
17
100
AcDbEntity
  8
IV_INTERIOR_PROFILES
100
AcDbLine
 10
1261.5
 20
-509.9210322890369
 30
0.0
 11
1261.5
 21
-524.9210322890368
 31
0.0
  0
LINE
  5
865
330
17
100
AcDbEntity
  8
IV_INTERIOR_PROFILES
100
AcDbLine
 10
1270.1000000000001
 20
-509.9210322890369
 30
0.0
 11
1270.5
 21
-509.9210322890369
 31
0.0
  0
LINE
  5
866
330
17
100
AcDbEntity
  8
IV_INTERIOR_PROFILES
100
AcDbLine
 10
1270.1000000000001
 20
-524.9210322890368
 30
0.0
 11
1270.1000000000001
 21
-509.9210322890369
 31
0.0
  0
LINE
  5
867
330
17
100
AcDbEntity
  8
IV_INTERIOR_PROFILES
100
AcDbLine
 10
1270.5
 20
-524.9210322890368
 30
0.0
 11
1270.1000000000001
 21
-524.9210322890368
 31
0.0
  0
LINE
  5
868
330
17
100
AcDbEntity
  8
IV_INTERIOR_PROFILES
100
AcDbLine
 10
1270.5
 20
-509.9210322890369
 30
0.0
 11
1270.5
 21
-524.9210322890368
 31
0.0
  0
LINE
  5
869
330
17
100
AcDbEntity
  8
IV_INTERIOR_PROFILES
100
AcDbLine
 10
1279.1
 20
-509.9210322890369
 30
0.0
 11
1279.5
 21
-509.9210322890369
 31
0.0
  0
LINE
  5
86A
330
17
100
AcDbEntity
  8
IV_INTERIOR_PROFILES
100
AcDbLine
 10
1279.1
 20
-524.9210322890369
 30
0.0
 11
1279.1
 21
-509.9210322890369
 31
0.0
  0
LINE
  5
86B
330
17
100
AcDbEntity
  8
IV_INTERIOR_PROFILES
100
AcDbLine
 10
1279.5
 20
-524.9210322890369
 30
0.0
 11
1279.1
 21
-524.9210322890369
 31
0.0
  0
LINE
  5
86C
330
17
100
AcDbEntity
  8
IV_INTERIOR_PROFILES
100
AcDbLine
 10
1279.5
 20
-509.9210322890369
 30
0.0
 11
1279.5
 21
-524.9210322890369
 31
0.0
  0
LINE
  5
86D
330
17
100
AcDbEntity
  8
IV_INTERIOR_PROFILES
100
AcDbLine
 10
1288.1
 20
-509.9210322890369
 30
0.0
 11
1288.5
 21
-509.9210322890369
 31
0.0
  0
LINE
  5
86E
330
17
100
AcDbEntity
  8
IV_INTERIOR_PROFILES
100
AcDbLine
 10
1288.1
 20
-524.9210322890369
 30
0.0
 11
1288.1
 21
-509.9210322890369
 31
0.0
  0
LINE
  5
86F
330
17
100
AcDbEntity
  8
IV_INTERIOR_PROFILES
100
AcDbLine
 10
1288.5
 20
-524.9210322890369
 30
0.0
 11
1288.1
 21
-524.9210322890369
 31
0.0
  0
LINE
  5
870
330
17
100
AcDbEntity
  8
IV_INTERIOR_PROFILES
100
AcDbLine
 10
1288.5
 20
-509.9210322890369
 30
0.0
 11
1288.5
 21
-524.9210322890369
 31
0.0
  0
LINE
  5
871
330
17
100
AcDbEntity
  8
IV_INTERIOR_PROFILES
100
AcDbLine
 10
1297.1
 20
-509.9210322890369
 30
0.0
 11
1297.5
 21
-509.9210322890369
 31
0.0
  0
LINE
  5
872
330
17
100
AcDbEntity
  8
IV_INTERIOR_PROFILES
100
AcDbLine
 10
1297.1
 20
-524.9210322890369
 30
0.0
 11
1297.1
 21
-509.9210322890369
 31
0.0
  0
LINE
  5
873
330
17
100
AcDbEntity
  8
IV_INTERIOR_PROFILES
100
AcDbLine
 10
1297.5
 20
-524.9210322890369
 30
0.0
 11
1297.1
 21
-524.9210322890369
 31
0.0
  0
LINE
  5
874
330
17
100
AcDbEntity
  8
IV_INTERIOR_PROFILES
100
AcDbLine
 10
1297.5
 20
-509.9210322890369
 30
0.0
 11
1297.5
 21
-524.9210322890369
 31
0.0
  0
LINE
  5
875
330
17
100
AcDbEntity
  8
IV_INTERIOR_PROFILES
100
AcDbLine
 10
1306.1
 20
-509.9210322890369
 30
0.0
 11
1306.5
 21
-509.9210322890369
 31
0.0
  0
LINE
  5
876
330
17
100
AcDbEntity
  8
IV_INTERIOR_PROFILES
100
AcDbLine
 10
1306.1
 20
-524.9210322890369
 30
0.0
 11
1306.1
 21
-509.9210322890369
 31
0.0
  0
LINE
  5
877
330
17
100
AcDbEntity
  8
IV_INTERIOR_PROFILES
100
AcDbLine
 10
1306.5
 20
-524.9210322890369
 30
0.0
 11
1306.1
 21
-524.9210322890369
 31
0.0
  0
LINE
  5
878
330
17
100
AcDbEntity
  8
IV_INTERIOR_PROFILES
100
AcDbLine
 10
1306.5
 20
-509.9210322890369
 30
0.0
 11
1306.5
 21
-524.9210322890369
 31
0.0
  0
LINE
  5
879
330
17
100
AcDbEntity
  8
IV_INTERIOR_PROFILES
100
AcDbLine
 10
1315.1
 20
-509.9210322890369
 30
0.0
 11
1315.5
 21
-509.9210322890369
 31
0.0
  0
LINE
  5
87A
330
17
100
AcDbEntity
  8
IV_INTERIOR_PROFILES
100
AcDbLine
 10
1315.1
 20
-524.9210322890369
 30
0.0
 11
1315.1
 21
-509.9210322890369
 31
0.0
  0
LINE
  5
87B
330
17
100
AcDbEntity
  8
IV_INTERIOR_PROFILES
100
AcDbLine
 10
1315.5
 20
-524.9210322890369
 30
0.0
 11
1315.1
 21
-524.9210322890369
 31
0.0
  0
LINE
  5
87C
330
17
100
AcDbEntity
  8
IV_INTERIOR_PROFILES
100
AcDbLine
 10
1315.5
 20
-509.9210322890369
 30
0.0
 11
1315.5
 21
-524.9210322890369
 31
0.0
  0
LINE
  5
87D
330
17
100
AcDbEntity
  8
IV_INTERIOR_PROFILES
100
AcDbLine
 10
1324.1
 20
-509.9210322890369
 30
0.0
 11
1324.5
 21
-509.9210322890369
 31
0.0
  0
LINE
  5
87E
330
17
100
AcDbEntity
  8
IV_INTERIOR_PROFILES
100
AcDbLine
 10
1324.1
 20
-524.9210322890369
 30
0.0
 11
1324.1
 21
-509.9210322890369
 31
0.0
  0
LINE
  5
87F
330
17
100
AcDbEntity
  8
IV_INTERIOR_PROFILES
100
AcDbLine
 10
1324.5
 20
-524.9210322890369
 30
0.0
 11
1324.1
 21
-524.9210322890369
 31
0.0
  0
LINE
  5
880
330
17
100
AcDbEntity
  8
IV_INTERIOR_PROFILES
100
AcDbLine
 10
1324.5
 20
-509.9210322890369
 30
0.0
 11
1324.5
 21
-524.9210322890369
 31
0.0
  0
LINE
  5
881
330
17
100
AcDbEntity
  8
IV_INTERIOR_PROFILES
100
AcDbLine
 10
1333.1
 20
-509.9210322890369
 30
0.0
 11
1333.5
 21
-509.9210322890369
 31
0.0
  0
LINE
  5
882
330
17
100
AcDbEntity
  8
IV_INTERIOR_PROFILES
100
AcDbLine
 10
1333.1
 20
-524.9210322890369
 30
0.0
 11
1333.1
 21
-509.9210322890369
 31
0.0
  0
LINE
  5
883
330
17
100
AcDbEntity
  8
IV_INTERIOR_PROFILES
100
AcDbLine
 10
1333.5
 20
-524.9210322890369
 30
0.0
 11
1333.1
 21
-524.9210322890369
 31
0.0
  0
LINE
  5
884
330
17
100
AcDbEntity
  8
IV_INTERIOR_PROFILES
100
AcDbLine
 10
1333.5
 20
-509.9210322890369
 30
0.0
 11
1333.5
 21
-524.9210322890369
 31
0.0
  0
LINE
  5
885
330
17
100
AcDbEntity
  8
IV_INTERIOR_PROFILES
100
AcDbLine
 10
1342.1
 20
-509.9210322890369
 30
0.0
 11
1342.5
 21
-509.9210322890369
 31
0.0
  0
LINE
  5
886
330
17
100
AcDbEntity
  8
IV_INTERIOR_PROFILES
100
AcDbLine
 10
1342.1
 20
-524.9210322890369
 30
0.0
 11
1342.1
 21
-509.9210322890369
 31
0.0
  0
LINE
  5
887
330
17
100
AcDbEntity
  8
IV_INTERIOR_PROFILES
100
AcDbLine
 10
1342.5
 20
-524.9210322890369
 30
0.0
 11
1342.1
 21
-524.9210322890369
 31
0.0
  0
LINE
  5
888
330
17
100
AcDbEntity
  8
IV_INTERIOR_PROFILES
100
AcDbLine
 10
1342.5
 20
-509.9210322890369
 30
0.0
 11
1342.5
 21
-524.9210322890369
 31
0.0
  0
LINE
  5
889
330
17
100
AcDbEntity
  8
IV_INTERIOR_PROFILES
100
AcDbLine
 10
1351.1
 20
-509.9210322890369
 30
0.0
 11
1351.5
 21
-509.9210322890369
 31
0.0
  0
LINE
  5
88A
330
17
100
AcDbEntity
  8
IV_INTERIOR_PROFILES
100
AcDbLine
 10
1351.1
 20
-524.9210322890369
 30
0.0
 11
1351.1
 21
-509.9210322890369
 31
0.0
  0
LINE
  5
88B
330
17
100
AcDbEntity
  8
IV_INTERIOR_PROFILES
100
AcDbLine
 10
1351.5
 20
-524.9210322890369
 30
0.0
 11
1351.1
 21
-524.9210322890369
 31
0.0
  0
LINE
  5
88C
330
17
100
AcDbEntity
  8
IV_INTERIOR_PROFILES
100
AcDbLine
 10
1351.5
 20
-509.9210322890369
 30
0.0
 11
1351.5
 21
-524.9210322890369
 31
0.0
  0
LINE
  5
88D
330
17
100
AcDbEntity
  8
IV_INTERIOR_PROFILES
100
AcDbLine
 10
1360.1
 20
-509.9210322890369
 30
0.0
 11
1360.5
 21
-509.9210322890369
 31
0.0
  0
LINE
  5
88E
330
17
100
AcDbEntity
  8
IV_INTERIOR_PROFILES
100
AcDbLine
 10
1360.1
 20
-524.9210322890369
 30
0.0
 11
1360.1
 21
-509.9210322890369
 31
0.0
  0
LINE
  5
88F
330
17
100
AcDbEntity
  8
IV_INTERIOR_PROFILES
100
AcDbLine
 10
1360.5
 20
-524.9210322890369
 30
0.0
 11
1360.1
 21
-524.9210322890369
 31
0.0
  0
LINE
  5
890
330
17
100
AcDbEntity
  8
IV_INTERIOR_PROFILES
100
AcDbLine
 10
1360.5
 20
-509.9210322890369
 30
0.0
 11
1360.5
 21
-524.9210322890369
 31
0.0
  0
LINE
  5
891
330
17
100
AcDbEntity
  8
IV_INTERIOR_PROFILES
100
AcDbLine
 10
1369.1
 20
-509.9210322890369
 30
0.0
 11
1369.5
 21
-509.9210322890369
 31
0.0
  0
LINE
  5
892
330
17
100
AcDbEntity
  8
IV_INTERIOR_PROFILES
100
AcDbLine
 10
1369.1
 20
-524.9210322890369
 30
0.0
 11
1369.1
 21
-509.9210322890369
 31
0.0
  0
LINE
  5
893
330
17
100
AcDbEntity
  8
IV_INTERIOR_PROFILES
100
AcDbLine
 10
1369.5
 20
-524.9210322890369
 30
0.0
 11
1369.1
 21
-524.9210322890369
 31
0.0
  0
LINE
  5
894
330
17
100
AcDbEntity
  8
IV_INTERIOR_PROFILES
100
AcDbLine
 10
1369.5
 20
-509.9210322890369
 30
0.0
 11
1369.5
 21
-524.9210322890369
 31
0.0
  0
LINE
  5
895
330
17
100
AcDbEntity
  8
IV_INTERIOR_PROFILES
100
AcDbLine
 10
1378.1
 20
-509.9210322890369
 30
0.0
 11
1378.5
 21
-509.9210322890369
 31
0.0
  0
LINE
  5
896
330
17
100
AcDbEntity
  8
IV_INTERIOR_PROFILES
100
AcDbLine
 10
1378.1
 20
-524.9210322890369
 30
0.0
 11
1378.1
 21
-509.9210322890369
 31
0.0
  0
LINE
  5
897
330
17
100
AcDbEntity
  8
IV_INTERIOR_PROFILES
100
AcDbLine
 10
1378.5
 20
-524.9210322890369
 30
0.0
 11
1378.1
 21
-524.9210322890369
 31
0.0
  0
LINE
  5
898
330
17
100
AcDbEntity
  8
IV_INTERIOR_PROFILES
100
AcDbLine
 10
1378.5
 20
-509.9210322890369
 30
0.0
 11
1378.5
 21
-524.9210322890369
 31
0.0
  0
LINE
  5
899
330
17
100
AcDbEntity
  8
IV_INTERIOR_PROFILES
100
AcDbLine
 10
1387.1
 20
-509.9210322890369
 30
0.0
 11
1387.5
 21
-509.9210322890369
 31
0.0
  0
LINE
  5
89A
330
17
100
AcDbEntity
  8
IV_INTERIOR_PROFILES
100
AcDbLine
 10
1387.1
 20
-524.9210322890369
 30
0.0
 11
1387.1
 21
-509.9210322890369
 31
0.0
  0
LINE
  5
89B
330
17
100
AcDbEntity
  8
IV_INTERIOR_PROFILES
100
AcDbLine
 10
1387.5
 20
-524.9210322890369
 30
0.0
 11
1387.1
 21
-524.9210322890369
 31
0.0
  0
LINE
  5
89C
330
17
100
AcDbEntity
  8
IV_INTERIOR_PROFILES
100
AcDbLine
 10
1387.5
 20
-509.9210322890369
 30
0.0
 11
1387.5
 21
-524.9210322890369
 31
0.0
  0
LINE
  5
89D
330
17
100
AcDbEntity
  8
IV_INTERIOR_PROFILES
100
AcDbLine
 10
1396.1
 20
-509.9210322890369
 30
0.0
 11
1396.5
 21
-509.9210322890369
 31
0.0
  0
LINE
  5
89E
330
17
100
AcDbEntity
  8
IV_INTERIOR_PROFILES
100
AcDbLine
 10
1396.1
 20
-524.9210322890369
 30
0.0
 11
1396.1
 21
-509.9210322890369
 31
0.0
  0
LINE
  5
89F
330
17
100
AcDbEntity
  8
IV_INTERIOR_PROFILES
100
AcDbLine
 10
1396.5
 20
-524.9210322890369
 30
0.0
 11
1396.1
 21
-524.9210322890369
 31
0.0
  0
LINE
  5
8A0
330
17
100
AcDbEntity
  8
IV_INTERIOR_PROFILES
100
AcDbLine
 10
1396.5
 20
-509.9210322890369
 30
0.0
 11
1396.5
 21
-524.9210322890369
 31
0.0
  0
LINE
  5
8A1
330
17
100
AcDbEntity
  8
IV_INTERIOR_PROFILES
100
AcDbLine
 10
1405.1
 20
-509.92103228903693
 30
0.0
 11
1405.5
 21
-509.92103228903693
 31
0.0
  0
LINE
  5
8A2
330
17
100
AcDbEntity
  8
IV_INTERIOR_PROFILES
100
AcDbLine
 10
1405.1
 20
-524.9210322890369
 30
0.0
 11
1405.1
 21
-509.92103228903693
 31
0.0
  0
LINE
  5
8A3
330
17
100
AcDbEntity
  8
IV_INTERIOR_PROFILES
100
AcDbLine
 10
1405.5
 20
-524.9210322890369
 30
0.0
 11
1405.1
 21
-524.9210322890369
 31
0.0
  0
LINE
  5
8A4
330
17
100
AcDbEntity
  8
IV_INTERIOR_PROFILES
100
AcDbLine
 10
1405.5
 20
-509.92103228903693
 30
0.0
 11
1405.5
 21
-524.9210322890369
 31
0.0
  0
LINE
  5
8A5
330
17
100
AcDbEntity
  8
IV_INTERIOR_PROFILES
100
AcDbLine
 10
1414.1
 20
-509.92103228903693
 30
0.0
 11
1414.5
 21
-509.92103228903693
 31
0.0
  0
LINE
  5
8A6
330
17
100
AcDbEntity
  8
IV_INTERIOR_PROFILES
100
AcDbLine
 10
1414.1
 20
-524.9210322890369
 30
0.0
 11
1414.1
 21
-509.92103228903693
 31
0.0
  0
LINE
  5
8A7
330
17
100
AcDbEntity
  8
IV_INTERIOR_PROFILES
100
AcDbLine
 10
1414.5
 20
-524.9210322890369
 30
0.0
 11
1414.1
 21
-524.9210322890369
 31
0.0
  0
LINE
  5
8A8
330
17
100
AcDbEntity
  8
IV_INTERIOR_PROFILES
100
AcDbLine
 10
1414.5
 20
-509.92103228903693
 30
0.0
 11
1414.5
 21
-524.9210322890369
 31
0.0
  0
LINE
  5
8A9
330
17
100
AcDbEntity
  8
IV_INTERIOR_PROFILES
100
AcDbLine
 10
1423.1
 20
-509.92103228903693
 30
0.0
 11
1423.5
 21
-509.92103228903693
 31
0.0
  0
LINE
  5
8AA
330
17
100
AcDbEntity
  8
IV_INTERIOR_PROFILES
100
AcDbLine
 10
1423.1
 20
-524.9210322890369
 30
0.0
 11
1423.1
 21
-509.92103228903693
 31
0.0
  0
LINE
  5
8AB
330
17
100
AcDbEntity
  8
IV_INTERIOR_PROFILES
100
AcDbLine
 10
1423.5
 20
-524.9210322890369
 30
0.0
 11
1423.1
 21
-524.9210322890369
 31
0.0
  0
LINE
  5
8AC
330
17
100
AcDbEntity
  8
IV_INTERIOR_PROFILES
100
AcDbLine
 10
1423.5
 20
-509.92103228903693
 30
0.0
 11
1423.5
 21
-524.9210322890369
 31
0.0
  0
LINE
  5
8AD
330
17
100
AcDbEntity
  8
IV_INTERIOR_PROFILES
100
AcDbLine
 10
1432.1
 20
-509.92103228903693
 30
0.0
 11
1432.5
 21
-509.92103228903693
 31
0.0
  0
LINE
  5
8AE
330
17
100
AcDbEntity
  8
IV_INTERIOR_PROFILES
100
AcDbLine
 10
1432.1
 20
-524.9210322890369
 30
0.0
 11
1432.1
 21
-509.92103228903693
 31
0.0
  0
LINE
  5
8AF
330
17
100
AcDbEntity
  8
IV_INTERIOR_PROFILES
100
AcDbLine
 10
1432.5
 20
-524.9210322890369
 30
0.0
 11
1432.1
 21
-524.9210322890369
 31
0.0
  0
LINE
  5
8B0
330
17
100
AcDbEntity
  8
IV_INTERIOR_PROFILES
100
AcDbLine
 10
1432.5
 20
-509.92103228903693
 30
0.0
 11
1432.5
 21
-524.9210322890369
 31
0.0
  0
LINE
  5
8B1
330
17
100
AcDbEntity
  8
IV_INTERIOR_PROFILES
100
AcDbLine
 10
1441.1
 20
-509.92103228903693
 30
0.0
 11
1441.5
 21
-509.92103228903693
 31
0.0
  0
LINE
  5
8B2
330
17
100
AcDbEntity
  8
IV_INTERIOR_PROFILES
100
AcDbLine
 10
1441.1
 20
-524.9210322890369
 30
0.0
 11
1441.1
 21
-509.92103228903693
 31
0.0
  0
LINE
  5
8B3
330
17
100
AcDbEntity
  8
IV_INTERIOR_PROFILES
100
AcDbLine
 10
1441.5
 20
-524.9210322890369
 30
0.0
 11
1441.1
 21
-524.9210322890369
 31
0.0
  0
LINE
  5
8B4
330
17
100
AcDbEntity
  8
IV_INTERIOR_PROFILES
100
AcDbLine
 10
1441.5
 20
-509.92103228903693
 30
0.0
 11
1441.5
 21
-524.9210322890369
 31
0.0
  0
LINE
  5
8B5
330
17
100
AcDbEntity
  8
IV_INTERIOR_PROFILES
100
AcDbLine
 10
1450.1
 20
-509.92103228903693
 30
0.0
 11
1450.5
 21
-509.92103228903693
 31
0.0
  0
LINE
  5
8B6
330
17
100
AcDbEntity
  8
IV_INTERIOR_PROFILES
100
AcDbLine
 10
1450.1
 20
-524.9210322890369
 30
0.0
 11
1450.1
 21
-509.92103228903693
 31
0.0
  0
LINE
  5
8B7
330
17
100
AcDbEntity
  8
IV_INTERIOR_PROFILES
100
AcDbLine
 10
1450.5
 20
-524.9210322890369
 30
0.0
 11
1450.1
 21
-524.9210322890369
 31
0.0
  0
LINE
  5
8B8
330
17
100
AcDbEntity
  8
IV_INTERIOR_PROFILES
100
AcDbLine
 10
1450.5
 20
-509.92103228903693
 30
0.0
 11
1450.5
 21
-524.9210322890369
 31
0.0
  0
LINE
  5
8B9
330
17
100
AcDbEntity
  8
IV_INTERIOR_PROFILES
100
AcDbLine
 10
1459.1
 20
-509.92103228903693
 30
0.0
 11
1459.5
 21
-509.92103228903693
 31
0.0
  0
LINE
  5
8BA
330
17
100
AcDbEntity
  8
IV_INTERIOR_PROFILES
100
AcDbLine
 10
1459.1
 20
-524.9210322890369
 30
0.0
 11
1459.1
 21
-509.92103228903693
 31
0.0
  0
LINE
  5
8BB
330
17
100
AcDbEntity
  8
IV_INTERIOR_PROFILES
100
AcDbLine
 10
1459.5
 20
-524.9210322890369
 30
0.0
 11
1459.1
 21
-524.9210322890369
 31
0.0
  0
LINE
  5
8BC
330
17
100
AcDbEntity
  8
IV_INTERIOR_PROFILES
100
AcDbLine
 10
1459.5
 20
-509.92103228903693
 30
0.0
 11
1459.5
 21
-524.9210322890369
 31
0.0
  0
LINE
  5
8BD
330
17
100
AcDbEntity
  8
IV_INTERIOR_PROFILES
100
AcDbLine
 10
1468.1
 20
-509.92103228903693
 30
0.0
 11
1468.5
 21
-509.92103228903693
 31
0.0
  0
LINE
  5
8BE
330
17
100
AcDbEntity
  8
IV_INTERIOR_PROFILES
100
AcDbLine
 10
1468.1
 20
-524.9210322890369
 30
0.0
 11
1468.1
 21
-509.92103228903693
 31
0.0
  0
LINE
  5
8BF
330
17
100
AcDbEntity
  8
IV_INTERIOR_PROFILES
100
AcDbLine
 10
1468.5
 20
-524.9210322890369
 30
0.0
 11
1468.1
 21
-524.9210322890369
 31
0.0
  0
LINE
  5
8C0
330
17
100
AcDbEntity
  8
IV_INTERIOR_PROFILES
100
AcDbLine
 10
1468.5
 20
-509.92103228903693
 30
0.0
 11
1468.5
 21
-524.9210322890369
 31
0.0
  0
LINE
  5
8C1
330
17
100
AcDbEntity
  8
IV_INTERIOR_PROFILES
100
AcDbLine
 10
1477.1
 20
-509.92103228903693
 30
0.0
 11
1477.5
 21
-509.92103228903693
 31
0.0
  0
LINE
  5
8C2
330
17
100
AcDbEntity
  8
IV_INTERIOR_PROFILES
100
AcDbLine
 10
1477.1
 20
-524.9210322890369
 30
0.0
 11
1477.1
 21
-509.92103228903693
 31
0.0
  0
LINE
  5
8C3
330
17
100
AcDbEntity
  8
IV_INTERIOR_PROFILES
100
AcDbLine
 10
1477.5
 20
-524.9210322890369
 30
0.0
 11
1477.1
 21
-524.9210322890369
 31
0.0
  0
LINE
  5
8C4
330
17
100
AcDbEntity
  8
IV_INTERIOR_PROFILES
100
AcDbLine
 10
1477.5
 20
-509.92103228903693
 30
0.0
 11
1477.5
 21
-524.9210322890369
 31
0.0
  0
LINE
  5
8C5
330
17
100
AcDbEntity
  8
IV_INTERIOR_PROFILES
100
AcDbLine
 10
1486.1
 20
-509.92103228903693
 30
0.0
 11
1486.5
 21
-509.92103228903693
 31
0.0
  0
LINE
  5
8C6
330
17
100
AcDbEntity
  8
IV_INTERIOR_PROFILES
100
AcDbLine
 10
1486.1
 20
-524.9210322890369
 30
0.0
 11
1486.1
 21
-509.92103228903693
 31
0.0
  0
LINE
  5
8C7
330
17
100
AcDbEntity
  8
IV_INTERIOR_PROFILES
100
AcDbLine
 10
1486.5
 20
-524.9210322890369
 30
0.0
 11
1486.1
 21
-524.9210322890369
 31
0.0
  0
LINE
  5
8C8
330
17
100
AcDbEntity
  8
IV_INTERIOR_PROFILES
100
AcDbLine
 10
1486.5
 20
-509.92103228903693
 30
0.0
 11
1486.5
 21
-524.9210322890369
 31
0.0
  0
LINE
  5
8C9
330
17
100
AcDbEntity
  8
IV_INTERIOR_PROFILES
100
AcDbLine
 10
1495.1
 20
-509.92103228903693
 30
0.0
 11
1495.5
 21
-509.92103228903693
 31
0.0
  0
LINE
  5
8CA
330
17
100
AcDbEntity
  8
IV_INTERIOR_PROFILES
100
AcDbLine
 10
1495.1
 20
-524.9210322890369
 30
0.0
 11
1495.1
 21
-509.92103228903693
 31
0.0
  0
LINE
  5
8CB
330
17
100
AcDbEntity
  8
IV_INTERIOR_PROFILES
100
AcDbLine
 10
1495.5
 20
-524.9210322890369
 30
0.0
 11
1495.1
 21
-524.9210322890369
 31
0.0
  0
LINE
  5
8CC
330
17
100
AcDbEntity
  8
IV_INTERIOR_PROFILES
100
AcDbLine
 10
1495.5
 20
-509.92103228903693
 30
0.0
 11
1495.5
 21
-524.9210322890369
 31
0.0
  0
LINE
  5
8CD
330
17
100
AcDbEntity
  8
IV_INTERIOR_PROFILES
100
AcDbLine
 10
1504.1
 20
-509.92103228903693
 30
0.0
 11
1504.5
 21
-509.92103228903693
 31
0.0
  0
LINE
  5
8CE
330
17
100
AcDbEntity
  8
IV_INTERIOR_PROFILES
100
AcDbLine
 10
1504.1
 20
-524.9210322890369
 30
0.0
 11
1504.1
 21
-509.92103228903693
 31
0.0
  0
LINE
  5
8CF
330
17
100
AcDbEntity
  8
IV_INTERIOR_PROFILES
100
AcDbLine
 10
1504.5
 20
-524.9210322890369
 30
0.0
 11
1504.1
 21
-524.9210322890369
 31
0.0
  0
LINE
  5
8D0
330
17
100
AcDbEntity
  8
IV_INTERIOR_PROFILES
100
AcDbLine
 10
1504.5
 20
-509.92103228903693
 30
0.0
 11
1504.5
 21
-524.9210322890369
 31
0.0
  0
LINE
  5
8D1
330
17
100
AcDbEntity
  8
IV_INTERIOR_PROFILES
100
AcDbLine
 10
1513.1
 20
-509.92103228903693
 30
0.0
 11
1513.5
 21
-509.92103228903693
 31
0.0
  0
LINE
  5
8D2
330
17
100
AcDbEntity
  8
IV_INTERIOR_PROFILES
100
AcDbLine
 10
1513.1
 20
-524.9210322890369
 30
0.0
 11
1513.1
 21
-509.92103228903693
 31
0.0
  0
LINE
  5
8D3
330
17
100
AcDbEntity
  8
IV_INTERIOR_PROFILES
100
AcDbLine
 10
1513.5
 20
-524.9210322890369
 30
0.0
 11
1513.1
 21
-524.9210322890369
 31
0.0
  0
LINE
  5
8D4
330
17
100
AcDbEntity
  8
IV_INTERIOR_PROFILES
100
AcDbLine
 10
1513.5
 20
-509.92103228903693
 30
0.0
 11
1513.5
 21
-524.9210322890369
 31
0.0
  0
LINE
  5
8D5
330
17
100
AcDbEntity
  8
IV_INTERIOR_PROFILES
100
AcDbLine
 10
1522.1
 20
-509.92103228903693
 30
0.0
 11
1522.5
 21
-509.92103228903693
 31
0.0
  0
LINE
  5
8D6
330
17
100
AcDbEntity
  8
IV_INTERIOR_PROFILES
100
AcDbLine
 10
1522.1
 20
-524.9210322890369
 30
0.0
 11
1522.1
 21
-509.92103228903693
 31
0.0
  0
LINE
  5
8D7
330
17
100
AcDbEntity
  8
IV_INTERIOR_PROFILES
100
AcDbLine
 10
1522.5
 20
-524.9210322890369
 30
0.0
 11
1522.1
 21
-524.9210322890369
 31
0.0
  0
LINE
  5
8D8
330
17
100
AcDbEntity
  8
IV_INTERIOR_PROFILES
100
AcDbLine
 10
1522.5
 20
-509.92103228903693
 30
0.0
 11
1522.5
 21
-524.9210322890369
 31
0.0
  0
LINE
  5
8D9
330
17
100
AcDbEntity
  8
IV_INTERIOR_PROFILES
100
AcDbLine
 10
1531.1
 20
-509.92103228903693
 30
0.0
 11
1531.5
 21
-509.92103228903693
 31
0.0
  0
LINE
  5
8DA
330
17
100
AcDbEntity
  8
IV_INTERIOR_PROFILES
100
AcDbLine
 10
1531.1
 20
-524.9210322890369
 30
0.0
 11
1531.1
 21
-509.92103228903693
 31
0.0
  0
LINE
  5
8DB
330
17
100
AcDbEntity
  8
IV_INTERIOR_PROFILES
100
AcDbLine
 10
1531.5
 20
-524.9210322890369
 30
0.0
 11
1531.1
 21
-524.9210322890369
 31
0.0
  0
LINE
  5
8DC
330
17
100
AcDbEntity
  8
IV_INTERIOR_PROFILES
100
AcDbLine
 10
1531.5
 20
-509.92103228903693
 30
0.0
 11
1531.5
 21
-524.9210322890369
 31
0.0
  0
LINE
  5
8DD
330
17
100
AcDbEntity
  8
IV_INTERIOR_PROFILES
100
AcDbLine
 10
1540.1
 20
-509.92103228903693
 30
0.0
 11
1540.5
 21
-509.92103228903693
 31
0.0
  0
LINE
  5
8DE
330
17
100
AcDbEntity
  8
IV_INTERIOR_PROFILES
100
AcDbLine
 10
1540.1
 20
-524.9210322890369
 30
0.0
 11
1540.1
 21
-509.92103228903693
 31
0.0
  0
LINE
  5
8DF
330
17
100
AcDbEntity
  8
IV_INTERIOR_PROFILES
100
AcDbLine
 10
1540.5
 20
-524.9210322890369
 30
0.0
 11
1540.1
 21
-524.9210322890369
 31
0.0
  0
LINE
  5
8E0
330
17
100
AcDbEntity
  8
IV_INTERIOR_PROFILES
100
AcDbLine
 10
1540.5
 20
-509.92103228903693
 30
0.0
 11
1540.5
 21
-524.9210322890369
 31
0.0
  0
LINE
  5
8E1
330
17
100
AcDbEntity
  8
IV_INTERIOR_PROFILES
100
AcDbLine
 10
1549.1
 20
-509.92103228903693
 30
0.0
 11
1549.5
 21
-509.92103228903693
 31
0.0
  0
LINE
  5
8E2
330
17
100
AcDbEntity
  8
IV_INTERIOR_PROFILES
100
AcDbLine
 10
1549.1
 20
-524.9210322890369
 30
0.0
 11
1549.1
 21
-509.92103228903693
 31
0.0
  0
LINE
  5
8E3
330
17
100
AcDbEntity
  8
IV_INTERIOR_PROFILES
100
AcDbLine
 10
1549.5
 20
-524.9210322890369
 30
0.0
 11
1549.1
 21
-524.9210322890369
 31
0.0
  0
LINE
  5
8E4
330
17
100
AcDbEntity
  8
IV_INTERIOR_PROFILES
100
AcDbLine
 10
1549.5
 20
-509.92103228903693
 30
0.0
 11
1549.5
 21
-524.9210322890369
 31
0.0
  0
LINE
  5
8E5
330
17
100
AcDbEntity
  8
IV_INTERIOR_PROFILES
100
AcDbLine
 10
1558.1
 20
-509.92103228903693
 30
0.0
 11
1558.5
 21
-509.92103228903693
 31
0.0
  0
LINE
  5
8E6
330
17
100
AcDbEntity
  8
IV_INTERIOR_PROFILES
100
AcDbLine
 10
1558.1
 20
-524.9210322890369
 30
0.0
 11
1558.1
 21
-509.92103228903693
 31
0.0
  0
LINE
  5
8E7
330
17
100
AcDbEntity
  8
IV_INTERIOR_PROFILES
100
AcDbLine
 10
1558.5
 20
-524.9210322890369
 30
0.0
 11
1558.1
 21
-524.9210322890369
 31
0.0
  0
LINE
  5
8E8
330
17
100
AcDbEntity
  8
IV_INTERIOR_PROFILES
100
AcDbLine
 10
1558.5
 20
-509.92103228903693
 30
0.0
 11
1558.5
 21
-524.9210322890369
 31
0.0
  0
LINE
  5
8E9
330
17
100
AcDbEntity
  8
IV_INTERIOR_PROFILES
100
AcDbLine
 10
1567.1
 20
-509.92103228903693
 30
0.0
 11
1567.5
 21
-509.92103228903693
 31
0.0
  0
LINE
  5
8EA
330
17
100
AcDbEntity
  8
IV_INTERIOR_PROFILES
100
AcDbLine
 10
1567.1
 20
-524.9210322890369
 30
0.0
 11
1567.1
 21
-509.92103228903693
 31
0.0
  0
LINE
  5
8EB
330
17
100
AcDbEntity
  8
IV_INTERIOR_PROFILES
100
AcDbLine
 10
1567.5
 20
-524.9210322890369
 30
0.0
 11
1567.1
 21
-524.9210322890369
 31
0.0
  0
LINE
  5
8EC
330
17
100
AcDbEntity
  8
IV_INTERIOR_PROFILES
100
AcDbLine
 10
1567.5
 20
-509.92103228903693
 30
0.0
 11
1567.5
 21
-524.9210322890369
 31
0.0
  0
LINE
  5
8ED
330
17
100
AcDbEntity
  8
IV_INTERIOR_PROFILES
100
AcDbLine
 10
1576.1
 20
-509.92103228903693
 30
0.0
 11
1576.5
 21
-509.92103228903693
 31
0.0
  0
LINE
  5
8EE
330
17
100
AcDbEntity
  8
IV_INTERIOR_PROFILES
100
AcDbLine
 10
1576.1
 20
-524.9210322890369
 30
0.0
 11
1576.1
 21
-509.92103228903693
 31
0.0
  0
LINE
  5
8EF
330
17
100
AcDbEntity
  8
IV_INTERIOR_PROFILES
100
AcDbLine
 10
1576.5
 20
-524.9210322890369
 30
0.0
 11
1576.1
 21
-524.9210322890369
 31
0.0
  0
LINE
  5
8F0
330
17
100
AcDbEntity
  8
IV_INTERIOR_PROFILES
100
AcDbLine
 10
1576.5
 20
-509.92103228903693
 30
0.0
 11
1576.5
 21
-524.9210322890369
 31
0.0
  0
LINE
  5
8F1
330
17
100
AcDbEntity
  8
IV_INTERIOR_PROFILES
100
AcDbLine
 10
1585.1
 20
-509.92103228903693
 30
0.0
 11
1585.5
 21
-509.92103228903693
 31
0.0
  0
LINE
  5
8F2
330
17
100
AcDbEntity
  8
IV_INTERIOR_PROFILES
100
AcDbLine
 10
1585.1
 20
-524.9210322890369
 30
0.0
 11
1585.1
 21
-509.92103228903693
 31
0.0
  0
LINE
  5
8F3
330
17
100
AcDbEntity
  8
IV_INTERIOR_PROFILES
100
AcDbLine
 10
1585.5
 20
-524.9210322890369
 30
0.0
 11
1585.1
 21
-524.9210322890369
 31
0.0
  0
LINE
  5
8F4
330
17
100
AcDbEntity
  8
IV_INTERIOR_PROFILES
100
AcDbLine
 10
1585.5
 20
-509.92103228903693
 30
0.0
 11
1585.5
 21
-524.9210322890369
 31
0.0
  0
LINE
  5
8F5
330
17
100
AcDbEntity
  8
IV_INTERIOR_PROFILES
100
AcDbLine
 10
1594.1
 20
-509.92103228903693
 30
0.0
 11
1594.5
 21
-509.92103228903693
 31
0.0
  0
LINE
  5
8F6
330
17
100
AcDbEntity
  8
IV_INTERIOR_PROFILES
100
AcDbLine
 10
1594.1
 20
-524.9210322890369
 30
0.0
 11
1594.1
 21
-509.92103228903693
 31
0.0
  0
LINE
  5
8F7
330
17
100
AcDbEntity
  8
IV_INTERIOR_PROFILES
100
AcDbLine
 10
1594.5
 20
-524.9210322890369
 30
0.0
 11
1594.1
 21
-524.9210322890369
 31
0.0
  0
LINE
  5
8F8
330
17
100
AcDbEntity
  8
IV_INTERIOR_PROFILES
100
AcDbLine
 10
1594.5
 20
-509.92103228903693
 30
0.0
 11
1594.5
 21
-524.9210322890369
 31
0.0
  0
LINE
  5
8F9
330
17
100
AcDbEntity
  8
IV_INTERIOR_PROFILES
100
AcDbLine
 10
1603.1
 20
-509.92103228903693
 30
0.0
 11
1603.5
 21
-509.92103228903693
 31
0.0
  0
LINE
  5
8FA
330
17
100
AcDbEntity
  8
IV_INTERIOR_PROFILES
100
AcDbLine
 10
1603.1
 20
-524.9210322890369
 30
0.0
 11
1603.1
 21
-509.92103228903693
 31
0.0
  0
LINE
  5
8FB
330
17
100
AcDbEntity
  8
IV_INTERIOR_PROFILES
100
AcDbLine
 10
1603.5
 20
-524.9210322890369
 30
0.0
 11
1603.1
 21
-524.9210322890369
 31
0.0
  0
LINE
  5
8FC
330
17
100
AcDbEntity
  8
IV_INTERIOR_PROFILES
100
AcDbLine
 10
1603.5
 20
-509.92103228903693
 30
0.0
 11
1603.5
 21
-524.9210322890369
 31
0.0
  0
LINE
  5
8FD
330
17
100
AcDbEntity
  8
IV_INTERIOR_PROFILES
100
AcDbLine
 10
1612.1
 20
-509.92103228903693
 30
0.0
 11
1612.5
 21
-509.92103228903693
 31
0.0
  0
LINE
  5
8FE
330
17
100
AcDbEntity
  8
IV_INTERIOR_PROFILES
100
AcDbLine
 10
1612.1
 20
-524.9210322890369
 30
0.0
 11
1612.1
 21
-509.92103228903693
 31
0.0
  0
LINE
  5
8FF
330
17
100
AcDbEntity
  8
IV_INTERIOR_PROFILES
100
AcDbLine
 10
1612.5
 20
-524.9210322890369
 30
0.0
 11
1612.1
 21
-524.9210322890369
 31
0.0
  0
LINE
  5
900
330
17
100
AcDbEntity
  8
IV_INTERIOR_PROFILES
100
AcDbLine
 10
1612.5
 20
-509.92103228903693
 30
0.0
 11
1612.5
 21
-524.9210322890369
 31
0.0
  0
LINE
  5
901
330
17
100
AcDbEntity
  8
IV_INTERIOR_PROFILES
100
AcDbLine
 10
1621.1
 20
-509.921032289037
 30
0.0
 11
1621.5
 21
-509.921032289037
 31
0.0
  0
LINE
  5
902
330
17
100
AcDbEntity
  8
IV_INTERIOR_PROFILES
100
AcDbLine
 10
1621.1
 20
-524.9210322890369
 30
0.0
 11
1621.1
 21
-509.921032289037
 31
0.0
  0
LINE
  5
903
330
17
100
AcDbEntity
  8
IV_INTERIOR_PROFILES
100
AcDbLine
 10
1621.5
 20
-524.9210322890369
 30
0.0
 11
1621.1
 21
-524.9210322890369
 31
0.0
  0
LINE
  5
904
330
17
100
AcDbEntity
  8
IV_INTERIOR_PROFILES
100
AcDbLine
 10
1621.5
 20
-509.921032289037
 30
0.0
 11
1621.5
 21
-524.9210322890369
 31
0.0
  0
LINE
  5
905
330
17
100
AcDbEntity
  8
IV_INTERIOR_PROFILES
100
AcDbLine
 10
1630.1
 20
-509.921032289037
 30
0.0
 11
1630.5
 21
-509.921032289037
 31
0.0
  0
LINE
  5
906
330
17
100
AcDbEntity
  8
IV_INTERIOR_PROFILES
100
AcDbLine
 10
1630.1
 20
-524.9210322890369
 30
0.0
 11
1630.1
 21
-509.921032289037
 31
0.0
  0
LINE
  5
907
330
17
100
AcDbEntity
  8
IV_INTERIOR_PROFILES
100
AcDbLine
 10
1630.5
 20
-524.9210322890369
 30
0.0
 11
1630.1
 21
-524.9210322890369
 31
0.0
  0
LINE
  5
908
330
17
100
AcDbEntity
  8
IV_INTERIOR_PROFILES
100
AcDbLine
 10
1630.5
 20
-509.921032289037
 30
0.0
 11
1630.5
 21
-524.9210322890369
 31
0.0
  0
LINE
  5
909
330
17
100
AcDbEntity
  8
IV_INTERIOR_PROFILES
100
AcDbLine
 10
1639.1
 20
-509.921032289037
 30
0.0
 11
1639.5
 21
-509.921032289037
 31
0.0
  0
LINE
  5
90A
330
17
100
AcDbEntity
  8
IV_INTERIOR_PROFILES
100
AcDbLine
 10
1639.1
 20
-524.9210322890369
 30
0.0
 11
1639.1
 21
-509.921032289037
 31
0.0
  0
LINE
  5
90B
330
17
100
AcDbEntity
  8
IV_INTERIOR_PROFILES
100
AcDbLine
 10
1639.5
 20
-524.9210322890369
 30
0.0
 11
1639.1
 21
-524.9210322890369
 31
0.0
  0
LINE
  5
90C
330
17
100
AcDbEntity
  8
IV_INTERIOR_PROFILES
100
AcDbLine
 10
1639.5
 20
-509.921032289037
 30
0.0
 11
1639.5
 21
-524.9210322890369
 31
0.0
  0
LINE
  5
90D
330
17
100
AcDbEntity
  8
IV_INTERIOR_PROFILES
100
AcDbLine
 10
1648.1
 20
-509.921032289037
 30
0.0
 11
1648.5
 21
-509.921032289037
 31
0.0
  0
LINE
  5
90E
330
17
100
AcDbEntity
  8
IV_INTERIOR_PROFILES
100
AcDbLine
 10
1648.1
 20
-524.9210322890369
 30
0.0
 11
1648.1
 21
-509.921032289037
 31
0.0
  0
LINE
  5
90F
330
17
100
AcDbEntity
  8
IV_INTERIOR_PROFILES
100
AcDbLine
 10
1648.5
 20
-524.9210322890369
 30
0.0
 11
1648.1
 21
-524.9210322890369
 31
0.0
  0
LINE
  5
910
330
17
100
AcDbEntity
  8
IV_INTERIOR_PROFILES
100
AcDbLine
 10
1648.5
 20
-509.921032289037
 30
0.0
 11
1648.5
 21
-524.9210322890369
 31
0.0
  0
LINE
  5
911
330
17
100
AcDbEntity
  8
IV_INTERIOR_PROFILES
100
AcDbLine
 10
1657.1
 20
-509.921032289037
 30
0.0
 11
1657.5
 21
-509.921032289037
 31
0.0
  0
LINE
  5
912
330
17
100
AcDbEntity
  8
IV_INTERIOR_PROFILES
100
AcDbLine
 10
1657.1
 20
-524.9210322890369
 30
0.0
 11
1657.1
 21
-509.921032289037
 31
0.0
  0
LINE
  5
913
330
17
100
AcDbEntity
  8
IV_INTERIOR_PROFILES
100
AcDbLine
 10
1657.5
 20
-524.9210322890369
 30
0.0
 11
1657.1
 21
-524.9210322890369
 31
0.0
  0
LINE
  5
914
330
17
100
AcDbEntity
  8
IV_INTERIOR_PROFILES
100
AcDbLine
 10
1657.5
 20
-509.921032289037
 30
0.0
 11
1657.5
 21
-524.9210322890369
 31
0.0
  0
LINE
  5
915
330
17
100
AcDbEntity
  8
IV_INTERIOR_PROFILES
100
AcDbLine
 10
1666.1
 20
-509.921032289037
 30
0.0
 11
1666.5
 21
-509.921032289037
 31
0.0
  0
LINE
  5
916
330
17
100
AcDbEntity
  8
IV_INTERIOR_PROFILES
100
AcDbLine
 10
1666.1
 20
-524.9210322890369
 30
0.0
 11
1666.1
 21
-509.921032289037
 31
0.0
  0
LINE
  5
917
330
17
100
AcDbEntity
  8
IV_INTERIOR_PROFILES
100
AcDbLine
 10
1666.5
 20
-524.9210322890369
 30
0.0
 11
1666.1
 21
-524.9210322890369
 31
0.0
  0
LINE
  5
918
330
17
100
AcDbEntity
  8
IV_INTERIOR_PROFILES
100
AcDbLine
 10
1666.5
 20
-509.921032289037
 30
0.0
 11
1666.5
 21
-524.9210322890369
 31
0.0
  0
LINE
  5
919
330
17
100
AcDbEntity
  8
IV_INTERIOR_PROFILES
100
AcDbLine
 10
1675.1
 20
-509.921032289037
 30
0.0
 11
1675.5
 21
-509.921032289037
 31
0.0
  0
LINE
  5
91A
330
17
100
AcDbEntity
  8
IV_INTERIOR_PROFILES
100
AcDbLine
 10
1675.1
 20
-524.9210322890369
 30
0.0
 11
1675.1
 21
-509.921032289037
 31
0.0
  0
LINE
  5
91B
330
17
100
AcDbEntity
  8
IV_INTERIOR_PROFILES
100
AcDbLine
 10
1675.5
 20
-524.9210322890369
 30
0.0
 11
1675.1
 21
-524.9210322890369
 31
0.0
  0
LINE
  5
91C
330
17
100
AcDbEntity
  8
IV_INTERIOR_PROFILES
100
AcDbLine
 10
1675.5
 20
-509.921032289037
 30
0.0
 11
1675.5
 21
-524.9210322890369
 31
0.0
  0
LINE
  5
91D
330
17
100
AcDbEntity
  8
IV_INTERIOR_PROFILES
100
AcDbLine
 10
1684.1
 20
-509.921032289037
 30
0.0
 11
1684.5
 21
-509.921032289037
 31
0.0
  0
LINE
  5
91E
330
17
100
AcDbEntity
  8
IV_INTERIOR_PROFILES
100
AcDbLine
 10
1684.1
 20
-524.9210322890369
 30
0.0
 11
1684.1
 21
-509.921032289037
 31
0.0
  0
LINE
  5
91F
330
17
100
AcDbEntity
  8
IV_INTERIOR_PROFILES
100
AcDbLine
 10
1684.5
 20
-524.9210322890369
 30
0.0
 11
1684.1
 21
-524.9210322890369
 31
0.0
  0
LINE
  5
920
330
17
100
AcDbEntity
  8
IV_INTERIOR_PROFILES
100
AcDbLine
 10
1684.5
 20
-509.921032289037
 30
0.0
 11
1684.5
 21
-524.9210322890369
 31
0.0
  0
LINE
  5
921
330
17
100
AcDbEntity
  8
IV_INTERIOR_PROFILES
100
AcDbLine
 10
1693.1
 20
-509.921032289037
 30
0.0
 11
1693.5
 21
-509.921032289037
 31
0.0
  0
LINE
  5
922
330
17
100
AcDbEntity
  8
IV_INTERIOR_PROFILES
100
AcDbLine
 10
1693.1
 20
-524.9210322890369
 30
0.0
 11
1693.1
 21
-509.921032289037
 31
0.0
  0
LINE
  5
923
330
17
100
AcDbEntity
  8
IV_INTERIOR_PROFILES
100
AcDbLine
 10
1693.5
 20
-524.9210322890369
 30
0.0
 11
1693.1
 21
-524.9210322890369
 31
0.0
  0
LINE
  5
924
330
17
100
AcDbEntity
  8
IV_INTERIOR_PROFILES
100
AcDbLine
 10
1693.5
 20
-509.921032289037
 30
0.0
 11
1693.5
 21
-524.9210322890369
 31
0.0
  0
LINE
  5
925
330
17
100
AcDbEntity
  8
IV_INTERIOR_PROFILES
100
AcDbLine
 10
1702.1
 20
-509.921032289037
 30
0.0
 11
1702.5
 21
-509.921032289037
 31
0.0
  0
LINE
  5
926
330
17
100
AcDbEntity
  8
IV_INTERIOR_PROFILES
100
AcDbLine
 10
1702.1
 20
-524.9210322890369
 30
0.0
 11
1702.1
 21
-509.921032289037
 31
0.0
  0
LINE
  5
927
330
17
100
AcDbEntity
  8
IV_INTERIOR_PROFILES
100
AcDbLine
 10
1702.5
 20
-524.9210322890369
 30
0.0
 11
1702.1
 21
-524.9210322890369
 31
0.0
  0
LINE
  5
928
330
17
100
AcDbEntity
  8
IV_INTERIOR_PROFILES
100
AcDbLine
 10
1702.5
 20
-509.921032289037
 30
0.0
 11
1702.5
 21
-524.9210322890369
 31
0.0
  0
LINE
  5
929
330
17
100
AcDbEntity
  8
IV_INTERIOR_PROFILES
100
AcDbLine
 10
1711.1
 20
-509.921032289037
 30
0.0
 11
1711.5
 21
-509.921032289037
 31
0.0
  0
LINE
  5
92A
330
17
100
AcDbEntity
  8
IV_INTERIOR_PROFILES
100
AcDbLine
 10
1711.1
 20
-524.9210322890369
 30
0.0
 11
1711.1
 21
-509.921032289037
 31
0.0
  0
LINE
  5
92B
330
17
100
AcDbEntity
  8
IV_INTERIOR_PROFILES
100
AcDbLine
 10
1711.5
 20
-524.9210322890369
 30
0.0
 11
1711.1
 21
-524.9210322890369
 31
0.0
  0
LINE
  5
92C
330
17
100
AcDbEntity
  8
IV_INTERIOR_PROFILES
100
AcDbLine
 10
1711.5
 20
-509.921032289037
 30
0.0
 11
1711.5
 21
-524.9210322890369
 31
0.0
  0
LINE
  5
92D
330
17
100
AcDbEntity
  8
IV_INTERIOR_PROFILES
100
AcDbLine
 10
1720.1
 20
-509.921032289037
 30
0.0
 11
1720.5
 21
-509.921032289037
 31
0.0
  0
LINE
  5
92E
330
17
100
AcDbEntity
  8
IV_INTERIOR_PROFILES
100
AcDbLine
 10
1720.1
 20
-524.9210322890369
 30
0.0
 11
1720.1
 21
-509.921032289037
 31
0.0
  0
LINE
  5
92F
330
17
100
AcDbEntity
  8
IV_INTERIOR_PROFILES
100
AcDbLine
 10
1720.5
 20
-524.9210322890369
 30
0.0
 11
1720.1
 21
-524.9210322890369
 31
0.0
  0
LINE
  5
930
330
17
100
AcDbEntity
  8
IV_INTERIOR_PROFILES
100
AcDbLine
 10
1720.5
 20
-509.921032289037
 30
0.0
 11
1720.5
 21
-524.9210322890369
 31
0.0
  0
LINE
  5
931
330
17
100
AcDbEntity
  8
IV_INTERIOR_PROFILES
100
AcDbLine
 10
1729.1
 20
-509.921032289037
 30
0.0
 11
1729.5
 21
-509.921032289037
 31
0.0
  0
LINE
  5
932
330
17
100
AcDbEntity
  8
IV_INTERIOR_PROFILES
100
AcDbLine
 10
1729.1
 20
-524.9210322890369
 30
0.0
 11
1729.1
 21
-509.921032289037
 31
0.0
  0
LINE
  5
933
330
17
100
AcDbEntity
  8
IV_INTERIOR_PROFILES
100
AcDbLine
 10
1729.5
 20
-524.9210322890369
 30
0.0
 11
1729.1
 21
-524.9210322890369
 31
0.0
  0
LINE
  5
934
330
17
100
AcDbEntity
  8
IV_INTERIOR_PROFILES
100
AcDbLine
 10
1729.5
 20
-509.921032289037
 30
0.0
 11
1729.5
 21
-524.9210322890369
 31
0.0
  0
LINE
  5
935
330
17
100
AcDbEntity
  8
IV_INTERIOR_PROFILES
100
AcDbLine
 10
1738.1
 20
-509.921032289037
 30
0.0
 11
1738.5
 21
-509.921032289037
 31
0.0
  0
LINE
  5
936
330
17
100
AcDbEntity
  8
IV_INTERIOR_PROFILES
100
AcDbLine
 10
1738.1
 20
-524.9210322890369
 30
0.0
 11
1738.1
 21
-509.921032289037
 31
0.0
  0
LINE
  5
937
330
17
100
AcDbEntity
  8
IV_INTERIOR_PROFILES
100
AcDbLine
 10
1738.5
 20
-524.9210322890369
 30
0.0
 11
1738.1
 21
-524.9210322890369
 31
0.0
  0
LINE
  5
938
330
17
100
AcDbEntity
  8
IV_INTERIOR_PROFILES
100
AcDbLine
 10
1738.5
 20
-509.921032289037
 30
0.0
 11
1738.5
 21
-524.9210322890369
 31
0.0
  0
LINE
  5
939
330
17
100
AcDbEntity
  8
IV_INTERIOR_PROFILES
100
AcDbLine
 10
1747.1
 20
-509.921032289037
 30
0.0
 11
1747.5
 21
-509.921032289037
 31
0.0
  0
LINE
  5
93A
330
17
100
AcDbEntity
  8
IV_INTERIOR_PROFILES
100
AcDbLine
 10
1747.1
 20
-524.921032289037
 30
0.0
 11
1747.1
 21
-509.921032289037
 31
0.0
  0
LINE
  5
93B
330
17
100
AcDbEntity
  8
IV_INTERIOR_PROFILES
100
AcDbLine
 10
1747.5
 20
-524.921032289037
 30
0.0
 11
1747.1
 21
-524.921032289037
 31
0.0
  0
LINE
  5
93C
330
17
100
AcDbEntity
  8
IV_INTERIOR_PROFILES
100
AcDbLine
 10
1747.5
 20
-509.921032289037
 30
0.0
 11
1747.5
 21
-524.921032289037
 31
0.0
  0
LINE
  5
93D
330
17
100
AcDbEntity
  8
IV_INTERIOR_PROFILES
100
AcDbLine
 10
1756.1
 20
-509.921032289037
 30
0.0
 11
1756.5
 21
-509.921032289037
 31
0.0
  0
LINE
  5
93E
330
17
100
AcDbEntity
  8
IV_INTERIOR_PROFILES
100
AcDbLine
 10
1756.1
 20
-524.921032289037
 30
0.0
 11
1756.1
 21
-509.921032289037
 31
0.0
  0
LINE
  5
93F
330
17
100
AcDbEntity
  8
IV_INTERIOR_PROFILES
100
AcDbLine
 10
1756.5
 20
-524.921032289037
 30
0.0
 11
1756.1
 21
-524.921032289037
 31
0.0
  0
LINE
  5
940
330
17
100
AcDbEntity
  8
IV_INTERIOR_PROFILES
100
AcDbLine
 10
1756.5
 20
-509.921032289037
 30
0.0
 11
1756.5
 21
-524.921032289037
 31
0.0
  0
LINE
  5
941
330
17
100
AcDbEntity
  8
IV_INTERIOR_PROFILES
100
AcDbLine
 10
1765.1
 20
-509.921032289037
 30
0.0
 11
1765.5
 21
-509.921032289037
 31
0.0
  0
LINE
  5
942
330
17
100
AcDbEntity
  8
IV_INTERIOR_PROFILES
100
AcDbLine
 10
1765.1
 20
-524.921032289037
 30
0.0
 11
1765.1
 21
-509.921032289037
 31
0.0
  0
LINE
  5
943
330
17
100
AcDbEntity
  8
IV_INTERIOR_PROFILES
100
AcDbLine
 10
1765.5
 20
-524.921032289037
 30
0.0
 11
1765.1
 21
-524.921032289037
 31
0.0
  0
LINE
  5
944
330
17
100
AcDbEntity
  8
IV_INTERIOR_PROFILES
100
AcDbLine
 10
1765.5
 20
-509.921032289037
 30
0.0
 11
1765.5
 21
-524.921032289037
 31
0.0
  0
LINE
  5
945
330
17
100
AcDbEntity
  8
IV_INTERIOR_PROFILES
100
AcDbLine
 10
1774.1
 20
-509.921032289037
 30
0.0
 11
1774.5
 21
-509.921032289037
 31
0.0
  0
LINE
  5
946
330
17
100
AcDbEntity
  8
IV_INTERIOR_PROFILES
100
AcDbLine
 10
1774.1
 20
-524.921032289037
 30
0.0
 11
1774.1
 21
-509.921032289037
 31
0.0
  0
LINE
  5
947
330
17
100
AcDbEntity
  8
IV_INTERIOR_PROFILES
100
AcDbLine
 10
1774.5
 20
-524.921032289037
 30
0.0
 11
1774.1
 21
-524.921032289037
 31
0.0
  0
LINE
  5
948
330
17
100
AcDbEntity
  8
IV_INTERIOR_PROFILES
100
AcDbLine
 10
1774.5
 20
-509.921032289037
 30
0.0
 11
1774.5
 21
-524.921032289037
 31
0.0
  0
LINE
  5
949
330
17
100
AcDbEntity
  8
IV_INTERIOR_PROFILES
100
AcDbLine
 10
1783.1
 20
-509.921032289037
 30
0.0
 11
1783.5
 21
-509.921032289037
 31
0.0
  0
LINE
  5
94A
330
17
100
AcDbEntity
  8
IV_INTERIOR_PROFILES
100
AcDbLine
 10
1783.1
 20
-524.921032289037
 30
0.0
 11
1783.1
 21
-509.921032289037
 31
0.0
  0
LINE
  5
94B
330
17
100
AcDbEntity
  8
IV_INTERIOR_PROFILES
100
AcDbLine
 10
1783.5
 20
-524.921032289037
 30
0.0
 11
1783.1
 21
-524.921032289037
 31
0.0
  0
LINE
  5
94C
330
17
100
AcDbEntity
  8
IV_INTERIOR_PROFILES
100
AcDbLine
 10
1783.5
 20
-509.921032289037
 30
0.0
 11
1783.5
 21
-524.921032289037
 31
0.0
  0
LINE
  5
94D
330
17
100
AcDbEntity
  8
IV_INTERIOR_PROFILES
100
AcDbLine
 10
1792.1
 20
-509.921032289037
 30
0.0
 11
1792.5
 21
-509.921032289037
 31
0.0
  0
LINE
  5
94E
330
17
100
AcDbEntity
  8
IV_INTERIOR_PROFILES
100
AcDbLine
 10
1792.1
 20
-524.921032289037
 30
0.0
 11
1792.1
 21
-509.921032289037
 31
0.0
  0
LINE
  5
94F
330
17
100
AcDbEntity
  8
IV_INTERIOR_PROFILES
100
AcDbLine
 10
1792.5
 20
-524.921032289037
 30
0.0
 11
1792.1
 21
-524.921032289037
 31
0.0
  0
LINE
  5
950
330
17
100
AcDbEntity
  8
IV_INTERIOR_PROFILES
100
AcDbLine
 10
1792.5
 20
-509.921032289037
 30
0.0
 11
1792.5
 21
-524.921032289037
 31
0.0
  0
LINE
  5
951
330
17
100
AcDbEntity
  8
IV_INTERIOR_PROFILES
100
AcDbLine
 10
1801.1
 20
-509.921032289037
 30
0.0
 11
1801.5
 21
-509.921032289037
 31
0.0
  0
LINE
  5
952
330
17
100
AcDbEntity
  8
IV_INTERIOR_PROFILES
100
AcDbLine
 10
1801.1
 20
-524.921032289037
 30
0.0
 11
1801.1
 21
-509.921032289037
 31
0.0
  0
LINE
  5
953
330
17
100
AcDbEntity
  8
IV_INTERIOR_PROFILES
100
AcDbLine
 10
1801.5
 20
-524.921032289037
 30
0.0
 11
1801.1
 21
-524.921032289037
 31
0.0
  0
LINE
  5
954
330
17
100
AcDbEntity
  8
IV_INTERIOR_PROFILES
100
AcDbLine
 10
1801.5
 20
-509.921032289037
 30
0.0
 11
1801.5
 21
-524.921032289037
 31
0.0
  0
LINE
  5
955
330
17
100
AcDbEntity
  8
IV_INTERIOR_PROFILES
100
AcDbLine
 10
1810.1
 20
-509.921032289037
 30
0.0
 11
1810.5
 21
-509.921032289037
 31
0.0
  0
LINE
  5
956
330
17
100
AcDbEntity
  8
IV_INTERIOR_PROFILES
100
AcDbLine
 10
1810.1
 20
-524.921032289037
 30
0.0
 11
1810.1
 21
-509.921032289037
 31
0.0
  0
LINE
  5
957
330
17
100
AcDbEntity
  8
IV_INTERIOR_PROFILES
100
AcDbLine
 10
1810.5
 20
-524.921032289037
 30
0.0
 11
1810.1
 21
-524.921032289037
 31
0.0
  0
LINE
  5
958
330
17
100
AcDbEntity
  8
IV_INTERIOR_PROFILES
100
AcDbLine
 10
1810.5
 20
-509.921032289037
 30
0.0
 11
1810.5
 21
-524.921032289037
 31
0.0
  0
LINE
  5
959
330
17
100
AcDbEntity
  8
IV_INTERIOR_PROFILES
100
AcDbLine
 10
1819.1
 20
-509.921032289037
 30
0.0
 11
1819.5
 21
-509.921032289037
 31
0.0
  0
LINE
  5
95A
330
17
100
AcDbEntity
  8
IV_INTERIOR_PROFILES
100
AcDbLine
 10
1819.1
 20
-524.921032289037
 30
0.0
 11
1819.1
 21
-509.921032289037
 31
0.0
  0
LINE
  5
95B
330
17
100
AcDbEntity
  8
IV_INTERIOR_PROFILES
100
AcDbLine
 10
1819.5
 20
-524.921032289037
 30
0.0
 11
1819.1
 21
-524.921032289037
 31
0.0
  0
LINE
  5
95C
330
17
100
AcDbEntity
  8
IV_INTERIOR_PROFILES
100
AcDbLine
 10
1819.5
 20
-509.921032289037
 30
0.0
 11
1819.5
 21
-524.921032289037
 31
0.0
  0
LINE
  5
95D
330
17
100
AcDbEntity
  8
IV_INTERIOR_PROFILES
100
AcDbLine
 10
1828.1
 20
-509.921032289037
 30
0.0
 11
1828.5
 21
-509.921032289037
 31
0.0
  0
LINE
  5
95E
330
17
100
AcDbEntity
  8
IV_INTERIOR_PROFILES
100
AcDbLine
 10
1828.1
 20
-524.921032289037
 30
0.0
 11
1828.1
 21
-509.921032289037
 31
0.0
  0
LINE
  5
95F
330
17
100
AcDbEntity
  8
IV_INTERIOR_PROFILES
100
AcDbLine
 10
1828.5
 20
-524.921032289037
 30
0.0
 11
1828.1
 21
-524.921032289037
 31
0.0
  0
LINE
  5
960
330
17
100
AcDbEntity
  8
IV_INTERIOR_PROFILES
100
AcDbLine
 10
1828.5
 20
-509.921032289037
 30
0.0
 11
1828.5
 21
-524.921032289037
 31
0.0
  0
LINE
  5
961
330
17
100
AcDbEntity
  8
IV_INTERIOR_PROFILES
100
AcDbLine
 10
1837.1000000000001
 20
-509.921032289037
 30
0.0
 11
1837.5
 21
-509.921032289037
 31
0.0
  0
LINE
  5
962
330
17
100
AcDbEntity
  8
IV_INTERIOR_PROFILES
100
AcDbLine
 10
1837.1000000000001
 20
-524.921032289037
 30
0.0
 11
1837.1000000000001
 21
-509.921032289037
 31
0.0
  0
LINE
  5
963
330
17
100
AcDbEntity
  8
IV_INTERIOR_PROFILES
100
AcDbLine
 10
1837.5
 20
-524.921032289037
 30
0.0
 11
1837.1000000000001
 21
-524.921032289037
 31
0.0
  0
LINE
  5
964
330
17
100
AcDbEntity
  8
IV_INTERIOR_PROFILES
100
AcDbLine
 10
1837.5
 20
-509.921032289037
 30
0.0
 11
1837.5
 21
-524.921032289037
 31
0.0
  0
LINE
  5
965
330
17
100
AcDbEntity
  8
IV_INTERIOR_PROFILES
100
AcDbLine
 10
1846.1
 20
-509.921032289037
 30
0.0
 11
1846.5
 21
-509.921032289037
 31
0.0
  0
LINE
  5
966
330
17
100
AcDbEntity
  8
IV_INTERIOR_PROFILES
100
AcDbLine
 10
1846.1
 20
-524.921032289037
 30
0.0
 11
1846.1
 21
-509.921032289037
 31
0.0
  0
LINE
  5
967
330
17
100
AcDbEntity
  8
IV_INTERIOR_PROFILES
100
AcDbLine
 10
1846.5
 20
-524.921032289037
 30
0.0
 11
1846.1
 21
-524.921032289037
 31
0.0
  0
LINE
  5
968
330
17
100
AcDbEntity
  8
IV_INTERIOR_PROFILES
100
AcDbLine
 10
1846.5
 20
-509.921032289037
 30
0.0
 11
1846.5
 21
-524.921032289037
 31
0.0
  0
LINE
  5
969
330
17
100
AcDbEntity
  8
IV_INTERIOR_PROFILES
100
AcDbLine
 10
1855.1
 20
-509.921032289037
 30
0.0
 11
1855.5
 21
-509.921032289037
 31
0.0
  0
LINE
  5
96A
330
17
100
AcDbEntity
  8
IV_INTERIOR_PROFILES
100
AcDbLine
 10
1855.1
 20
-524.921032289037
 30
0.0
 11
1855.1
 21
-509.921032289037
 31
0.0
  0
LINE
  5
96B
330
17
100
AcDbEntity
  8
IV_INTERIOR_PROFILES
100
AcDbLine
 10
1855.5
 20
-524.921032289037
 30
0.0
 11
1855.1
 21
-524.921032289037
 31
0.0
  0
LINE
  5
96C
330
17
100
AcDbEntity
  8
IV_INTERIOR_PROFILES
100
AcDbLine
 10
1855.5
 20
-509.921032289037
 30
0.0
 11
1855.5
 21
-524.921032289037
 31
0.0
  0
LINE
  5
96D
330
17
100
AcDbEntity
  8
IV_INTERIOR_PROFILES
100
AcDbLine
 10
1864.1
 20
-509.92103228903704
 30
0.0
 11
1864.5
 21
-509.92103228903704
 31
0.0
  0
LINE
  5
96E
330
17
100
AcDbEntity
  8
IV_INTERIOR_PROFILES
100
AcDbLine
 10
1864.1
 20
-524.921032289037
 30
0.0
 11
1864.1
 21
-509.92103228903704
 31
0.0
  0
LINE
  5
96F
330
17
100
AcDbEntity
  8
IV_INTERIOR_PROFILES
100
AcDbLine
 10
1864.5
 20
-524.921032289037
 30
0.0
 11
1864.1
 21
-524.921032289037
 31
0.0
  0
LINE
  5
970
330
17
100
AcDbEntity
  8
IV_INTERIOR_PROFILES
100
AcDbLine
 10
1864.5
 20
-509.92103228903704
 30
0.0
 11
1864.5
 21
-524.921032289037
 31
0.0
  0
LINE
  5
971
330
17
100
AcDbEntity
  8
IV_INTERIOR_PROFILES
100
AcDbLine
 10
1873.1
 20
-509.92103228903704
 30
0.0
 11
1873.5
 21
-509.92103228903704
 31
0.0
  0
LINE
  5
972
330
17
100
AcDbEntity
  8
IV_INTERIOR_PROFILES
100
AcDbLine
 10
1873.1
 20
-524.921032289037
 30
0.0
 11
1873.1
 21
-509.92103228903704
 31
0.0
  0
LINE
  5
973
330
17
100
AcDbEntity
  8
IV_INTERIOR_PROFILES
100
AcDbLine
 10
1873.5
 20
-524.921032289037
 30
0.0
 11
1873.1
 21
-524.921032289037
 31
0.0
  0
LINE
  5
974
330
17
100
AcDbEntity
  8
IV_INTERIOR_PROFILES
100
AcDbLine
 10
1873.5
 20
-509.92103228903704
 30
0.0
 11
1873.5
 21
-524.921032289037
 31
0.0
  0
LINE
  5
975
330
17
100
AcDbEntity
  8
IV_INTERIOR_PROFILES
100
AcDbLine
 10
1882.1000000000001
 20
-509.92103228903704
 30
0.0
 11
1882.5
 21
-509.92103228903704
 31
0.0
  0
LINE
  5
976
330
17
100
AcDbEntity
  8
IV_INTERIOR_PROFILES
100
AcDbLine
 10
1882.1000000000001
 20
-524.921032289037
 30
0.0
 11
1882.1000000000001
 21
-509.92103228903704
 31
0.0
  0
LINE
  5
977
330
17
100
AcDbEntity
  8
IV_INTERIOR_PROFILES
100
AcDbLine
 10
1882.5
 20
-524.921032289037
 30
0.0
 11
1882.1000000000001
 21
-524.921032289037
 31
0.0
  0
LINE
  5
978
330
17
100
AcDbEntity
  8
IV_INTERIOR_PROFILES
100
AcDbLine
 10
1882.5
 20
-509.92103228903704
 30
0.0
 11
1882.5
 21
-524.921032289037
 31
0.0
  0
LINE
  5
979
330
17
100
AcDbEntity
  8
IV_INTERIOR_PROFILES
100
AcDbLine
 10
1891.1000000000001
 20
-509.92103228903704
 30
0.0
 11
1891.5
 21
-509.92103228903704
 31
0.0
  0
LINE
  5
97A
330
17
100
AcDbEntity
  8
IV_INTERIOR_PROFILES
100
AcDbLine
 10
1891.1000000000001
 20
-524.921032289037
 30
0.0
 11
1891.1000000000001
 21
-509.92103228903704
 31
0.0
  0
LINE
  5
97B
330
17
100
AcDbEntity
  8
IV_INTERIOR_PROFILES
100
AcDbLine
 10
1891.5
 20
-524.921032289037
 30
0.0
 11
1891.1000000000001
 21
-524.921032289037
 31
0.0
  0
LINE
  5
97C
330
17
100
AcDbEntity
  8
IV_INTERIOR_PROFILES
100
AcDbLine
 10
1891.5
 20
-509.92103228903704
 30
0.0
 11
1891.5
 21
-524.921032289037
 31
0.0
  0
LINE
  5
97D
330
17
100
AcDbEntity
  8
IV_INTERIOR_PROFILES
100
AcDbLine
 10
1900.1
 20
-509.92103228903704
 30
0.0
 11
1900.5
 21
-509.92103228903704
 31
0.0
  0
LINE
  5
97E
330
17
100
AcDbEntity
  8
IV_INTERIOR_PROFILES
100
AcDbLine
 10
1900.1
 20
-524.921032289037
 30
0.0
 11
1900.1
 21
-509.92103228903704
 31
0.0
  0
LINE
  5
97F
330
17
100
AcDbEntity
  8
IV_INTERIOR_PROFILES
100
AcDbLine
 10
1900.5
 20
-524.921032289037
 30
0.0
 11
1900.1
 21
-524.921032289037
 31
0.0
  0
LINE
  5
980
330
17
100
AcDbEntity
  8
IV_INTERIOR_PROFILES
100
AcDbLine
 10
1900.5
 20
-509.92103228903704
 30
0.0
 11
1900.5
 21
-524.921032289037
 31
0.0
  0
LINE
  5
981
330
17
100
AcDbEntity
  8
IV_INTERIOR_PROFILES
100
AcDbLine
 10
1909.1
 20
-509.92103228903704
 30
0.0
 11
1909.5
 21
-509.92103228903704
 31
0.0
  0
LINE
  5
982
330
17
100
AcDbEntity
  8
IV_INTERIOR_PROFILES
100
AcDbLine
 10
1909.1
 20
-524.921032289037
 30
0.0
 11
1909.1
 21
-509.92103228903704
 31
0.0
  0
LINE
  5
983
330
17
100
AcDbEntity
  8
IV_INTERIOR_PROFILES
100
AcDbLine
 10
1909.5
 20
-524.921032289037
 30
0.0
 11
1909.1
 21
-524.921032289037
 31
0.0
  0
LINE
  5
984
330
17
100
AcDbEntity
  8
IV_INTERIOR_PROFILES
100
AcDbLine
 10
1909.5
 20
-509.92103228903704
 30
0.0
 11
1909.5
 21
-524.921032289037
 31
0.0
  0
LINE
  5
985
330
17
100
AcDbEntity
  8
IV_INTERIOR_PROFILES
100
AcDbLine
 10
1918.1
 20
-509.92103228903704
 30
0.0
 11
1918.5
 21
-509.92103228903704
 31
0.0
  0
LINE
  5
986
330
17
100
AcDbEntity
  8
IV_INTERIOR_PROFILES
100
AcDbLine
 10
1918.1
 20
-524.921032289037
 30
0.0
 11
1918.1
 21
-509.92103228903704
 31
0.0
  0
LINE
  5
987
330
17
100
AcDbEntity
  8
IV_INTERIOR_PROFILES
100
AcDbLine
 10
1918.5
 20
-524.921032289037
 30
0.0
 11
1918.1
 21
-524.921032289037
 31
0.0
  0
LINE
  5
988
330
17
100
AcDbEntity
  8
IV_INTERIOR_PROFILES
100
AcDbLine
 10
1918.5
 20
-509.92103228903704
 30
0.0
 11
1918.5
 21
-524.921032289037
 31
0.0
  0
LINE
  5
989
330
17
100
AcDbEntity
  8
IV_INTERIOR_PROFILES
100
AcDbLine
 10
1927.1
 20
-509.92103228903704
 30
0.0
 11
1927.5
 21
-509.92103228903704
 31
0.0
  0
LINE
  5
98A
330
17
100
AcDbEntity
  8
IV_INTERIOR_PROFILES
100
AcDbLine
 10
1927.1
 20
-524.921032289037
 30
0.0
 11
1927.1
 21
-509.92103228903704
 31
0.0
  0
LINE
  5
98B
330
17
100
AcDbEntity
  8
IV_INTERIOR_PROFILES
100
AcDbLine
 10
1927.5
 20
-524.921032289037
 30
0.0
 11
1927.1
 21
-524.921032289037
 31
0.0
  0
LINE
  5
98C
330
17
100
AcDbEntity
  8
IV_INTERIOR_PROFILES
100
AcDbLine
 10
1927.5
 20
-509.92103228903704
 30
0.0
 11
1927.5
 21
-524.921032289037
 31
0.0
  0
LINE
  5
98D
330
17
100
AcDbEntity
  8
IV_INTERIOR_PROFILES
100
AcDbLine
 10
1936.1
 20
-509.92103228903704
 30
0.0
 11
1936.5
 21
-509.92103228903704
 31
0.0
  0
LINE
  5
98E
330
17
100
AcDbEntity
  8
IV_INTERIOR_PROFILES
100
AcDbLine
 10
1936.1
 20
-524.921032289037
 30
0.0
 11
1936.1
 21
-509.92103228903704
 31
0.0
  0
LINE
  5
98F
330
17
100
AcDbEntity
  8
IV_INTERIOR_PROFILES
100
AcDbLine
 10
1936.5
 20
-524.921032289037
 30
0.0
 11
1936.1
 21
-524.921032289037
 31
0.0
  0
LINE
  5
990
330
17
100
AcDbEntity
  8
IV_INTERIOR_PROFILES
100
AcDbLine
 10
1936.5
 20
-509.92103228903704
 30
0.0
 11
1936.5
 21
-524.921032289037
 31
0.0
  0
LINE
  5
991
330
17
100
AcDbEntity
  8
IV_INTERIOR_PROFILES
100
AcDbLine
 10
1945.1
 20
-509.92103228903704
 30
0.0
 11
1945.5
 21
-509.92103228903704
 31
0.0
  0
LINE
  5
992
330
17
100
AcDbEntity
  8
IV_INTERIOR_PROFILES
100
AcDbLine
 10
1945.1
 20
-524.921032289037
 30
0.0
 11
1945.1
 21
-509.92103228903704
 31
0.0
  0
LINE
  5
993
330
17
100
AcDbEntity
  8
IV_INTERIOR_PROFILES
100
AcDbLine
 10
1945.5
 20
-524.921032289037
 30
0.0
 11
1945.1
 21
-524.921032289037
 31
0.0
  0
LINE
  5
994
330
17
100
AcDbEntity
  8
IV_INTERIOR_PROFILES
100
AcDbLine
 10
1945.5
 20
-509.92103228903704
 30
0.0
 11
1945.5
 21
-524.921032289037
 31
0.0
  0
LINE
  5
995
330
17
100
AcDbEntity
  8
IV_INTERIOR_PROFILES
100
AcDbLine
 10
1954.1
 20
-509.92103228903704
 30
0.0
 11
1954.5
 21
-509.92103228903704
 31
0.0
  0
LINE
  5
996
330
17
100
AcDbEntity
  8
IV_INTERIOR_PROFILES
100
AcDbLine
 10
1954.1
 20
-524.921032289037
 30
0.0
 11
1954.1
 21
-509.92103228903704
 31
0.0
  0
LINE
  5
997
330
17
100
AcDbEntity
  8
IV_INTERIOR_PROFILES
100
AcDbLine
 10
1954.5
 20
-524.921032289037
 30
0.0
 11
1954.1
 21
-524.921032289037
 31
0.0
  0
LINE
  5
998
330
17
100
AcDbEntity
  8
IV_INTERIOR_PROFILES
100
AcDbLine
 10
1954.5
 20
-509.92103228903704
 30
0.0
 11
1954.5
 21
-524.921032289037
 31
0.0
  0
LINE
  5
999
330
17
100
AcDbEntity
  8
IV_INTERIOR_PROFILES
100
AcDbLine
 10
1054.1
 20
-509.9210322890368
 30
0.0
 11
1054.5
 21
-509.9210322890368
 31
0.0
  0
LINE
  5
99A
330
17
100
AcDbEntity
  8
IV_INTERIOR_PROFILES
100
AcDbLine
 10
1054.1
 20
-524.9210322890368
 30
0.0
 11
1054.1
 21
-509.9210322890368
 31
0.0
  0
LINE
  5
99B
330
17
100
AcDbEntity
  8
IV_INTERIOR_PROFILES
100
AcDbLine
 10
1054.4999999999998
 20
-524.9210322890368
 30
0.0
 11
1054.1
 21
-524.9210322890368
 31
0.0
  0
LINE
  5
99C
330
17
100
AcDbEntity
  8
IV_INTERIOR_PROFILES
100
AcDbLine
 10
1054.5
 20
-509.9210322890368
 30
0.0
 11
1054.4999999999998
 21
-524.9210322890368
 31
0.0
  0
LINE
  5
99D
330
17
100
AcDbEntity
  8
IV_INTERIOR_PROFILES
100
AcDbLine
 10
1963.1
 20
-509.92103228903704
 30
0.0
 11
1963.5
 21
-509.92103228903704
 31
0.0
  0
LINE
  5
99E
330
17
100
AcDbEntity
  8
IV_INTERIOR_PROFILES
100
AcDbLine
 10
1963.1
 20
-524.921032289037
 30
0.0
 11
1963.1
 21
-509.92103228903704
 31
0.0
  0
LINE
  5
99F
330
17
100
AcDbEntity
  8
IV_INTERIOR_PROFILES
100
AcDbLine
 10
1963.5
 20
-524.921032289037
 30
0.0
 11
1963.1
 21
-524.921032289037
 31
0.0
  0
LINE
  5
9A0
330
17
100
AcDbEntity
  8
IV_INTERIOR_PROFILES
100
AcDbLine
 10
1963.5
 20
-509.92103228903704
 30
0.0
 11
1963.5
 21
-524.921032289037
 31
0.0
  0
LINE
  5
9A1
330
17
100
AcDbEntity
  8
IV_INTERIOR_PROFILES
100
AcDbLine
 10
1063.1000000000001
 20
-483.4964440139985
 30
0.0
 11
1063.5
 21
-483.4964440139985
 31
0.0
  0
LINE
  5
9A2
330
17
100
AcDbEntity
  8
IV_INTERIOR_PROFILES
100
AcDbLine
 10
1063.1000000000001
 20
-498.4964440139984
 30
0.0
 11
1063.1000000000001
 21
-483.4964440139985
 31
0.0
  0
LINE
  5
9A3
330
17
100
AcDbEntity
  8
IV_INTERIOR_PROFILES
100
AcDbLine
 10
1063.5
 20
-498.4964440139984
 30
0.0
 11
1063.1000000000001
 21
-498.4964440139984
 31
0.0
  0
LINE
  5
9A4
330
17
100
AcDbEntity
  8
IV_INTERIOR_PROFILES
100
AcDbLine
 10
1063.5
 20
-483.4964440139985
 30
0.0
 11
1063.5
 21
-498.4964440139984
 31
0.0
  0
LINE
  5
9A5
330
17
100
AcDbEntity
  8
IV_INTERIOR_PROFILES
100
AcDbLine
 10
1072.1
 20
-483.4964440139985
 30
0.0
 11
1072.4999999999998
 21
-483.4964440139985
 31
0.0
  0
LINE
  5
9A6
330
17
100
AcDbEntity
  8
IV_INTERIOR_PROFILES
100
AcDbLine
 10
1072.1
 20
-498.4964440139985
 30
0.0
 11
1072.1
 21
-483.4964440139985
 31
0.0
  0
LINE
  5
9A7
330
17
100
AcDbEntity
  8
IV_INTERIOR_PROFILES
100
AcDbLine
 10
1072.4999999999998
 20
-498.4964440139985
 30
0.0
 11
1072.1
 21
-498.4964440139985
 31
0.0
  0
LINE
  5
9A8
330
17
100
AcDbEntity
  8
IV_INTERIOR_PROFILES
100
AcDbLine
 10
1072.4999999999998
 20
-483.4964440139985
 30
0.0
 11
1072.4999999999998
 21
-498.4964440139985
 31
0.0
  0
LINE
  5
9A9
330
17
100
AcDbEntity
  8
IV_INTERIOR_PROFILES
100
AcDbLine
 10
1081.1
 20
-483.4964440139985
 30
0.0
 11
1081.5
 21
-483.4964440139985
 31
0.0
  0
LINE
  5
9AA
330
17
100
AcDbEntity
  8
IV_INTERIOR_PROFILES
100
AcDbLine
 10
1081.1
 20
-498.4964440139985
 30
0.0
 11
1081.1
 21
-483.4964440139985
 31
0.0
  0
LINE
  5
9AB
330
17
100
AcDbEntity
  8
IV_INTERIOR_PROFILES
100
AcDbLine
 10
1081.5
 20
-498.4964440139985
 30
0.0
 11
1081.1
 21
-498.4964440139985
 31
0.0
  0
LINE
  5
9AC
330
17
100
AcDbEntity
  8
IV_INTERIOR_PROFILES
100
AcDbLine
 10
1081.5
 20
-483.4964440139985
 30
0.0
 11
1081.5
 21
-498.4964440139985
 31
0.0
  0
LINE
  5
9AD
330
17
100
AcDbEntity
  8
IV_INTERIOR_PROFILES
100
AcDbLine
 10
1090.1000000000001
 20
-483.4964440139985
 30
0.0
 11
1090.5
 21
-483.4964440139985
 31
0.0
  0
LINE
  5
9AE
330
17
100
AcDbEntity
  8
IV_INTERIOR_PROFILES
100
AcDbLine
 10
1090.1000000000001
 20
-498.4964440139985
 30
0.0
 11
1090.1000000000001
 21
-483.4964440139985
 31
0.0
  0
LINE
  5
9AF
330
17
100
AcDbEntity
  8
IV_INTERIOR_PROFILES
100
AcDbLine
 10
1090.5
 20
-498.4964440139985
 30
0.0
 11
1090.1000000000001
 21
-498.4964440139985
 31
0.0
  0
LINE
  5
9B0
330
17
100
AcDbEntity
  8
IV_INTERIOR_PROFILES
100
AcDbLine
 10
1090.5
 20
-483.4964440139985
 30
0.0
 11
1090.5
 21
-498.4964440139985
 31
0.0
  0
LINE
  5
9B1
330
17
100
AcDbEntity
  8
IV_INTERIOR_PROFILES
100
AcDbLine
 10
1099.1
 20
-483.4964440139985
 30
0.0
 11
1099.5
 21
-483.4964440139985
 31
0.0
  0
LINE
  5
9B2
330
17
100
AcDbEntity
  8
IV_INTERIOR_PROFILES
100
AcDbLine
 10
1099.1
 20
-498.4964440139985
 30
0.0
 11
1099.1
 21
-483.4964440139985
 31
0.0
  0
LINE
  5
9B3
330
17
100
AcDbEntity
  8
IV_INTERIOR_PROFILES
100
AcDbLine
 10
1099.5
 20
-498.4964440139985
 30
0.0
 11
1099.1
 21
-498.4964440139985
 31
0.0
  0
LINE
  5
9B4
330
17
100
AcDbEntity
  8
IV_INTERIOR_PROFILES
100
AcDbLine
 10
1099.5
 20
-483.4964440139985
 30
0.0
 11
1099.5
 21
-498.4964440139985
 31
0.0
  0
LINE
  5
9B5
330
17
100
AcDbEntity
  8
IV_INTERIOR_PROFILES
100
AcDbLine
 10
1108.1000000000001
 20
-483.4964440139985
 30
0.0
 11
1108.5
 21
-483.4964440139985
 31
0.0
  0
LINE
  5
9B6
330
17
100
AcDbEntity
  8
IV_INTERIOR_PROFILES
100
AcDbLine
 10
1108.1000000000001
 20
-498.4964440139985
 30
0.0
 11
1108.1000000000001
 21
-483.4964440139985
 31
0.0
  0
LINE
  5
9B7
330
17
100
AcDbEntity
  8
IV_INTERIOR_PROFILES
100
AcDbLine
 10
1108.5
 20
-498.4964440139985
 30
0.0
 11
1108.1000000000001
 21
-498.4964440139985
 31
0.0
  0
LINE
  5
9B8
330
17
100
AcDbEntity
  8
IV_INTERIOR_PROFILES
100
AcDbLine
 10
1108.5
 20
-483.4964440139985
 30
0.0
 11
1108.5
 21
-498.4964440139985
 31
0.0
  0
LINE
  5
9B9
330
17
100
AcDbEntity
  8
IV_INTERIOR_PROFILES
100
AcDbLine
 10
1117.1
 20
-483.4964440139985
 30
0.0
 11
1117.4999999999998
 21
-483.4964440139985
 31
0.0
  0
LINE
  5
9BA
330
17
100
AcDbEntity
  8
IV_INTERIOR_PROFILES
100
AcDbLine
 10
1117.1
 20
-498.4964440139985
 30
0.0
 11
1117.1
 21
-483.4964440139985
 31
0.0
  0
LINE
  5
9BB
330
17
100
AcDbEntity
  8
IV_INTERIOR_PROFILES
100
AcDbLine
 10
1117.4999999999998
 20
-498.4964440139985
 30
0.0
 11
1117.1
 21
-498.4964440139985
 31
0.0
  0
LINE
  5
9BC
330
17
100
AcDbEntity
  8
IV_INTERIOR_PROFILES
100
AcDbLine
 10
1117.4999999999998
 20
-483.4964440139985
 30
0.0
 11
1117.4999999999998
 21
-498.4964440139985
 31
0.0
  0
LINE
  5
9BD
330
17
100
AcDbEntity
  8
IV_INTERIOR_PROFILES
100
AcDbLine
 10
1126.1
 20
-483.4964440139985
 30
0.0
 11
1126.5
 21
-483.4964440139985
 31
0.0
  0
LINE
  5
9BE
330
17
100
AcDbEntity
  8
IV_INTERIOR_PROFILES
100
AcDbLine
 10
1126.1
 20
-498.4964440139985
 30
0.0
 11
1126.1
 21
-483.4964440139985
 31
0.0
  0
LINE
  5
9BF
330
17
100
AcDbEntity
  8
IV_INTERIOR_PROFILES
100
AcDbLine
 10
1126.5
 20
-498.4964440139985
 30
0.0
 11
1126.1
 21
-498.4964440139985
 31
0.0
  0
LINE
  5
9C0
330
17
100
AcDbEntity
  8
IV_INTERIOR_PROFILES
100
AcDbLine
 10
1126.5
 20
-483.4964440139985
 30
0.0
 11
1126.5
 21
-498.4964440139985
 31
0.0
  0
LINE
  5
9C1
330
17
100
AcDbEntity
  8
IV_INTERIOR_PROFILES
100
AcDbLine
 10
1135.1000000000001
 20
-483.4964440139985
 30
0.0
 11
1135.5
 21
-483.4964440139985
 31
0.0
  0
LINE
  5
9C2
330
17
100
AcDbEntity
  8
IV_INTERIOR_PROFILES
100
AcDbLine
 10
1135.1000000000001
 20
-498.4964440139985
 30
0.0
 11
1135.1000000000001
 21
-483.4964440139985
 31
0.0
  0
LINE
  5
9C3
330
17
100
AcDbEntity
  8
IV_INTERIOR_PROFILES
100
AcDbLine
 10
1135.5
 20
-498.4964440139985
 30
0.0
 11
1135.1000000000001
 21
-498.4964440139985
 31
0.0
  0
LINE
  5
9C4
330
17
100
AcDbEntity
  8
IV_INTERIOR_PROFILES
100
AcDbLine
 10
1135.5
 20
-483.4964440139985
 30
0.0
 11
1135.5
 21
-498.4964440139985
 31
0.0
  0
LINE
  5
9C5
330
17
100
AcDbEntity
  8
IV_INTERIOR_PROFILES
100
AcDbLine
 10
1144.1
 20
-483.4964440139985
 30
0.0
 11
1144.5
 21
-483.4964440139985
 31
0.0
  0
LINE
  5
9C6
330
17
100
AcDbEntity
  8
IV_INTERIOR_PROFILES
100
AcDbLine
 10
1144.1
 20
-498.4964440139985
 30
0.0
 11
1144.1
 21
-483.4964440139985
 31
0.0
  0
LINE
  5
9C7
330
17
100
AcDbEntity
  8
IV_INTERIOR_PROFILES
100
AcDbLine
 10
1144.5
 20
-498.4964440139985
 30
0.0
 11
1144.1
 21
-498.4964440139985
 31
0.0
  0
LINE
  5
9C8
330
17
100
AcDbEntity
  8
IV_INTERIOR_PROFILES
100
AcDbLine
 10
1144.5
 20
-483.4964440139985
 30
0.0
 11
1144.5
 21
-498.4964440139985
 31
0.0
  0
LINE
  5
9C9
330
17
100
AcDbEntity
  8
IV_INTERIOR_PROFILES
100
AcDbLine
 10
1153.1
 20
-483.4964440139985
 30
0.0
 11
1153.5
 21
-483.4964440139985
 31
0.0
  0
LINE
  5
9CA
330
17
100
AcDbEntity
  8
IV_INTERIOR_PROFILES
100
AcDbLine
 10
1153.1
 20
-498.4964440139985
 30
0.0
 11
1153.1
 21
-483.4964440139985
 31
0.0
  0
LINE
  5
9CB
330
17
100
AcDbEntity
  8
IV_INTERIOR_PROFILES
100
AcDbLine
 10
1153.5
 20
-498.4964440139985
 30
0.0
 11
1153.1
 21
-498.4964440139985
 31
0.0
  0
LINE
  5
9CC
330
17
100
AcDbEntity
  8
IV_INTERIOR_PROFILES
100
AcDbLine
 10
1153.5
 20
-483.4964440139985
 30
0.0
 11
1153.5
 21
-498.4964440139985
 31
0.0
  0
LINE
  5
9CD
330
17
100
AcDbEntity
  8
IV_INTERIOR_PROFILES
100
AcDbLine
 10
1162.1
 20
-483.4964440139985
 30
0.0
 11
1162.4999999999998
 21
-483.4964440139985
 31
0.0
  0
LINE
  5
9CE
330
17
100
AcDbEntity
  8
IV_INTERIOR_PROFILES
100
AcDbLine
 10
1162.1
 20
-498.4964440139985
 30
0.0
 11
1162.1
 21
-483.4964440139985
 31
0.0
  0
LINE
  5
9CF
330
17
100
AcDbEntity
  8
IV_INTERIOR_PROFILES
100
AcDbLine
 10
1162.4999999999998
 20
-498.4964440139985
 30
0.0
 11
1162.1
 21
-498.4964440139985
 31
0.0
  0
LINE
  5
9D0
330
17
100
AcDbEntity
  8
IV_INTERIOR_PROFILES
100
AcDbLine
 10
1162.4999999999998
 20
-483.4964440139985
 30
0.0
 11
1162.4999999999998
 21
-498.4964440139985
 31
0.0
  0
LINE
  5
9D1
330
17
100
AcDbEntity
  8
IV_INTERIOR_PROFILES
100
AcDbLine
 10
1171.1
 20
-483.4964440139985
 30
0.0
 11
1171.5
 21
-483.4964440139985
 31
0.0
  0
LINE
  5
9D2
330
17
100
AcDbEntity
  8
IV_INTERIOR_PROFILES
100
AcDbLine
 10
1171.1
 20
-498.4964440139985
 30
0.0
 11
1171.1
 21
-483.4964440139985
 31
0.0
  0
LINE
  5
9D3
330
17
100
AcDbEntity
  8
IV_INTERIOR_PROFILES
100
AcDbLine
 10
1171.5
 20
-498.4964440139985
 30
0.0
 11
1171.1
 21
-498.4964440139985
 31
0.0
  0
LINE
  5
9D4
330
17
100
AcDbEntity
  8
IV_INTERIOR_PROFILES
100
AcDbLine
 10
1171.5
 20
-483.4964440139985
 30
0.0
 11
1171.5
 21
-498.4964440139985
 31
0.0
  0
LINE
  5
9D5
330
17
100
AcDbEntity
  8
IV_INTERIOR_PROFILES
100
AcDbLine
 10
1180.1000000000001
 20
-483.4964440139985
 30
0.0
 11
1180.5
 21
-483.4964440139985
 31
0.0
  0
LINE
  5
9D6
330
17
100
AcDbEntity
  8
IV_INTERIOR_PROFILES
100
AcDbLine
 10
1180.1
 20
-498.4964440139985
 30
0.0
 11
1180.1000000000001
 21
-483.4964440139985
 31
0.0
  0
LINE
  5
9D7
330
17
100
AcDbEntity
  8
IV_INTERIOR_PROFILES
100
AcDbLine
 10
1180.5
 20
-498.4964440139985
 30
0.0
 11
1180.1
 21
-498.4964440139985
 31
0.0
  0
LINE
  5
9D8
330
17
100
AcDbEntity
  8
IV_INTERIOR_PROFILES
100
AcDbLine
 10
1180.5
 20
-483.4964440139985
 30
0.0
 11
1180.5
 21
-498.4964440139985
 31
0.0
  0
LINE
  5
9D9
330
17
100
AcDbEntity
  8
IV_INTERIOR_PROFILES
100
AcDbLine
 10
1189.1
 20
-483.4964440139985
 30
0.0
 11
1189.5
 21
-483.4964440139985
 31
0.0
  0
LINE
  5
9DA
330
17
100
AcDbEntity
  8
IV_INTERIOR_PROFILES
100
AcDbLine
 10
1189.1
 20
-498.4964440139985
 30
0.0
 11
1189.1
 21
-483.4964440139985
 31
0.0
  0
LINE
  5
9DB
330
17
100
AcDbEntity
  8
IV_INTERIOR_PROFILES
100
AcDbLine
 10
1189.5
 20
-498.4964440139985
 30
0.0
 11
1189.1
 21
-498.4964440139985
 31
0.0
  0
LINE
  5
9DC
330
17
100
AcDbEntity
  8
IV_INTERIOR_PROFILES
100
AcDbLine
 10
1189.5
 20
-483.4964440139985
 30
0.0
 11
1189.5
 21
-498.4964440139985
 31
0.0
  0
LINE
  5
9DD
330
17
100
AcDbEntity
  8
IV_INTERIOR_PROFILES
100
AcDbLine
 10
1198.1
 20
-483.4964440139985
 30
0.0
 11
1198.5
 21
-483.4964440139985
 31
0.0
  0
LINE
  5
9DE
330
17
100
AcDbEntity
  8
IV_INTERIOR_PROFILES
100
AcDbLine
 10
1198.1
 20
-498.4964440139985
 30
0.0
 11
1198.1
 21
-483.4964440139985
 31
0.0
  0
LINE
  5
9DF
330
17
100
AcDbEntity
  8
IV_INTERIOR_PROFILES
100
AcDbLine
 10
1198.5
 20
-498.4964440139985
 30
0.0
 11
1198.1
 21
-498.4964440139985
 31
0.0
  0
LINE
  5
9E0
330
17
100
AcDbEntity
  8
IV_INTERIOR_PROFILES
100
AcDbLine
 10
1198.5
 20
-483.4964440139985
 30
0.0
 11
1198.5
 21
-498.4964440139985
 31
0.0
  0
LINE
  5
9E1
330
17
100
AcDbEntity
  8
IV_INTERIOR_PROFILES
100
AcDbLine
 10
1207.1
 20
-483.4964440139985
 30
0.0
 11
1207.4999999999998
 21
-483.4964440139985
 31
0.0
  0
LINE
  5
9E2
330
17
100
AcDbEntity
  8
IV_INTERIOR_PROFILES
100
AcDbLine
 10
1207.1
 20
-498.4964440139985
 30
0.0
 11
1207.1
 21
-483.4964440139985
 31
0.0
  0
LINE
  5
9E3
330
17
100
AcDbEntity
  8
IV_INTERIOR_PROFILES
100
AcDbLine
 10
1207.4999999999998
 20
-498.4964440139985
 30
0.0
 11
1207.1
 21
-498.4964440139985
 31
0.0
  0
LINE
  5
9E4
330
17
100
AcDbEntity
  8
IV_INTERIOR_PROFILES
100
AcDbLine
 10
1207.4999999999998
 20
-483.4964440139985
 30
0.0
 11
1207.4999999999998
 21
-498.4964440139985
 31
0.0
  0
LINE
  5
9E5
330
17
100
AcDbEntity
  8
IV_INTERIOR_PROFILES
100
AcDbLine
 10
1216.1
 20
-483.4964440139985
 30
0.0
 11
1216.5
 21
-483.4964440139985
 31
0.0
  0
LINE
  5
9E6
330
17
100
AcDbEntity
  8
IV_INTERIOR_PROFILES
100
AcDbLine
 10
1216.1
 20
-498.4964440139985
 30
0.0
 11
1216.1
 21
-483.4964440139985
 31
0.0
  0
LINE
  5
9E7
330
17
100
AcDbEntity
  8
IV_INTERIOR_PROFILES
100
AcDbLine
 10
1216.5
 20
-498.4964440139985
 30
0.0
 11
1216.1
 21
-498.4964440139985
 31
0.0
  0
LINE
  5
9E8
330
17
100
AcDbEntity
  8
IV_INTERIOR_PROFILES
100
AcDbLine
 10
1216.5
 20
-483.4964440139985
 30
0.0
 11
1216.5
 21
-498.4964440139985
 31
0.0
  0
LINE
  5
9E9
330
17
100
AcDbEntity
  8
IV_INTERIOR_PROFILES
100
AcDbLine
 10
1225.1
 20
-483.4964440139985
 30
0.0
 11
1225.5
 21
-483.4964440139985
 31
0.0
  0
LINE
  5
9EA
330
17
100
AcDbEntity
  8
IV_INTERIOR_PROFILES
100
AcDbLine
 10
1225.1
 20
-498.4964440139985
 30
0.0
 11
1225.1
 21
-483.4964440139985
 31
0.0
  0
LINE
  5
9EB
330
17
100
AcDbEntity
  8
IV_INTERIOR_PROFILES
100
AcDbLine
 10
1225.5
 20
-498.4964440139985
 30
0.0
 11
1225.1
 21
-498.4964440139985
 31
0.0
  0
LINE
  5
9EC
330
17
100
AcDbEntity
  8
IV_INTERIOR_PROFILES
100
AcDbLine
 10
1225.5
 20
-483.4964440139985
 30
0.0
 11
1225.5
 21
-498.4964440139985
 31
0.0
  0
LINE
  5
9ED
330
17
100
AcDbEntity
  8
IV_INTERIOR_PROFILES
100
AcDbLine
 10
1234.1
 20
-483.4964440139985
 30
0.0
 11
1234.5
 21
-483.4964440139985
 31
0.0
  0
LINE
  5
9EE
330
17
100
AcDbEntity
  8
IV_INTERIOR_PROFILES
100
AcDbLine
 10
1234.1
 20
-498.4964440139985
 30
0.0
 11
1234.1
 21
-483.4964440139985
 31
0.0
  0
LINE
  5
9EF
330
17
100
AcDbEntity
  8
IV_INTERIOR_PROFILES
100
AcDbLine
 10
1234.5
 20
-498.4964440139985
 30
0.0
 11
1234.1
 21
-498.4964440139985
 31
0.0
  0
LINE
  5
9F0
330
17
100
AcDbEntity
  8
IV_INTERIOR_PROFILES
100
AcDbLine
 10
1234.5
 20
-483.4964440139985
 30
0.0
 11
1234.5
 21
-498.4964440139985
 31
0.0
  0
LINE
  5
9F1
330
17
100
AcDbEntity
  8
IV_INTERIOR_PROFILES
100
AcDbLine
 10
1243.1
 20
-483.4964440139985
 30
0.0
 11
1243.5
 21
-483.4964440139985
 31
0.0
  0
LINE
  5
9F2
330
17
100
AcDbEntity
  8
IV_INTERIOR_PROFILES
100
AcDbLine
 10
1243.1
 20
-498.4964440139985
 30
0.0
 11
1243.1
 21
-483.4964440139985
 31
0.0
  0
LINE
  5
9F3
330
17
100
AcDbEntity
  8
IV_INTERIOR_PROFILES
100
AcDbLine
 10
1243.5
 20
-498.4964440139985
 30
0.0
 11
1243.1
 21
-498.4964440139985
 31
0.0
  0
LINE
  5
9F4
330
17
100
AcDbEntity
  8
IV_INTERIOR_PROFILES
100
AcDbLine
 10
1243.5
 20
-483.4964440139985
 30
0.0
 11
1243.5
 21
-498.4964440139985
 31
0.0
  0
LINE
  5
9F5
330
17
100
AcDbEntity
  8
IV_INTERIOR_PROFILES
100
AcDbLine
 10
1252.1
 20
-483.4964440139985
 30
0.0
 11
1252.5
 21
-483.4964440139985
 31
0.0
  0
LINE
  5
9F6
330
17
100
AcDbEntity
  8
IV_INTERIOR_PROFILES
100
AcDbLine
 10
1252.1
 20
-498.4964440139985
 30
0.0
 11
1252.1
 21
-483.4964440139985
 31
0.0
  0
LINE
  5
9F7
330
17
100
AcDbEntity
  8
IV_INTERIOR_PROFILES
100
AcDbLine
 10
1252.5
 20
-498.4964440139985
 30
0.0
 11
1252.1
 21
-498.4964440139985
 31
0.0
  0
LINE
  5
9F8
330
17
100
AcDbEntity
  8
IV_INTERIOR_PROFILES
100
AcDbLine
 10
1252.5
 20
-483.4964440139985
 30
0.0
 11
1252.5
 21
-498.4964440139985
 31
0.0
  0
LINE
  5
9F9
330
17
100
AcDbEntity
  8
IV_INTERIOR_PROFILES
100
AcDbLine
 10
1261.1
 20
-483.4964440139985
 30
0.0
 11
1261.5
 21
-483.4964440139985
 31
0.0
  0
LINE
  5
9FA
330
17
100
AcDbEntity
  8
IV_INTERIOR_PROFILES
100
AcDbLine
 10
1261.1
 20
-498.4964440139985
 30
0.0
 11
1261.1
 21
-483.4964440139985
 31
0.0
  0
LINE
  5
9FB
330
17
100
AcDbEntity
  8
IV_INTERIOR_PROFILES
100
AcDbLine
 10
1261.5
 20
-498.4964440139985
 30
0.0
 11
1261.1
 21
-498.4964440139985
 31
0.0
  0
LINE
  5
9FC
330
17
100
AcDbEntity
  8
IV_INTERIOR_PROFILES
100
AcDbLine
 10
1261.5
 20
-483.4964440139985
 30
0.0
 11
1261.5
 21
-498.4964440139985
 31
0.0
  0
LINE
  5
9FD
330
17
100
AcDbEntity
  8
IV_INTERIOR_PROFILES
100
AcDbLine
 10
1270.1000000000001
 20
-483.4964440139985
 30
0.0
 11
1270.5
 21
-483.4964440139985
 31
0.0
  0
LINE
  5
9FE
330
17
100
AcDbEntity
  8
IV_INTERIOR_PROFILES
100
AcDbLine
 10
1270.1000000000001
 20
-498.4964440139985
 30
0.0
 11
1270.1000000000001
 21
-483.4964440139985
 31
0.0
  0
LINE
  5
9FF
330
17
100
AcDbEntity
  8
IV_INTERIOR_PROFILES
100
AcDbLine
 10
1270.5
 20
-498.4964440139985
 30
0.0
 11
1270.1000000000001
 21
-498.4964440139985
 31
0.0
  0
LINE
  5
A00
330
17
100
AcDbEntity
  8
IV_INTERIOR_PROFILES
100
AcDbLine
 10
1270.5
 20
-483.4964440139985
 30
0.0
 11
1270.5
 21
-498.4964440139985
 31
0.0
  0
LINE
  5
A01
330
17
100
AcDbEntity
  8
IV_INTERIOR_PROFILES
100
AcDbLine
 10
1279.1
 20
-483.4964440139985
 30
0.0
 11
1279.5
 21
-483.4964440139985
 31
0.0
  0
LINE
  5
A02
330
17
100
AcDbEntity
  8
IV_INTERIOR_PROFILES
100
AcDbLine
 10
1279.1
 20
-498.4964440139985
 30
0.0
 11
1279.1
 21
-483.4964440139985
 31
0.0
  0
LINE
  5
A03
330
17
100
AcDbEntity
  8
IV_INTERIOR_PROFILES
100
AcDbLine
 10
1279.5
 20
-498.4964440139985
 30
0.0
 11
1279.1
 21
-498.4964440139985
 31
0.0
  0
LINE
  5
A04
330
17
100
AcDbEntity
  8
IV_INTERIOR_PROFILES
100
AcDbLine
 10
1279.5
 20
-483.4964440139985
 30
0.0
 11
1279.5
 21
-498.4964440139985
 31
0.0
  0
LINE
  5
A05
330
17
100
AcDbEntity
  8
IV_INTERIOR_PROFILES
100
AcDbLine
 10
1288.1
 20
-483.4964440139985
 30
0.0
 11
1288.5
 21
-483.4964440139985
 31
0.0
  0
LINE
  5
A06
330
17
100
AcDbEntity
  8
IV_INTERIOR_PROFILES
100
AcDbLine
 10
1288.1
 20
-498.49644401399854
 30
0.0
 11
1288.1
 21
-483.4964440139985
 31
0.0
  0
LINE
  5
A07
330
17
100
AcDbEntity
  8
IV_INTERIOR_PROFILES
100
AcDbLine
 10
1288.5
 20
-498.49644401399854
 30
0.0
 11
1288.1
 21
-498.49644401399854
 31
0.0
  0
LINE
  5
A08
330
17
100
AcDbEntity
  8
IV_INTERIOR_PROFILES
100
AcDbLine
 10
1288.5
 20
-483.4964440139985
 30
0.0
 11
1288.5
 21
-498.49644401399854
 31
0.0
  0
LINE
  5
A09
330
17
100
AcDbEntity
  8
IV_INTERIOR_PROFILES
100
AcDbLine
 10
1297.1
 20
-483.4964440139985
 30
0.0
 11
1297.5
 21
-483.4964440139985
 31
0.0
  0
LINE
  5
A0A
330
17
100
AcDbEntity
  8
IV_INTERIOR_PROFILES
100
AcDbLine
 10
1297.1
 20
-498.49644401399854
 30
0.0
 11
1297.1
 21
-483.4964440139985
 31
0.0
  0
LINE
  5
A0B
330
17
100
AcDbEntity
  8
IV_INTERIOR_PROFILES
100
AcDbLine
 10
1297.5
 20
-498.49644401399854
 30
0.0
 11
1297.1
 21
-498.49644401399854
 31
0.0
  0
LINE
  5
A0C
330
17
100
AcDbEntity
  8
IV_INTERIOR_PROFILES
100
AcDbLine
 10
1297.5
 20
-483.4964440139985
 30
0.0
 11
1297.5
 21
-498.49644401399854
 31
0.0
  0
LINE
  5
A0D
330
17
100
AcDbEntity
  8
IV_INTERIOR_PROFILES
100
AcDbLine
 10
1306.1
 20
-483.4964440139985
 30
0.0
 11
1306.5
 21
-483.4964440139985
 31
0.0
  0
LINE
  5
A0E
330
17
100
AcDbEntity
  8
IV_INTERIOR_PROFILES
100
AcDbLine
 10
1306.1
 20
-498.49644401399854
 30
0.0
 11
1306.1
 21
-483.4964440139985
 31
0.0
  0
LINE
  5
A0F
330
17
100
AcDbEntity
  8
IV_INTERIOR_PROFILES
100
AcDbLine
 10
1306.5
 20
-498.49644401399854
 30
0.0
 11
1306.1
 21
-498.49644401399854
 31
0.0
  0
LINE
  5
A10
330
17
100
AcDbEntity
  8
IV_INTERIOR_PROFILES
100
AcDbLine
 10
1306.5
 20
-483.4964440139985
 30
0.0
 11
1306.5
 21
-498.49644401399854
 31
0.0
  0
LINE
  5
A11
330
17
100
AcDbEntity
  8
IV_INTERIOR_PROFILES
100
AcDbLine
 10
1315.1
 20
-483.49644401399854
 30
0.0
 11
1315.5
 21
-483.49644401399854
 31
0.0
  0
LINE
  5
A12
330
17
100
AcDbEntity
  8
IV_INTERIOR_PROFILES
100
AcDbLine
 10
1315.1
 20
-498.49644401399854
 30
0.0
 11
1315.1
 21
-483.49644401399854
 31
0.0
  0
LINE
  5
A13
330
17
100
AcDbEntity
  8
IV_INTERIOR_PROFILES
100
AcDbLine
 10
1315.5
 20
-498.49644401399854
 30
0.0
 11
1315.1
 21
-498.49644401399854
 31
0.0
  0
LINE
  5
A14
330
17
100
AcDbEntity
  8
IV_INTERIOR_PROFILES
100
AcDbLine
 10
1315.5
 20
-483.49644401399854
 30
0.0
 11
1315.5
 21
-498.49644401399854
 31
0.0
  0
LINE
  5
A15
330
17
100
AcDbEntity
  8
IV_INTERIOR_PROFILES
100
AcDbLine
 10
1324.1
 20
-483.49644401399854
 30
0.0
 11
1324.5
 21
-483.49644401399854
 31
0.0
  0
LINE
  5
A16
330
17
100
AcDbEntity
  8
IV_INTERIOR_PROFILES
100
AcDbLine
 10
1324.1
 20
-498.49644401399854
 30
0.0
 11
1324.1
 21
-483.49644401399854
 31
0.0
  0
LINE
  5
A17
330
17
100
AcDbEntity
  8
IV_INTERIOR_PROFILES
100
AcDbLine
 10
1324.5
 20
-498.49644401399854
 30
0.0
 11
1324.1
 21
-498.49644401399854
 31
0.0
  0
LINE
  5
A18
330
17
100
AcDbEntity
  8
IV_INTERIOR_PROFILES
100
AcDbLine
 10
1324.5
 20
-483.49644401399854
 30
0.0
 11
1324.5
 21
-498.49644401399854
 31
0.0
  0
LINE
  5
A19
330
17
100
AcDbEntity
  8
IV_INTERIOR_PROFILES
100
AcDbLine
 10
1333.1
 20
-483.49644401399854
 30
0.0
 11
1333.5
 21
-483.49644401399854
 31
0.0
  0
LINE
  5
A1A
330
17
100
AcDbEntity
  8
IV_INTERIOR_PROFILES
100
AcDbLine
 10
1333.1
 20
-498.49644401399854
 30
0.0
 11
1333.1
 21
-483.49644401399854
 31
0.0
  0
LINE
  5
A1B
330
17
100
AcDbEntity
  8
IV_INTERIOR_PROFILES
100
AcDbLine
 10
1333.5
 20
-498.49644401399854
 30
0.0
 11
1333.1
 21
-498.49644401399854
 31
0.0
  0
LINE
  5
A1C
330
17
100
AcDbEntity
  8
IV_INTERIOR_PROFILES
100
AcDbLine
 10
1333.5
 20
-483.49644401399854
 30
0.0
 11
1333.5
 21
-498.49644401399854
 31
0.0
  0
LINE
  5
A1D
330
17
100
AcDbEntity
  8
IV_INTERIOR_PROFILES
100
AcDbLine
 10
1342.1
 20
-483.49644401399854
 30
0.0
 11
1342.5
 21
-483.49644401399854
 31
0.0
  0
LINE
  5
A1E
330
17
100
AcDbEntity
  8
IV_INTERIOR_PROFILES
100
AcDbLine
 10
1342.1
 20
-498.49644401399854
 30
0.0
 11
1342.1
 21
-483.49644401399854
 31
0.0
  0
LINE
  5
A1F
330
17
100
AcDbEntity
  8
IV_INTERIOR_PROFILES
100
AcDbLine
 10
1342.5
 20
-498.49644401399854
 30
0.0
 11
1342.1
 21
-498.49644401399854
 31
0.0
  0
LINE
  5
A20
330
17
100
AcDbEntity
  8
IV_INTERIOR_PROFILES
100
AcDbLine
 10
1342.5
 20
-483.49644401399854
 30
0.0
 11
1342.5
 21
-498.49644401399854
 31
0.0
  0
LINE
  5
A21
330
17
100
AcDbEntity
  8
IV_INTERIOR_PROFILES
100
AcDbLine
 10
1351.1
 20
-483.49644401399854
 30
0.0
 11
1351.5
 21
-483.49644401399854
 31
0.0
  0
LINE
  5
A22
330
17
100
AcDbEntity
  8
IV_INTERIOR_PROFILES
100
AcDbLine
 10
1351.1
 20
-498.49644401399854
 30
0.0
 11
1351.1
 21
-483.49644401399854
 31
0.0
  0
LINE
  5
A23
330
17
100
AcDbEntity
  8
IV_INTERIOR_PROFILES
100
AcDbLine
 10
1351.5
 20
-498.49644401399854
 30
0.0
 11
1351.1
 21
-498.49644401399854
 31
0.0
  0
LINE
  5
A24
330
17
100
AcDbEntity
  8
IV_INTERIOR_PROFILES
100
AcDbLine
 10
1351.5
 20
-483.49644401399854
 30
0.0
 11
1351.5
 21
-498.49644401399854
 31
0.0
  0
LINE
  5
A25
330
17
100
AcDbEntity
  8
IV_INTERIOR_PROFILES
100
AcDbLine
 10
1360.1
 20
-483.49644401399854
 30
0.0
 11
1360.5
 21
-483.49644401399854
 31
0.0
  0
LINE
  5
A26
330
17
100
AcDbEntity
  8
IV_INTERIOR_PROFILES
100
AcDbLine
 10
1360.1
 20
-498.49644401399854
 30
0.0
 11
1360.1
 21
-483.49644401399854
 31
0.0
  0
LINE
  5
A27
330
17
100
AcDbEntity
  8
IV_INTERIOR_PROFILES
100
AcDbLine
 10
1360.5
 20
-498.49644401399854
 30
0.0
 11
1360.1
 21
-498.49644401399854
 31
0.0
  0
LINE
  5
A28
330
17
100
AcDbEntity
  8
IV_INTERIOR_PROFILES
100
AcDbLine
 10
1360.5
 20
-483.49644401399854
 30
0.0
 11
1360.5
 21
-498.49644401399854
 31
0.0
  0
LINE
  5
A29
330
17
100
AcDbEntity
  8
IV_INTERIOR_PROFILES
100
AcDbLine
 10
1369.1
 20
-483.49644401399854
 30
0.0
 11
1369.5
 21
-483.49644401399854
 31
0.0
  0
LINE
  5
A2A
330
17
100
AcDbEntity
  8
IV_INTERIOR_PROFILES
100
AcDbLine
 10
1369.1
 20
-498.49644401399854
 30
0.0
 11
1369.1
 21
-483.49644401399854
 31
0.0
  0
LINE
  5
A2B
330
17
100
AcDbEntity
  8
IV_INTERIOR_PROFILES
100
AcDbLine
 10
1369.5
 20
-498.49644401399854
 30
0.0
 11
1369.1
 21
-498.49644401399854
 31
0.0
  0
LINE
  5
A2C
330
17
100
AcDbEntity
  8
IV_INTERIOR_PROFILES
100
AcDbLine
 10
1369.5
 20
-483.49644401399854
 30
0.0
 11
1369.5
 21
-498.49644401399854
 31
0.0
  0
LINE
  5
A2D
330
17
100
AcDbEntity
  8
IV_INTERIOR_PROFILES
100
AcDbLine
 10
1378.1
 20
-483.49644401399854
 30
0.0
 11
1378.5
 21
-483.49644401399854
 31
0.0
  0
LINE
  5
A2E
330
17
100
AcDbEntity
  8
IV_INTERIOR_PROFILES
100
AcDbLine
 10
1378.1
 20
-498.49644401399854
 30
0.0
 11
1378.1
 21
-483.49644401399854
 31
0.0
  0
LINE
  5
A2F
330
17
100
AcDbEntity
  8
IV_INTERIOR_PROFILES
100
AcDbLine
 10
1378.5
 20
-498.49644401399854
 30
0.0
 11
1378.1
 21
-498.49644401399854
 31
0.0
  0
LINE
  5
A30
330
17
100
AcDbEntity
  8
IV_INTERIOR_PROFILES
100
AcDbLine
 10
1378.5
 20
-483.49644401399854
 30
0.0
 11
1378.5
 21
-498.49644401399854
 31
0.0
  0
LINE
  5
A31
330
17
100
AcDbEntity
  8
IV_INTERIOR_PROFILES
100
AcDbLine
 10
1387.1
 20
-483.49644401399854
 30
0.0
 11
1387.5
 21
-483.49644401399854
 31
0.0
  0
LINE
  5
A32
330
17
100
AcDbEntity
  8
IV_INTERIOR_PROFILES
100
AcDbLine
 10
1387.1
 20
-498.49644401399854
 30
0.0
 11
1387.1
 21
-483.49644401399854
 31
0.0
  0
LINE
  5
A33
330
17
100
AcDbEntity
  8
IV_INTERIOR_PROFILES
100
AcDbLine
 10
1387.5
 20
-498.49644401399854
 30
0.0
 11
1387.1
 21
-498.49644401399854
 31
0.0
  0
LINE
  5
A34
330
17
100
AcDbEntity
  8
IV_INTERIOR_PROFILES
100
AcDbLine
 10
1387.5
 20
-483.49644401399854
 30
0.0
 11
1387.5
 21
-498.49644401399854
 31
0.0
  0
LINE
  5
A35
330
17
100
AcDbEntity
  8
IV_INTERIOR_PROFILES
100
AcDbLine
 10
1396.1
 20
-483.49644401399854
 30
0.0
 11
1396.5
 21
-483.49644401399854
 31
0.0
  0
LINE
  5
A36
330
17
100
AcDbEntity
  8
IV_INTERIOR_PROFILES
100
AcDbLine
 10
1396.1
 20
-498.49644401399854
 30
0.0
 11
1396.1
 21
-483.49644401399854
 31
0.0
  0
LINE
  5
A37
330
17
100
AcDbEntity
  8
IV_INTERIOR_PROFILES
100
AcDbLine
 10
1396.5
 20
-498.49644401399854
 30
0.0
 11
1396.1
 21
-498.49644401399854
 31
0.0
  0
LINE
  5
A38
330
17
100
AcDbEntity
  8
IV_INTERIOR_PROFILES
100
AcDbLine
 10
1396.5
 20
-483.49644401399854
 30
0.0
 11
1396.5
 21
-498.49644401399854
 31
0.0
  0
LINE
  5
A39
330
17
100
AcDbEntity
  8
IV_INTERIOR_PROFILES
100
AcDbLine
 10
1405.1
 20
-483.49644401399854
 30
0.0
 11
1405.5
 21
-483.49644401399854
 31
0.0
  0
LINE
  5
A3A
330
17
100
AcDbEntity
  8
IV_INTERIOR_PROFILES
100
AcDbLine
 10
1405.1
 20
-498.49644401399854
 30
0.0
 11
1405.1
 21
-483.49644401399854
 31
0.0
  0
LINE
  5
A3B
330
17
100
AcDbEntity
  8
IV_INTERIOR_PROFILES
100
AcDbLine
 10
1405.5
 20
-498.49644401399854
 30
0.0
 11
1405.1
 21
-498.49644401399854
 31
0.0
  0
LINE
  5
A3C
330
17
100
AcDbEntity
  8
IV_INTERIOR_PROFILES
100
AcDbLine
 10
1405.5
 20
-483.49644401399854
 30
0.0
 11
1405.5
 21
-498.49644401399854
 31
0.0
  0
LINE
  5
A3D
330
17
100
AcDbEntity
  8
IV_INTERIOR_PROFILES
100
AcDbLine
 10
1414.1
 20
-483.49644401399854
 30
0.0
 11
1414.5
 21
-483.49644401399854
 31
0.0
  0
LINE
  5
A3E
330
17
100
AcDbEntity
  8
IV_INTERIOR_PROFILES
100
AcDbLine
 10
1414.1
 20
-498.49644401399854
 30
0.0
 11
1414.1
 21
-483.49644401399854
 31
0.0
  0
LINE
  5
A3F
330
17
100
AcDbEntity
  8
IV_INTERIOR_PROFILES
100
AcDbLine
 10
1414.5
 20
-498.49644401399854
 30
0.0
 11
1414.1
 21
-498.49644401399854
 31
0.0
  0
LINE
  5
A40
330
17
100
AcDbEntity
  8
IV_INTERIOR_PROFILES
100
AcDbLine
 10
1414.5
 20
-483.49644401399854
 30
0.0
 11
1414.5
 21
-498.49644401399854
 31
0.0
  0
LINE
  5
A41
330
17
100
AcDbEntity
  8
IV_INTERIOR_PROFILES
100
AcDbLine
 10
1423.1
 20
-483.49644401399854
 30
0.0
 11
1423.5
 21
-483.49644401399854
 31
0.0
  0
LINE
  5
A42
330
17
100
AcDbEntity
  8
IV_INTERIOR_PROFILES
100
AcDbLine
 10
1423.1
 20
-498.49644401399854
 30
0.0
 11
1423.1
 21
-483.49644401399854
 31
0.0
  0
LINE
  5
A43
330
17
100
AcDbEntity
  8
IV_INTERIOR_PROFILES
100
AcDbLine
 10
1423.5
 20
-498.49644401399854
 30
0.0
 11
1423.1
 21
-498.49644401399854
 31
0.0
  0
LINE
  5
A44
330
17
100
AcDbEntity
  8
IV_INTERIOR_PROFILES
100
AcDbLine
 10
1423.5
 20
-483.49644401399854
 30
0.0
 11
1423.5
 21
-498.49644401399854
 31
0.0
  0
LINE
  5
A45
330
17
100
AcDbEntity
  8
IV_INTERIOR_PROFILES
100
AcDbLine
 10
1432.1
 20
-483.49644401399854
 30
0.0
 11
1432.5
 21
-483.49644401399854
 31
0.0
  0
LINE
  5
A46
330
17
100
AcDbEntity
  8
IV_INTERIOR_PROFILES
100
AcDbLine
 10
1432.1
 20
-498.49644401399854
 30
0.0
 11
1432.1
 21
-483.49644401399854
 31
0.0
  0
LINE
  5
A47
330
17
100
AcDbEntity
  8
IV_INTERIOR_PROFILES
100
AcDbLine
 10
1432.5
 20
-498.49644401399854
 30
0.0
 11
1432.1
 21
-498.49644401399854
 31
0.0
  0
LINE
  5
A48
330
17
100
AcDbEntity
  8
IV_INTERIOR_PROFILES
100
AcDbLine
 10
1432.5
 20
-483.49644401399854
 30
0.0
 11
1432.5
 21
-498.49644401399854
 31
0.0
  0
LINE
  5
A49
330
17
100
AcDbEntity
  8
IV_INTERIOR_PROFILES
100
AcDbLine
 10
1441.1
 20
-483.49644401399854
 30
0.0
 11
1441.5
 21
-483.49644401399854
 31
0.0
  0
LINE
  5
A4A
330
17
100
AcDbEntity
  8
IV_INTERIOR_PROFILES
100
AcDbLine
 10
1441.1
 20
-498.49644401399854
 30
0.0
 11
1441.1
 21
-483.49644401399854
 31
0.0
  0
LINE
  5
A4B
330
17
100
AcDbEntity
  8
IV_INTERIOR_PROFILES
100
AcDbLine
 10
1441.5
 20
-498.49644401399854
 30
0.0
 11
1441.1
 21
-498.49644401399854
 31
0.0
  0
LINE
  5
A4C
330
17
100
AcDbEntity
  8
IV_INTERIOR_PROFILES
100
AcDbLine
 10
1441.5
 20
-483.49644401399854
 30
0.0
 11
1441.5
 21
-498.49644401399854
 31
0.0
  0
LINE
  5
A4D
330
17
100
AcDbEntity
  8
IV_INTERIOR_PROFILES
100
AcDbLine
 10
1450.1
 20
-483.49644401399854
 30
0.0
 11
1450.5
 21
-483.49644401399854
 31
0.0
  0
LINE
  5
A4E
330
17
100
AcDbEntity
  8
IV_INTERIOR_PROFILES
100
AcDbLine
 10
1450.1
 20
-498.49644401399854
 30
0.0
 11
1450.1
 21
-483.49644401399854
 31
0.0
  0
LINE
  5
A4F
330
17
100
AcDbEntity
  8
IV_INTERIOR_PROFILES
100
AcDbLine
 10
1450.5
 20
-498.49644401399854
 30
0.0
 11
1450.1
 21
-498.49644401399854
 31
0.0
  0
LINE
  5
A50
330
17
100
AcDbEntity
  8
IV_INTERIOR_PROFILES
100
AcDbLine
 10
1450.5
 20
-483.49644401399854
 30
0.0
 11
1450.5
 21
-498.49644401399854
 31
0.0
  0
LINE
  5
A51
330
17
100
AcDbEntity
  8
IV_INTERIOR_PROFILES
100
AcDbLine
 10
1459.1
 20
-483.49644401399854
 30
0.0
 11
1459.5
 21
-483.49644401399854
 31
0.0
  0
LINE
  5
A52
330
17
100
AcDbEntity
  8
IV_INTERIOR_PROFILES
100
AcDbLine
 10
1459.1
 20
-498.49644401399854
 30
0.0
 11
1459.1
 21
-483.49644401399854
 31
0.0
  0
LINE
  5
A53
330
17
100
AcDbEntity
  8
IV_INTERIOR_PROFILES
100
AcDbLine
 10
1459.5
 20
-498.49644401399854
 30
0.0
 11
1459.1
 21
-498.49644401399854
 31
0.0
  0
LINE
  5
A54
330
17
100
AcDbEntity
  8
IV_INTERIOR_PROFILES
100
AcDbLine
 10
1459.5
 20
-483.49644401399854
 30
0.0
 11
1459.5
 21
-498.49644401399854
 31
0.0
  0
LINE
  5
A55
330
17
100
AcDbEntity
  8
IV_INTERIOR_PROFILES
100
AcDbLine
 10
1468.1
 20
-483.49644401399854
 30
0.0
 11
1468.5
 21
-483.49644401399854
 31
0.0
  0
LINE
  5
A56
330
17
100
AcDbEntity
  8
IV_INTERIOR_PROFILES
100
AcDbLine
 10
1468.1
 20
-498.49644401399854
 30
0.0
 11
1468.1
 21
-483.49644401399854
 31
0.0
  0
LINE
  5
A57
330
17
100
AcDbEntity
  8
IV_INTERIOR_PROFILES
100
AcDbLine
 10
1468.5
 20
-498.49644401399854
 30
0.0
 11
1468.1
 21
-498.49644401399854
 31
0.0
  0
LINE
  5
A58
330
17
100
AcDbEntity
  8
IV_INTERIOR_PROFILES
100
AcDbLine
 10
1468.5
 20
-483.49644401399854
 30
0.0
 11
1468.5
 21
-498.49644401399854
 31
0.0
  0
LINE
  5
A59
330
17
100
AcDbEntity
  8
IV_INTERIOR_PROFILES
100
AcDbLine
 10
1477.1
 20
-483.49644401399854
 30
0.0
 11
1477.5
 21
-483.49644401399854
 31
0.0
  0
LINE
  5
A5A
330
17
100
AcDbEntity
  8
IV_INTERIOR_PROFILES
100
AcDbLine
 10
1477.1
 20
-498.49644401399854
 30
0.0
 11
1477.1
 21
-483.49644401399854
 31
0.0
  0
LINE
  5
A5B
330
17
100
AcDbEntity
  8
IV_INTERIOR_PROFILES
100
AcDbLine
 10
1477.5
 20
-498.49644401399854
 30
0.0
 11
1477.1
 21
-498.49644401399854
 31
0.0
  0
LINE
  5
A5C
330
17
100
AcDbEntity
  8
IV_INTERIOR_PROFILES
100
AcDbLine
 10
1477.5
 20
-483.49644401399854
 30
0.0
 11
1477.5
 21
-498.49644401399854
 31
0.0
  0
LINE
  5
A5D
330
17
100
AcDbEntity
  8
IV_INTERIOR_PROFILES
100
AcDbLine
 10
1486.1
 20
-483.49644401399854
 30
0.0
 11
1486.5
 21
-483.49644401399854
 31
0.0
  0
LINE
  5
A5E
330
17
100
AcDbEntity
  8
IV_INTERIOR_PROFILES
100
AcDbLine
 10
1486.1
 20
-498.4964440139986
 30
0.0
 11
1486.1
 21
-483.49644401399854
 31
0.0
  0
LINE
  5
A5F
330
17
100
AcDbEntity
  8
IV_INTERIOR_PROFILES
100
AcDbLine
 10
1486.5
 20
-498.4964440139986
 30
0.0
 11
1486.1
 21
-498.4964440139986
 31
0.0
  0
LINE
  5
A60
330
17
100
AcDbEntity
  8
IV_INTERIOR_PROFILES
100
AcDbLine
 10
1486.5
 20
-483.49644401399854
 30
0.0
 11
1486.5
 21
-498.4964440139986
 31
0.0
  0
LINE
  5
A61
330
17
100
AcDbEntity
  8
IV_INTERIOR_PROFILES
100
AcDbLine
 10
1495.1
 20
-483.49644401399854
 30
0.0
 11
1495.5
 21
-483.49644401399854
 31
0.0
  0
LINE
  5
A62
330
17
100
AcDbEntity
  8
IV_INTERIOR_PROFILES
100
AcDbLine
 10
1495.1
 20
-498.4964440139986
 30
0.0
 11
1495.1
 21
-483.49644401399854
 31
0.0
  0
LINE
  5
A63
330
17
100
AcDbEntity
  8
IV_INTERIOR_PROFILES
100
AcDbLine
 10
1495.5
 20
-498.4964440139986
 30
0.0
 11
1495.1
 21
-498.4964440139986
 31
0.0
  0
LINE
  5
A64
330
17
100
AcDbEntity
  8
IV_INTERIOR_PROFILES
100
AcDbLine
 10
1495.5
 20
-483.49644401399854
 30
0.0
 11
1495.5
 21
-498.4964440139986
 31
0.0
  0
LINE
  5
A65
330
17
100
AcDbEntity
  8
IV_INTERIOR_PROFILES
100
AcDbLine
 10
1504.1
 20
-483.49644401399854
 30
0.0
 11
1504.5
 21
-483.49644401399854
 31
0.0
  0
LINE
  5
A66
330
17
100
AcDbEntity
  8
IV_INTERIOR_PROFILES
100
AcDbLine
 10
1504.1
 20
-498.4964440139986
 30
0.0
 11
1504.1
 21
-483.49644401399854
 31
0.0
  0
LINE
  5
A67
330
17
100
AcDbEntity
  8
IV_INTERIOR_PROFILES
100
AcDbLine
 10
1504.5
 20
-498.4964440139986
 30
0.0
 11
1504.1
 21
-498.4964440139986
 31
0.0
  0
LINE
  5
A68
330
17
100
AcDbEntity
  8
IV_INTERIOR_PROFILES
100
AcDbLine
 10
1504.5
 20
-483.49644401399854
 30
0.0
 11
1504.5
 21
-498.4964440139986
 31
0.0
  0
LINE
  5
A69
330
17
100
AcDbEntity
  8
IV_INTERIOR_PROFILES
100
AcDbLine
 10
1513.1
 20
-483.49644401399854
 30
0.0
 11
1513.5
 21
-483.49644401399854
 31
0.0
  0
LINE
  5
A6A
330
17
100
AcDbEntity
  8
IV_INTERIOR_PROFILES
100
AcDbLine
 10
1513.1
 20
-498.4964440139986
 30
0.0
 11
1513.1
 21
-483.49644401399854
 31
0.0
  0
LINE
  5
A6B
330
17
100
AcDbEntity
  8
IV_INTERIOR_PROFILES
100
AcDbLine
 10
1513.5
 20
-498.4964440139986
 30
0.0
 11
1513.1
 21
-498.4964440139986
 31
0.0
  0
LINE
  5
A6C
330
17
100
AcDbEntity
  8
IV_INTERIOR_PROFILES
100
AcDbLine
 10
1513.5
 20
-483.49644401399854
 30
0.0
 11
1513.5
 21
-498.4964440139986
 31
0.0
  0
LINE
  5
A6D
330
17
100
AcDbEntity
  8
IV_INTERIOR_PROFILES
100
AcDbLine
 10
1522.1
 20
-483.49644401399854
 30
0.0
 11
1522.5
 21
-483.49644401399854
 31
0.0
  0
LINE
  5
A6E
330
17
100
AcDbEntity
  8
IV_INTERIOR_PROFILES
100
AcDbLine
 10
1522.1
 20
-498.4964440139986
 30
0.0
 11
1522.1
 21
-483.49644401399854
 31
0.0
  0
LINE
  5
A6F
330
17
100
AcDbEntity
  8
IV_INTERIOR_PROFILES
100
AcDbLine
 10
1522.5
 20
-498.4964440139986
 30
0.0
 11
1522.1
 21
-498.4964440139986
 31
0.0
  0
LINE
  5
A70
330
17
100
AcDbEntity
  8
IV_INTERIOR_PROFILES
100
AcDbLine
 10
1522.5
 20
-483.49644401399854
 30
0.0
 11
1522.5
 21
-498.4964440139986
 31
0.0
  0
LINE
  5
A71
330
17
100
AcDbEntity
  8
IV_INTERIOR_PROFILES
100
AcDbLine
 10
1531.1
 20
-483.4964440139986
 30
0.0
 11
1531.5
 21
-483.4964440139986
 31
0.0
  0
LINE
  5
A72
330
17
100
AcDbEntity
  8
IV_INTERIOR_PROFILES
100
AcDbLine
 10
1531.1
 20
-498.4964440139986
 30
0.0
 11
1531.1
 21
-483.4964440139986
 31
0.0
  0
LINE
  5
A73
330
17
100
AcDbEntity
  8
IV_INTERIOR_PROFILES
100
AcDbLine
 10
1531.5
 20
-498.4964440139986
 30
0.0
 11
1531.1
 21
-498.4964440139986
 31
0.0
  0
LINE
  5
A74
330
17
100
AcDbEntity
  8
IV_INTERIOR_PROFILES
100
AcDbLine
 10
1531.5
 20
-483.4964440139986
 30
0.0
 11
1531.5
 21
-498.4964440139986
 31
0.0
  0
LINE
  5
A75
330
17
100
AcDbEntity
  8
IV_INTERIOR_PROFILES
100
AcDbLine
 10
1540.1
 20
-483.4964440139986
 30
0.0
 11
1540.5
 21
-483.4964440139986
 31
0.0
  0
LINE
  5
A76
330
17
100
AcDbEntity
  8
IV_INTERIOR_PROFILES
100
AcDbLine
 10
1540.1
 20
-498.4964440139986
 30
0.0
 11
1540.1
 21
-483.4964440139986
 31
0.0
  0
LINE
  5
A77
330
17
100
AcDbEntity
  8
IV_INTERIOR_PROFILES
100
AcDbLine
 10
1540.5
 20
-498.4964440139986
 30
0.0
 11
1540.1
 21
-498.4964440139986
 31
0.0
  0
LINE
  5
A78
330
17
100
AcDbEntity
  8
IV_INTERIOR_PROFILES
100
AcDbLine
 10
1540.5
 20
-483.4964440139986
 30
0.0
 11
1540.5
 21
-498.4964440139986
 31
0.0
  0
LINE
  5
A79
330
17
100
AcDbEntity
  8
IV_INTERIOR_PROFILES
100
AcDbLine
 10
1549.1
 20
-483.4964440139986
 30
0.0
 11
1549.5
 21
-483.4964440139986
 31
0.0
  0
LINE
  5
A7A
330
17
100
AcDbEntity
  8
IV_INTERIOR_PROFILES
100
AcDbLine
 10
1549.1
 20
-498.4964440139986
 30
0.0
 11
1549.1
 21
-483.4964440139986
 31
0.0
  0
LINE
  5
A7B
330
17
100
AcDbEntity
  8
IV_INTERIOR_PROFILES
100
AcDbLine
 10
1549.5
 20
-498.4964440139986
 30
0.0
 11
1549.1
 21
-498.4964440139986
 31
0.0
  0
LINE
  5
A7C
330
17
100
AcDbEntity
  8
IV_INTERIOR_PROFILES
100
AcDbLine
 10
1549.5
 20
-483.4964440139986
 30
0.0
 11
1549.5
 21
-498.4964440139986
 31
0.0
  0
LINE
  5
A7D
330
17
100
AcDbEntity
  8
IV_INTERIOR_PROFILES
100
AcDbLine
 10
1558.1
 20
-483.4964440139986
 30
0.0
 11
1558.5
 21
-483.4964440139986
 31
0.0
  0
LINE
  5
A7E
330
17
100
AcDbEntity
  8
IV_INTERIOR_PROFILES
100
AcDbLine
 10
1558.1
 20
-498.4964440139986
 30
0.0
 11
1558.1
 21
-483.4964440139986
 31
0.0
  0
LINE
  5
A7F
330
17
100
AcDbEntity
  8
IV_INTERIOR_PROFILES
100
AcDbLine
 10
1558.5
 20
-498.4964440139986
 30
0.0
 11
1558.1
 21
-498.4964440139986
 31
0.0
  0
LINE
  5
A80
330
17
100
AcDbEntity
  8
IV_INTERIOR_PROFILES
100
AcDbLine
 10
1558.5
 20
-483.4964440139986
 30
0.0
 11
1558.5
 21
-498.4964440139986
 31
0.0
  0
LINE
  5
A81
330
17
100
AcDbEntity
  8
IV_INTERIOR_PROFILES
100
AcDbLine
 10
1567.1
 20
-483.4964440139986
 30
0.0
 11
1567.5
 21
-483.4964440139986
 31
0.0
  0
LINE
  5
A82
330
17
100
AcDbEntity
  8
IV_INTERIOR_PROFILES
100
AcDbLine
 10
1567.1
 20
-498.4964440139986
 30
0.0
 11
1567.1
 21
-483.4964440139986
 31
0.0
  0
LINE
  5
A83
330
17
100
AcDbEntity
  8
IV_INTERIOR_PROFILES
100
AcDbLine
 10
1567.5
 20
-498.4964440139986
 30
0.0
 11
1567.1
 21
-498.4964440139986
 31
0.0
  0
LINE
  5
A84
330
17
100
AcDbEntity
  8
IV_INTERIOR_PROFILES
100
AcDbLine
 10
1567.5
 20
-483.4964440139986
 30
0.0
 11
1567.5
 21
-498.4964440139986
 31
0.0
  0
LINE
  5
A85
330
17
100
AcDbEntity
  8
IV_INTERIOR_PROFILES
100
AcDbLine
 10
1576.1
 20
-483.4964440139986
 30
0.0
 11
1576.5
 21
-483.4964440139986
 31
0.0
  0
LINE
  5
A86
330
17
100
AcDbEntity
  8
IV_INTERIOR_PROFILES
100
AcDbLine
 10
1576.1
 20
-498.4964440139986
 30
0.0
 11
1576.1
 21
-483.4964440139986
 31
0.0
  0
LINE
  5
A87
330
17
100
AcDbEntity
  8
IV_INTERIOR_PROFILES
100
AcDbLine
 10
1576.5
 20
-498.4964440139986
 30
0.0
 11
1576.1
 21
-498.4964440139986
 31
0.0
  0
LINE
  5
A88
330
17
100
AcDbEntity
  8
IV_INTERIOR_PROFILES
100
AcDbLine
 10
1576.5
 20
-483.4964440139986
 30
0.0
 11
1576.5
 21
-498.4964440139986
 31
0.0
  0
LINE
  5
A89
330
17
100
AcDbEntity
  8
IV_INTERIOR_PROFILES
100
AcDbLine
 10
1585.1
 20
-483.4964440139986
 30
0.0
 11
1585.5
 21
-483.4964440139986
 31
0.0
  0
LINE
  5
A8A
330
17
100
AcDbEntity
  8
IV_INTERIOR_PROFILES
100
AcDbLine
 10
1585.1
 20
-498.4964440139986
 30
0.0
 11
1585.1
 21
-483.4964440139986
 31
0.0
  0
LINE
  5
A8B
330
17
100
AcDbEntity
  8
IV_INTERIOR_PROFILES
100
AcDbLine
 10
1585.5
 20
-498.4964440139986
 30
0.0
 11
1585.1
 21
-498.4964440139986
 31
0.0
  0
LINE
  5
A8C
330
17
100
AcDbEntity
  8
IV_INTERIOR_PROFILES
100
AcDbLine
 10
1585.5
 20
-483.4964440139986
 30
0.0
 11
1585.5
 21
-498.4964440139986
 31
0.0
  0
LINE
  5
A8D
330
17
100
AcDbEntity
  8
IV_INTERIOR_PROFILES
100
AcDbLine
 10
1594.1
 20
-483.4964440139986
 30
0.0
 11
1594.5
 21
-483.4964440139986
 31
0.0
  0
LINE
  5
A8E
330
17
100
AcDbEntity
  8
IV_INTERIOR_PROFILES
100
AcDbLine
 10
1594.1
 20
-498.4964440139986
 30
0.0
 11
1594.1
 21
-483.4964440139986
 31
0.0
  0
LINE
  5
A8F
330
17
100
AcDbEntity
  8
IV_INTERIOR_PROFILES
100
AcDbLine
 10
1594.5
 20
-498.4964440139986
 30
0.0
 11
1594.1
 21
-498.4964440139986
 31
0.0
  0
LINE
  5
A90
330
17
100
AcDbEntity
  8
IV_INTERIOR_PROFILES
100
AcDbLine
 10
1594.5
 20
-483.4964440139986
 30
0.0
 11
1594.5
 21
-498.4964440139986
 31
0.0
  0
LINE
  5
A91
330
17
100
AcDbEntity
  8
IV_INTERIOR_PROFILES
100
AcDbLine
 10
1603.1
 20
-483.4964440139986
 30
0.0
 11
1603.5
 21
-483.4964440139986
 31
0.0
  0
LINE
  5
A92
330
17
100
AcDbEntity
  8
IV_INTERIOR_PROFILES
100
AcDbLine
 10
1603.1
 20
-498.4964440139986
 30
0.0
 11
1603.1
 21
-483.4964440139986
 31
0.0
  0
LINE
  5
A93
330
17
100
AcDbEntity
  8
IV_INTERIOR_PROFILES
100
AcDbLine
 10
1603.5
 20
-498.4964440139986
 30
0.0
 11
1603.1
 21
-498.4964440139986
 31
0.0
  0
LINE
  5
A94
330
17
100
AcDbEntity
  8
IV_INTERIOR_PROFILES
100
AcDbLine
 10
1603.5
 20
-483.4964440139986
 30
0.0
 11
1603.5
 21
-498.4964440139986
 31
0.0
  0
LINE
  5
A95
330
17
100
AcDbEntity
  8
IV_INTERIOR_PROFILES
100
AcDbLine
 10
1612.1
 20
-483.4964440139986
 30
0.0
 11
1612.5
 21
-483.4964440139986
 31
0.0
  0
LINE
  5
A96
330
17
100
AcDbEntity
  8
IV_INTERIOR_PROFILES
100
AcDbLine
 10
1612.1
 20
-498.4964440139986
 30
0.0
 11
1612.1
 21
-483.4964440139986
 31
0.0
  0
LINE
  5
A97
330
17
100
AcDbEntity
  8
IV_INTERIOR_PROFILES
100
AcDbLine
 10
1612.5
 20
-498.4964440139986
 30
0.0
 11
1612.1
 21
-498.4964440139986
 31
0.0
  0
LINE
  5
A98
330
17
100
AcDbEntity
  8
IV_INTERIOR_PROFILES
100
AcDbLine
 10
1612.5
 20
-483.4964440139986
 30
0.0
 11
1612.5
 21
-498.4964440139986
 31
0.0
  0
LINE
  5
A99
330
17
100
AcDbEntity
  8
IV_INTERIOR_PROFILES
100
AcDbLine
 10
1621.1
 20
-483.4964440139986
 30
0.0
 11
1621.5
 21
-483.4964440139986
 31
0.0
  0
LINE
  5
A9A
330
17
100
AcDbEntity
  8
IV_INTERIOR_PROFILES
100
AcDbLine
 10
1621.1
 20
-498.4964440139986
 30
0.0
 11
1621.1
 21
-483.4964440139986
 31
0.0
  0
LINE
  5
A9B
330
17
100
AcDbEntity
  8
IV_INTERIOR_PROFILES
100
AcDbLine
 10
1621.5
 20
-498.4964440139986
 30
0.0
 11
1621.1
 21
-498.4964440139986
 31
0.0
  0
LINE
  5
A9C
330
17
100
AcDbEntity
  8
IV_INTERIOR_PROFILES
100
AcDbLine
 10
1621.5
 20
-483.4964440139986
 30
0.0
 11
1621.5
 21
-498.4964440139986
 31
0.0
  0
LINE
  5
A9D
330
17
100
AcDbEntity
  8
IV_INTERIOR_PROFILES
100
AcDbLine
 10
1630.1
 20
-483.4964440139986
 30
0.0
 11
1630.5
 21
-483.4964440139986
 31
0.0
  0
LINE
  5
A9E
330
17
100
AcDbEntity
  8
IV_INTERIOR_PROFILES
100
AcDbLine
 10
1630.1
 20
-498.4964440139986
 30
0.0
 11
1630.1
 21
-483.4964440139986
 31
0.0
  0
LINE
  5
A9F
330
17
100
AcDbEntity
  8
IV_INTERIOR_PROFILES
100
AcDbLine
 10
1630.5
 20
-498.4964440139986
 30
0.0
 11
1630.1
 21
-498.4964440139986
 31
0.0
  0
LINE
  5
AA0
330
17
100
AcDbEntity
  8
IV_INTERIOR_PROFILES
100
AcDbLine
 10
1630.5
 20
-483.4964440139986
 30
0.0
 11
1630.5
 21
-498.4964440139986
 31
0.0
  0
LINE
  5
AA1
330
17
100
AcDbEntity
  8
IV_INTERIOR_PROFILES
100
AcDbLine
 10
1639.1
 20
-483.4964440139986
 30
0.0
 11
1639.5
 21
-483.4964440139986
 31
0.0
  0
LINE
  5
AA2
330
17
100
AcDbEntity
  8
IV_INTERIOR_PROFILES
100
AcDbLine
 10
1639.1
 20
-498.4964440139986
 30
0.0
 11
1639.1
 21
-483.4964440139986
 31
0.0
  0
LINE
  5
AA3
330
17
100
AcDbEntity
  8
IV_INTERIOR_PROFILES
100
AcDbLine
 10
1639.5
 20
-498.4964440139986
 30
0.0
 11
1639.1
 21
-498.4964440139986
 31
0.0
  0
LINE
  5
AA4
330
17
100
AcDbEntity
  8
IV_INTERIOR_PROFILES
100
AcDbLine
 10
1639.5
 20
-483.4964440139986
 30
0.0
 11
1639.5
 21
-498.4964440139986
 31
0.0
  0
LINE
  5
AA5
330
17
100
AcDbEntity
  8
IV_INTERIOR_PROFILES
100
AcDbLine
 10
1648.1
 20
-483.4964440139986
 30
0.0
 11
1648.5
 21
-483.4964440139986
 31
0.0
  0
LINE
  5
AA6
330
17
100
AcDbEntity
  8
IV_INTERIOR_PROFILES
100
AcDbLine
 10
1648.1
 20
-498.4964440139986
 30
0.0
 11
1648.1
 21
-483.4964440139986
 31
0.0
  0
LINE
  5
AA7
330
17
100
AcDbEntity
  8
IV_INTERIOR_PROFILES
100
AcDbLine
 10
1648.5
 20
-498.4964440139986
 30
0.0
 11
1648.1
 21
-498.4964440139986
 31
0.0
  0
LINE
  5
AA8
330
17
100
AcDbEntity
  8
IV_INTERIOR_PROFILES
100
AcDbLine
 10
1648.5
 20
-483.4964440139986
 30
0.0
 11
1648.5
 21
-498.4964440139986
 31
0.0
  0
LINE
  5
AA9
330
17
100
AcDbEntity
  8
IV_INTERIOR_PROFILES
100
AcDbLine
 10
1657.1
 20
-483.4964440139986
 30
0.0
 11
1657.5
 21
-483.4964440139986
 31
0.0
  0
LINE
  5
AAA
330
17
100
AcDbEntity
  8
IV_INTERIOR_PROFILES
100
AcDbLine
 10
1657.1
 20
-498.4964440139986
 30
0.0
 11
1657.1
 21
-483.4964440139986
 31
0.0
  0
LINE
  5
AAB
330
17
100
AcDbEntity
  8
IV_INTERIOR_PROFILES
100
AcDbLine
 10
1657.5
 20
-498.4964440139986
 30
0.0
 11
1657.1
 21
-498.4964440139986
 31
0.0
  0
LINE
  5
AAC
330
17
100
AcDbEntity
  8
IV_INTERIOR_PROFILES
100
AcDbLine
 10
1657.5
 20
-483.4964440139986
 30
0.0
 11
1657.5
 21
-498.4964440139986
 31
0.0
  0
LINE
  5
AAD
330
17
100
AcDbEntity
  8
IV_INTERIOR_PROFILES
100
AcDbLine
 10
1666.1
 20
-483.4964440139986
 30
0.0
 11
1666.5
 21
-483.4964440139986
 31
0.0
  0
LINE
  5
AAE
330
17
100
AcDbEntity
  8
IV_INTERIOR_PROFILES
100
AcDbLine
 10
1666.1
 20
-498.4964440139986
 30
0.0
 11
1666.1
 21
-483.4964440139986
 31
0.0
  0
LINE
  5
AAF
330
17
100
AcDbEntity
  8
IV_INTERIOR_PROFILES
100
AcDbLine
 10
1666.5
 20
-498.4964440139986
 30
0.0
 11
1666.1
 21
-498.4964440139986
 31
0.0
  0
LINE
  5
AB0
330
17
100
AcDbEntity
  8
IV_INTERIOR_PROFILES
100
AcDbLine
 10
1666.5
 20
-483.4964440139986
 30
0.0
 11
1666.5
 21
-498.4964440139986
 31
0.0
  0
LINE
  5
AB1
330
17
100
AcDbEntity
  8
IV_INTERIOR_PROFILES
100
AcDbLine
 10
1675.1
 20
-483.4964440139986
 30
0.0
 11
1675.5
 21
-483.4964440139986
 31
0.0
  0
LINE
  5
AB2
330
17
100
AcDbEntity
  8
IV_INTERIOR_PROFILES
100
AcDbLine
 10
1675.1
 20
-498.4964440139986
 30
0.0
 11
1675.1
 21
-483.4964440139986
 31
0.0
  0
LINE
  5
AB3
330
17
100
AcDbEntity
  8
IV_INTERIOR_PROFILES
100
AcDbLine
 10
1675.5
 20
-498.4964440139986
 30
0.0
 11
1675.1
 21
-498.4964440139986
 31
0.0
  0
LINE
  5
AB4
330
17
100
AcDbEntity
  8
IV_INTERIOR_PROFILES
100
AcDbLine
 10
1675.5
 20
-483.4964440139986
 30
0.0
 11
1675.5
 21
-498.4964440139986
 31
0.0
  0
LINE
  5
AB5
330
17
100
AcDbEntity
  8
IV_INTERIOR_PROFILES
100
AcDbLine
 10
1684.1
 20
-483.4964440139986
 30
0.0
 11
1684.5
 21
-483.4964440139986
 31
0.0
  0
LINE
  5
AB6
330
17
100
AcDbEntity
  8
IV_INTERIOR_PROFILES
100
AcDbLine
 10
1684.1
 20
-498.4964440139986
 30
0.0
 11
1684.1
 21
-483.4964440139986
 31
0.0
  0
LINE
  5
AB7
330
17
100
AcDbEntity
  8
IV_INTERIOR_PROFILES
100
AcDbLine
 10
1684.5
 20
-498.4964440139986
 30
0.0
 11
1684.1
 21
-498.4964440139986
 31
0.0
  0
LINE
  5
AB8
330
17
100
AcDbEntity
  8
IV_INTERIOR_PROFILES
100
AcDbLine
 10
1684.5
 20
-483.4964440139986
 30
0.0
 11
1684.5
 21
-498.4964440139986
 31
0.0
  0
LINE
  5
AB9
330
17
100
AcDbEntity
  8
IV_INTERIOR_PROFILES
100
AcDbLine
 10
1693.1
 20
-483.4964440139986
 30
0.0
 11
1693.5
 21
-483.4964440139986
 31
0.0
  0
LINE
  5
ABA
330
17
100
AcDbEntity
  8
IV_INTERIOR_PROFILES
100
AcDbLine
 10
1693.1
 20
-498.4964440139986
 30
0.0
 11
1693.1
 21
-483.4964440139986
 31
0.0
  0
LINE
  5
ABB
330
17
100
AcDbEntity
  8
IV_INTERIOR_PROFILES
100
AcDbLine
 10
1693.5
 20
-498.4964440139986
 30
0.0
 11
1693.1
 21
-498.4964440139986
 31
0.0
  0
LINE
  5
ABC
330
17
100
AcDbEntity
  8
IV_INTERIOR_PROFILES
100
AcDbLine
 10
1693.5
 20
-483.4964440139986
 30
0.0
 11
1693.5
 21
-498.4964440139986
 31
0.0
  0
LINE
  5
ABD
330
17
100
AcDbEntity
  8
IV_INTERIOR_PROFILES
100
AcDbLine
 10
1702.1
 20
-483.4964440139986
 30
0.0
 11
1702.5
 21
-483.4964440139986
 31
0.0
  0
LINE
  5
ABE
330
17
100
AcDbEntity
  8
IV_INTERIOR_PROFILES
100
AcDbLine
 10
1702.1
 20
-498.4964440139986
 30
0.0
 11
1702.1
 21
-483.4964440139986
 31
0.0
  0
LINE
  5
ABF
330
17
100
AcDbEntity
  8
IV_INTERIOR_PROFILES
100
AcDbLine
 10
1702.5
 20
-498.4964440139986
 30
0.0
 11
1702.1
 21
-498.4964440139986
 31
0.0
  0
LINE
  5
AC0
330
17
100
AcDbEntity
  8
IV_INTERIOR_PROFILES
100
AcDbLine
 10
1702.5
 20
-483.4964440139986
 30
0.0
 11
1702.5
 21
-498.4964440139986
 31
0.0
  0
LINE
  5
AC1
330
17
100
AcDbEntity
  8
IV_INTERIOR_PROFILES
100
AcDbLine
 10
1711.1
 20
-483.4964440139986
 30
0.0
 11
1711.5
 21
-483.4964440139986
 31
0.0
  0
LINE
  5
AC2
330
17
100
AcDbEntity
  8
IV_INTERIOR_PROFILES
100
AcDbLine
 10
1711.1
 20
-498.4964440139986
 30
0.0
 11
1711.1
 21
-483.4964440139986
 31
0.0
  0
LINE
  5
AC3
330
17
100
AcDbEntity
  8
IV_INTERIOR_PROFILES
100
AcDbLine
 10
1711.5
 20
-498.4964440139986
 30
0.0
 11
1711.1
 21
-498.4964440139986
 31
0.0
  0
LINE
  5
AC4
330
17
100
AcDbEntity
  8
IV_INTERIOR_PROFILES
100
AcDbLine
 10
1711.5
 20
-483.4964440139986
 30
0.0
 11
1711.5
 21
-498.4964440139986
 31
0.0
  0
LINE
  5
AC5
330
17
100
AcDbEntity
  8
IV_INTERIOR_PROFILES
100
AcDbLine
 10
1720.1
 20
-483.4964440139986
 30
0.0
 11
1720.5
 21
-483.4964440139986
 31
0.0
  0
LINE
  5
AC6
330
17
100
AcDbEntity
  8
IV_INTERIOR_PROFILES
100
AcDbLine
 10
1720.1
 20
-498.49644401399866
 30
0.0
 11
1720.1
 21
-483.4964440139986
 31
0.0
  0
LINE
  5
AC7
330
17
100
AcDbEntity
  8
IV_INTERIOR_PROFILES
100
AcDbLine
 10
1720.5
 20
-498.49644401399866
 30
0.0
 11
1720.1
 21
-498.49644401399866
 31
0.0
  0
LINE
  5
AC8
330
17
100
AcDbEntity
  8
IV_INTERIOR_PROFILES
100
AcDbLine
 10
1720.5
 20
-483.4964440139986
 30
0.0
 11
1720.5
 21
-498.49644401399866
 31
0.0
  0
LINE
  5
AC9
330
17
100
AcDbEntity
  8
IV_INTERIOR_PROFILES
100
AcDbLine
 10
1729.1
 20
-483.4964440139986
 30
0.0
 11
1729.5
 21
-483.4964440139986
 31
0.0
  0
LINE
  5
ACA
330
17
100
AcDbEntity
  8
IV_INTERIOR_PROFILES
100
AcDbLine
 10
1729.1
 20
-498.49644401399866
 30
0.0
 11
1729.1
 21
-483.4964440139986
 31
0.0
  0
LINE
  5
ACB
330
17
100
AcDbEntity
  8
IV_INTERIOR_PROFILES
100
AcDbLine
 10
1729.5
 20
-498.49644401399866
 30
0.0
 11
1729.1
 21
-498.49644401399866
 31
0.0
  0
LINE
  5
ACC
330
17
100
AcDbEntity
  8
IV_INTERIOR_PROFILES
100
AcDbLine
 10
1729.5
 20
-483.4964440139986
 30
0.0
 11
1729.5
 21
-498.49644401399866
 31
0.0
  0
LINE
  5
ACD
330
17
100
AcDbEntity
  8
IV_INTERIOR_PROFILES
100
AcDbLine
 10
1738.1
 20
-483.4964440139986
 30
0.0
 11
1738.5
 21
-483.4964440139986
 31
0.0
  0
LINE
  5
ACE
330
17
100
AcDbEntity
  8
IV_INTERIOR_PROFILES
100
AcDbLine
 10
1738.1
 20
-498.49644401399866
 30
0.0
 11
1738.1
 21
-483.4964440139986
 31
0.0
  0
LINE
  5
ACF
330
17
100
AcDbEntity
  8
IV_INTERIOR_PROFILES
100
AcDbLine
 10
1738.5
 20
-498.49644401399866
 30
0.0
 11
1738.1
 21
-498.49644401399866
 31
0.0
  0
LINE
  5
AD0
330
17
100
AcDbEntity
  8
IV_INTERIOR_PROFILES
100
AcDbLine
 10
1738.5
 20
-483.4964440139986
 30
0.0
 11
1738.5
 21
-498.49644401399866
 31
0.0
  0
LINE
  5
AD1
330
17
100
AcDbEntity
  8
IV_INTERIOR_PROFILES
100
AcDbLine
 10
1747.1
 20
-483.4964440139986
 30
0.0
 11
1747.5
 21
-483.49644401399866
 31
0.0
  0
LINE
  5
AD2
330
17
100
AcDbEntity
  8
IV_INTERIOR_PROFILES
100
AcDbLine
 10
1747.1
 20
-498.49644401399866
 30
0.0
 11
1747.1
 21
-483.4964440139986
 31
0.0
  0
LINE
  5
AD3
330
17
100
AcDbEntity
  8
IV_INTERIOR_PROFILES
100
AcDbLine
 10
1747.5
 20
-498.49644401399866
 30
0.0
 11
1747.1
 21
-498.49644401399866
 31
0.0
  0
LINE
  5
AD4
330
17
100
AcDbEntity
  8
IV_INTERIOR_PROFILES
100
AcDbLine
 10
1747.5
 20
-483.49644401399866
 30
0.0
 11
1747.5
 21
-498.49644401399866
 31
0.0
  0
LINE
  5
AD5
330
17
100
AcDbEntity
  8
IV_INTERIOR_PROFILES
100
AcDbLine
 10
1756.1
 20
-483.49644401399866
 30
0.0
 11
1756.5
 21
-483.49644401399866
 31
0.0
  0
LINE
  5
AD6
330
17
100
AcDbEntity
  8
IV_INTERIOR_PROFILES
100
AcDbLine
 10
1756.1
 20
-498.49644401399866
 30
0.0
 11
1756.1
 21
-483.49644401399866
 31
0.0
  0
LINE
  5
AD7
330
17
100
AcDbEntity
  8
IV_INTERIOR_PROFILES
100
AcDbLine
 10
1756.5
 20
-498.49644401399866
 30
0.0
 11
1756.1
 21
-498.49644401399866
 31
0.0
  0
LINE
  5
AD8
330
17
100
AcDbEntity
  8
IV_INTERIOR_PROFILES
100
AcDbLine
 10
1756.5
 20
-483.49644401399866
 30
0.0
 11
1756.5
 21
-498.49644401399866
 31
0.0
  0
LINE
  5
AD9
330
17
100
AcDbEntity
  8
IV_INTERIOR_PROFILES
100
AcDbLine
 10
1765.1
 20
-483.49644401399866
 30
0.0
 11
1765.5
 21
-483.49644401399866
 31
0.0
  0
LINE
  5
ADA
330
17
100
AcDbEntity
  8
IV_INTERIOR_PROFILES
100
AcDbLine
 10
1765.1
 20
-498.49644401399866
 30
0.0
 11
1765.1
 21
-483.49644401399866
 31
0.0
  0
LINE
  5
ADB
330
17
100
AcDbEntity
  8
IV_INTERIOR_PROFILES
100
AcDbLine
 10
1765.5
 20
-498.49644401399866
 30
0.0
 11
1765.1
 21
-498.49644401399866
 31
0.0
  0
LINE
  5
ADC
330
17
100
AcDbEntity
  8
IV_INTERIOR_PROFILES
100
AcDbLine
 10
1765.5
 20
-483.49644401399866
 30
0.0
 11
1765.5
 21
-498.49644401399866
 31
0.0
  0
LINE
  5
ADD
330
17
100
AcDbEntity
  8
IV_INTERIOR_PROFILES
100
AcDbLine
 10
1774.1
 20
-483.49644401399866
 30
0.0
 11
1774.5
 21
-483.49644401399866
 31
0.0
  0
LINE
  5
ADE
330
17
100
AcDbEntity
  8
IV_INTERIOR_PROFILES
100
AcDbLine
 10
1774.1
 20
-498.49644401399866
 30
0.0
 11
1774.1
 21
-483.49644401399866
 31
0.0
  0
LINE
  5
ADF
330
17
100
AcDbEntity
  8
IV_INTERIOR_PROFILES
100
AcDbLine
 10
1774.5
 20
-498.49644401399866
 30
0.0
 11
1774.1
 21
-498.49644401399866
 31
0.0
  0
LINE
  5
AE0
330
17
100
AcDbEntity
  8
IV_INTERIOR_PROFILES
100
AcDbLine
 10
1774.5
 20
-483.49644401399866
 30
0.0
 11
1774.5
 21
-498.49644401399866
 31
0.0
  0
LINE
  5
AE1
330
17
100
AcDbEntity
  8
IV_INTERIOR_PROFILES
100
AcDbLine
 10
1783.1
 20
-483.49644401399866
 30
0.0
 11
1783.5
 21
-483.49644401399866
 31
0.0
  0
LINE
  5
AE2
330
17
100
AcDbEntity
  8
IV_INTERIOR_PROFILES
100
AcDbLine
 10
1783.1
 20
-498.49644401399866
 30
0.0
 11
1783.1
 21
-483.49644401399866
 31
0.0
  0
LINE
  5
AE3
330
17
100
AcDbEntity
  8
IV_INTERIOR_PROFILES
100
AcDbLine
 10
1783.5
 20
-498.49644401399866
 30
0.0
 11
1783.1
 21
-498.49644401399866
 31
0.0
  0
LINE
  5
AE4
330
17
100
AcDbEntity
  8
IV_INTERIOR_PROFILES
100
AcDbLine
 10
1783.5
 20
-483.49644401399866
 30
0.0
 11
1783.5
 21
-498.49644401399866
 31
0.0
  0
LINE
  5
AE5
330
17
100
AcDbEntity
  8
IV_INTERIOR_PROFILES
100
AcDbLine
 10
1792.1
 20
-483.49644401399866
 30
0.0
 11
1792.5
 21
-483.49644401399866
 31
0.0
  0
LINE
  5
AE6
330
17
100
AcDbEntity
  8
IV_INTERIOR_PROFILES
100
AcDbLine
 10
1792.1
 20
-498.49644401399866
 30
0.0
 11
1792.1
 21
-483.49644401399866
 31
0.0
  0
LINE
  5
AE7
330
17
100
AcDbEntity
  8
IV_INTERIOR_PROFILES
100
AcDbLine
 10
1792.5
 20
-498.49644401399866
 30
0.0
 11
1792.1
 21
-498.49644401399866
 31
0.0
  0
LINE
  5
AE8
330
17
100
AcDbEntity
  8
IV_INTERIOR_PROFILES
100
AcDbLine
 10
1792.5
 20
-483.49644401399866
 30
0.0
 11
1792.5
 21
-498.49644401399866
 31
0.0
  0
LINE
  5
AE9
330
17
100
AcDbEntity
  8
IV_INTERIOR_PROFILES
100
AcDbLine
 10
1801.1
 20
-483.49644401399866
 30
0.0
 11
1801.5
 21
-483.49644401399866
 31
0.0
  0
LINE
  5
AEA
330
17
100
AcDbEntity
  8
IV_INTERIOR_PROFILES
100
AcDbLine
 10
1801.1
 20
-498.49644401399866
 30
0.0
 11
1801.1
 21
-483.49644401399866
 31
0.0
  0
LINE
  5
AEB
330
17
100
AcDbEntity
  8
IV_INTERIOR_PROFILES
100
AcDbLine
 10
1801.5
 20
-498.49644401399866
 30
0.0
 11
1801.1
 21
-498.49644401399866
 31
0.0
  0
LINE
  5
AEC
330
17
100
AcDbEntity
  8
IV_INTERIOR_PROFILES
100
AcDbLine
 10
1801.5
 20
-483.49644401399866
 30
0.0
 11
1801.5
 21
-498.49644401399866
 31
0.0
  0
LINE
  5
AED
330
17
100
AcDbEntity
  8
IV_INTERIOR_PROFILES
100
AcDbLine
 10
1810.1
 20
-483.49644401399866
 30
0.0
 11
1810.5
 21
-483.49644401399866
 31
0.0
  0
LINE
  5
AEE
330
17
100
AcDbEntity
  8
IV_INTERIOR_PROFILES
100
AcDbLine
 10
1810.1
 20
-498.49644401399866
 30
0.0
 11
1810.1
 21
-483.49644401399866
 31
0.0
  0
LINE
  5
AEF
330
17
100
AcDbEntity
  8
IV_INTERIOR_PROFILES
100
AcDbLine
 10
1810.5
 20
-498.49644401399866
 30
0.0
 11
1810.1
 21
-498.49644401399866
 31
0.0
  0
LINE
  5
AF0
330
17
100
AcDbEntity
  8
IV_INTERIOR_PROFILES
100
AcDbLine
 10
1810.5
 20
-483.49644401399866
 30
0.0
 11
1810.5
 21
-498.49644401399866
 31
0.0
  0
LINE
  5
AF1
330
17
100
AcDbEntity
  8
IV_INTERIOR_PROFILES
100
AcDbLine
 10
1819.1
 20
-483.49644401399866
 30
0.0
 11
1819.5
 21
-483.49644401399866
 31
0.0
  0
LINE
  5
AF2
330
17
100
AcDbEntity
  8
IV_INTERIOR_PROFILES
100
AcDbLine
 10
1819.1
 20
-498.49644401399866
 30
0.0
 11
1819.1
 21
-483.49644401399866
 31
0.0
  0
LINE
  5
AF3
330
17
100
AcDbEntity
  8
IV_INTERIOR_PROFILES
100
AcDbLine
 10
1819.5
 20
-498.49644401399866
 30
0.0
 11
1819.1
 21
-498.49644401399866
 31
0.0
  0
LINE
  5
AF4
330
17
100
AcDbEntity
  8
IV_INTERIOR_PROFILES
100
AcDbLine
 10
1819.5
 20
-483.49644401399866
 30
0.0
 11
1819.5
 21
-498.49644401399866
 31
0.0
  0
LINE
  5
AF5
330
17
100
AcDbEntity
  8
IV_INTERIOR_PROFILES
100
AcDbLine
 10
1828.1
 20
-483.49644401399866
 30
0.0
 11
1828.5
 21
-483.49644401399866
 31
0.0
  0
LINE
  5
AF6
330
17
100
AcDbEntity
  8
IV_INTERIOR_PROFILES
100
AcDbLine
 10
1828.1
 20
-498.49644401399866
 30
0.0
 11
1828.1
 21
-483.49644401399866
 31
0.0
  0
LINE
  5
AF7
330
17
100
AcDbEntity
  8
IV_INTERIOR_PROFILES
100
AcDbLine
 10
1828.5
 20
-498.49644401399866
 30
0.0
 11
1828.1
 21
-498.49644401399866
 31
0.0
  0
LINE
  5
AF8
330
17
100
AcDbEntity
  8
IV_INTERIOR_PROFILES
100
AcDbLine
 10
1828.5
 20
-483.49644401399866
 30
0.0
 11
1828.5
 21
-498.49644401399866
 31
0.0
  0
LINE
  5
AF9
330
17
100
AcDbEntity
  8
IV_INTERIOR_PROFILES
100
AcDbLine
 10
1837.1000000000001
 20
-483.49644401399866
 30
0.0
 11
1837.5
 21
-483.49644401399866
 31
0.0
  0
LINE
  5
AFA
330
17
100
AcDbEntity
  8
IV_INTERIOR_PROFILES
100
AcDbLine
 10
1837.1000000000001
 20
-498.49644401399866
 30
0.0
 11
1837.1000000000001
 21
-483.49644401399866
 31
0.0
  0
LINE
  5
AFB
330
17
100
AcDbEntity
  8
IV_INTERIOR_PROFILES
100
AcDbLine
 10
1837.5
 20
-498.49644401399866
 30
0.0
 11
1837.1000000000001
 21
-498.49644401399866
 31
0.0
  0
LINE
  5
AFC
330
17
100
AcDbEntity
  8
IV_INTERIOR_PROFILES
100
AcDbLine
 10
1837.5
 20
-483.49644401399866
 30
0.0
 11
1837.5
 21
-498.49644401399866
 31
0.0
  0
LINE
  5
AFD
330
17
100
AcDbEntity
  8
IV_INTERIOR_PROFILES
100
AcDbLine
 10
1846.1
 20
-483.49644401399866
 30
0.0
 11
1846.5
 21
-483.49644401399866
 31
0.0
  0
LINE
  5
AFE
330
17
100
AcDbEntity
  8
IV_INTERIOR_PROFILES
100
AcDbLine
 10
1846.1
 20
-498.49644401399866
 30
0.0
 11
1846.1
 21
-483.49644401399866
 31
0.0
  0
LINE
  5
AFF
330
17
100
AcDbEntity
  8
IV_INTERIOR_PROFILES
100
AcDbLine
 10
1846.5
 20
-498.49644401399866
 30
0.0
 11
1846.1
 21
-498.49644401399866
 31
0.0
  0
LINE
  5
B00
330
17
100
AcDbEntity
  8
IV_INTERIOR_PROFILES
100
AcDbLine
 10
1846.5
 20
-483.49644401399866
 30
0.0
 11
1846.5
 21
-498.49644401399866
 31
0.0
  0
LINE
  5
B01
330
17
100
AcDbEntity
  8
IV_INTERIOR_PROFILES
100
AcDbLine
 10
1855.1
 20
-483.49644401399866
 30
0.0
 11
1855.5
 21
-483.49644401399866
 31
0.0
  0
LINE
  5
B02
330
17
100
AcDbEntity
  8
IV_INTERIOR_PROFILES
100
AcDbLine
 10
1855.1
 20
-498.49644401399866
 30
0.0
 11
1855.1
 21
-483.49644401399866
 31
0.0
  0
LINE
  5
B03
330
17
100
AcDbEntity
  8
IV_INTERIOR_PROFILES
100
AcDbLine
 10
1855.5
 20
-498.49644401399866
 30
0.0
 11
1855.1
 21
-498.49644401399866
 31
0.0
  0
LINE
  5
B04
330
17
100
AcDbEntity
  8
IV_INTERIOR_PROFILES
100
AcDbLine
 10
1855.5
 20
-483.49644401399866
 30
0.0
 11
1855.5
 21
-498.49644401399866
 31
0.0
  0
LINE
  5
B05
330
17
100
AcDbEntity
  8
IV_INTERIOR_PROFILES
100
AcDbLine
 10
1864.1
 20
-483.49644401399866
 30
0.0
 11
1864.5
 21
-483.49644401399866
 31
0.0
  0
LINE
  5
B06
330
17
100
AcDbEntity
  8
IV_INTERIOR_PROFILES
100
AcDbLine
 10
1864.1
 20
-498.49644401399866
 30
0.0
 11
1864.1
 21
-483.49644401399866
 31
0.0
  0
LINE
  5
B07
330
17
100
AcDbEntity
  8
IV_INTERIOR_PROFILES
100
AcDbLine
 10
1864.5
 20
-498.49644401399866
 30
0.0
 11
1864.1
 21
-498.49644401399866
 31
0.0
  0
LINE
  5
B08
330
17
100
AcDbEntity
  8
IV_INTERIOR_PROFILES
100
AcDbLine
 10
1864.5
 20
-483.49644401399866
 30
0.0
 11
1864.5
 21
-498.49644401399866
 31
0.0
  0
LINE
  5
B09
330
17
100
AcDbEntity
  8
IV_INTERIOR_PROFILES
100
AcDbLine
 10
1873.1
 20
-483.49644401399866
 30
0.0
 11
1873.5
 21
-483.49644401399866
 31
0.0
  0
LINE
  5
B0A
330
17
100
AcDbEntity
  8
IV_INTERIOR_PROFILES
100
AcDbLine
 10
1873.1
 20
-498.49644401399866
 30
0.0
 11
1873.1
 21
-483.49644401399866
 31
0.0
  0
LINE
  5
B0B
330
17
100
AcDbEntity
  8
IV_INTERIOR_PROFILES
100
AcDbLine
 10
1873.5
 20
-498.49644401399866
 30
0.0
 11
1873.1
 21
-498.49644401399866
 31
0.0
  0
LINE
  5
B0C
330
17
100
AcDbEntity
  8
IV_INTERIOR_PROFILES
100
AcDbLine
 10
1873.5
 20
-483.49644401399866
 30
0.0
 11
1873.5
 21
-498.49644401399866
 31
0.0
  0
LINE
  5
B0D
330
17
100
AcDbEntity
  8
IV_INTERIOR_PROFILES
100
AcDbLine
 10
1882.1000000000001
 20
-483.49644401399866
 30
0.0
 11
1882.5
 21
-483.49644401399866
 31
0.0
  0
LINE
  5
B0E
330
17
100
AcDbEntity
  8
IV_INTERIOR_PROFILES
100
AcDbLine
 10
1882.1000000000001
 20
-498.49644401399866
 30
0.0
 11
1882.1000000000001
 21
-483.49644401399866
 31
0.0
  0
LINE
  5
B0F
330
17
100
AcDbEntity
  8
IV_INTERIOR_PROFILES
100
AcDbLine
 10
1882.5
 20
-498.49644401399866
 30
0.0
 11
1882.1000000000001
 21
-498.49644401399866
 31
0.0
  0
LINE
  5
B10
330
17
100
AcDbEntity
  8
IV_INTERIOR_PROFILES
100
AcDbLine
 10
1882.5
 20
-483.49644401399866
 30
0.0
 11
1882.5
 21
-498.49644401399866
 31
0.0
  0
LINE
  5
B11
330
17
100
AcDbEntity
  8
IV_INTERIOR_PROFILES
100
AcDbLine
 10
1891.1000000000001
 20
-483.49644401399866
 30
0.0
 11
1891.5
 21
-483.49644401399866
 31
0.0
  0
LINE
  5
B12
330
17
100
AcDbEntity
  8
IV_INTERIOR_PROFILES
100
AcDbLine
 10
1891.1000000000001
 20
-498.49644401399866
 30
0.0
 11
1891.1000000000001
 21
-483.49644401399866
 31
0.0
  0
LINE
  5
B13
330
17
100
AcDbEntity
  8
IV_INTERIOR_PROFILES
100
AcDbLine
 10
1891.5
 20
-498.49644401399866
 30
0.0
 11
1891.1000000000001
 21
-498.49644401399866
 31
0.0
  0
LINE
  5
B14
330
17
100
AcDbEntity
  8
IV_INTERIOR_PROFILES
100
AcDbLine
 10
1891.5
 20
-483.49644401399866
 30
0.0
 11
1891.5
 21
-498.49644401399866
 31
0.0
  0
LINE
  5
B15
330
17
100
AcDbEntity
  8
IV_INTERIOR_PROFILES
100
AcDbLine
 10
1900.1
 20
-483.49644401399866
 30
0.0
 11
1900.5
 21
-483.49644401399866
 31
0.0
  0
LINE
  5
B16
330
17
100
AcDbEntity
  8
IV_INTERIOR_PROFILES
100
AcDbLine
 10
1900.1
 20
-498.49644401399866
 30
0.0
 11
1900.1
 21
-483.49644401399866
 31
0.0
  0
LINE
  5
B17
330
17
100
AcDbEntity
  8
IV_INTERIOR_PROFILES
100
AcDbLine
 10
1900.5
 20
-498.49644401399866
 30
0.0
 11
1900.1
 21
-498.49644401399866
 31
0.0
  0
LINE
  5
B18
330
17
100
AcDbEntity
  8
IV_INTERIOR_PROFILES
100
AcDbLine
 10
1900.5
 20
-483.49644401399866
 30
0.0
 11
1900.5
 21
-498.49644401399866
 31
0.0
  0
LINE
  5
B19
330
17
100
AcDbEntity
  8
IV_INTERIOR_PROFILES
100
AcDbLine
 10
1909.1
 20
-483.49644401399866
 30
0.0
 11
1909.5
 21
-483.49644401399866
 31
0.0
  0
LINE
  5
B1A
330
17
100
AcDbEntity
  8
IV_INTERIOR_PROFILES
100
AcDbLine
 10
1909.1
 20
-498.49644401399866
 30
0.0
 11
1909.1
 21
-483.49644401399866
 31
0.0
  0
LINE
  5
B1B
330
17
100
AcDbEntity
  8
IV_INTERIOR_PROFILES
100
AcDbLine
 10
1909.5
 20
-498.49644401399866
 30
0.0
 11
1909.1
 21
-498.49644401399866
 31
0.0
  0
LINE
  5
B1C
330
17
100
AcDbEntity
  8
IV_INTERIOR_PROFILES
100
AcDbLine
 10
1909.5
 20
-483.49644401399866
 30
0.0
 11
1909.5
 21
-498.49644401399866
 31
0.0
  0
LINE
  5
B1D
330
17
100
AcDbEntity
  8
IV_INTERIOR_PROFILES
100
AcDbLine
 10
1918.1
 20
-483.49644401399866
 30
0.0
 11
1918.5
 21
-483.49644401399866
 31
0.0
  0
LINE
  5
B1E
330
17
100
AcDbEntity
  8
IV_INTERIOR_PROFILES
100
AcDbLine
 10
1918.1
 20
-498.49644401399866
 30
0.0
 11
1918.1
 21
-483.49644401399866
 31
0.0
  0
LINE
  5
B1F
330
17
100
AcDbEntity
  8
IV_INTERIOR_PROFILES
100
AcDbLine
 10
1918.5
 20
-498.49644401399866
 30
0.0
 11
1918.1
 21
-498.49644401399866
 31
0.0
  0
LINE
  5
B20
330
17
100
AcDbEntity
  8
IV_INTERIOR_PROFILES
100
AcDbLine
 10
1918.5
 20
-483.49644401399866
 30
0.0
 11
1918.5
 21
-498.49644401399866
 31
0.0
  0
LINE
  5
B21
330
17
100
AcDbEntity
  8
IV_INTERIOR_PROFILES
100
AcDbLine
 10
1927.1
 20
-483.49644401399866
 30
0.0
 11
1927.5
 21
-483.49644401399866
 31
0.0
  0
LINE
  5
B22
330
17
100
AcDbEntity
  8
IV_INTERIOR_PROFILES
100
AcDbLine
 10
1927.1
 20
-498.49644401399866
 30
0.0
 11
1927.1
 21
-483.49644401399866
 31
0.0
  0
LINE
  5
B23
330
17
100
AcDbEntity
  8
IV_INTERIOR_PROFILES
100
AcDbLine
 10
1927.5
 20
-498.49644401399866
 30
0.0
 11
1927.1
 21
-498.49644401399866
 31
0.0
  0
LINE
  5
B24
330
17
100
AcDbEntity
  8
IV_INTERIOR_PROFILES
100
AcDbLine
 10
1927.5
 20
-483.49644401399866
 30
0.0
 11
1927.5
 21
-498.49644401399866
 31
0.0
  0
LINE
  5
B25
330
17
100
AcDbEntity
  8
IV_INTERIOR_PROFILES
100
AcDbLine
 10
1936.1
 20
-483.49644401399866
 30
0.0
 11
1936.5
 21
-483.49644401399866
 31
0.0
  0
LINE
  5
B26
330
17
100
AcDbEntity
  8
IV_INTERIOR_PROFILES
100
AcDbLine
 10
1936.1
 20
-498.49644401399866
 30
0.0
 11
1936.1
 21
-483.49644401399866
 31
0.0
  0
LINE
  5
B27
330
17
100
AcDbEntity
  8
IV_INTERIOR_PROFILES
100
AcDbLine
 10
1936.5
 20
-498.49644401399866
 30
0.0
 11
1936.1
 21
-498.49644401399866
 31
0.0
  0
LINE
  5
B28
330
17
100
AcDbEntity
  8
IV_INTERIOR_PROFILES
100
AcDbLine
 10
1936.5
 20
-483.49644401399866
 30
0.0
 11
1936.5
 21
-498.49644401399866
 31
0.0
  0
LINE
  5
B29
330
17
100
AcDbEntity
  8
IV_INTERIOR_PROFILES
100
AcDbLine
 10
1945.1
 20
-483.49644401399866
 30
0.0
 11
1945.5
 21
-483.49644401399866
 31
0.0
  0
LINE
  5
B2A
330
17
100
AcDbEntity
  8
IV_INTERIOR_PROFILES
100
AcDbLine
 10
1945.1
 20
-498.49644401399866
 30
0.0
 11
1945.1
 21
-483.49644401399866
 31
0.0
  0
LINE
  5
B2B
330
17
100
AcDbEntity
  8
IV_INTERIOR_PROFILES
100
AcDbLine
 10
1945.5
 20
-498.49644401399866
 30
0.0
 11
1945.1
 21
-498.49644401399866
 31
0.0
  0
LINE
  5
B2C
330
17
100
AcDbEntity
  8
IV_INTERIOR_PROFILES
100
AcDbLine
 10
1945.5
 20
-483.49644401399866
 30
0.0
 11
1945.5
 21
-498.49644401399866
 31
0.0
  0
LINE
  5
B2D
330
17
100
AcDbEntity
  8
IV_INTERIOR_PROFILES
100
AcDbLine
 10
1954.1
 20
-483.49644401399866
 30
0.0
 11
1954.5
 21
-483.49644401399866
 31
0.0
  0
LINE
  5
B2E
330
17
100
AcDbEntity
  8
IV_INTERIOR_PROFILES
100
AcDbLine
 10
1954.1
 20
-498.49644401399866
 30
0.0
 11
1954.1
 21
-483.49644401399866
 31
0.0
  0
LINE
  5
B2F
330
17
100
AcDbEntity
  8
IV_INTERIOR_PROFILES
100
AcDbLine
 10
1954.5
 20
-498.49644401399866
 30
0.0
 11
1954.1
 21
-498.49644401399866
 31
0.0
  0
LINE
  5
B30
330
17
100
AcDbEntity
  8
IV_INTERIOR_PROFILES
100
AcDbLine
 10
1954.5
 20
-483.49644401399866
 30
0.0
 11
1954.5
 21
-498.49644401399866
 31
0.0
  0
LINE
  5
B31
330
17
100
AcDbEntity
  8
IV_INTERIOR_PROFILES
100
AcDbLine
 10
1054.1
 20
-483.4964440139985
 30
0.0
 11
1054.5
 21
-483.4964440139985
 31
0.0
  0
LINE
  5
B32
330
17
100
AcDbEntity
  8
IV_INTERIOR_PROFILES
100
AcDbLine
 10
1054.1
 20
-498.4964440139984
 30
0.0
 11
1054.1
 21
-483.4964440139985
 31
0.0
  0
LINE
  5
B33
330
17
100
AcDbEntity
  8
IV_INTERIOR_PROFILES
100
AcDbLine
 10
1054.5
 20
-498.4964440139984
 30
0.0
 11
1054.1
 21
-498.4964440139984
 31
0.0
  0
LINE
  5
B34
330
17
100
AcDbEntity
  8
IV_INTERIOR_PROFILES
100
AcDbLine
 10
1054.5
 20
-483.4964440139985
 30
0.0
 11
1054.5
 21
-498.4964440139984
 31
0.0
  0
LINE
  5
B35
330
17
100
AcDbEntity
  8
IV_INTERIOR_PROFILES
100
AcDbLine
 10
1963.1
 20
-483.49644401399866
 30
0.0
 11
1963.5
 21
-483.49644401399866
 31
0.0
  0
LINE
  5
B36
330
17
100
AcDbEntity
  8
IV_INTERIOR_PROFILES
100
AcDbLine
 10
1963.1
 20
-498.49644401399866
 30
0.0
 11
1963.1
 21
-483.49644401399866
 31
0.0
  0
LINE
  5
B37
330
17
100
AcDbEntity
  8
IV_INTERIOR_PROFILES
100
AcDbLine
 10
1963.5
 20
-498.49644401399866
 30
0.0
 11
1963.1
 21
-498.49644401399866
 31
0.0
  0
LINE
  5
B38
330
17
100
AcDbEntity
  8
IV_INTERIOR_PROFILES
100
AcDbLine
 10
1963.5
 20
-483.49644401399866
 30
0.0
 11
1963.5
 21
-498.49644401399866
 31
0.0
  0
LINE
  5
B39
330
17
100
AcDbEntity
  8
IV_OUTER_PROFILE
100
AcDbLine
 10
1970.0
 20
-469.4140640577665
 30
0.0
 11
1970.0
 21
-539.1210960866495
 31
0.0
  0
LINE
  5
B3A
330
17
100
AcDbEntity
  8
IV_OUTER_PROFILE
100
AcDbLine
 10
1040.0
 20
-539.1210960866492
 30
0.0
 11
1040.0
 21
-469.41406405776627
 31
0.0
  0
LINE
  5
B3B
330
17
100
AcDbEntity
  8
IV_OUTER_PROFILE
100
AcDbLine
 10
1970.0
 20
-539.1210960866495
 30
0.0
 11
1040.0
 21
-539.1210960866492
 31
0.0
  0
LINE
  5
B3C
330
17
100
AcDbEntity
  8
IV_OUTER_PROFILE
100
AcDbLine
 10
1040.0
 20
-469.41406405776627
 30
0.0
 11
1970.0
 21
-469.4140640577665
 31
0.0
  0
TEXT
  5
B3D
330
17
100
AcDbEntity
  8
LABELS
100
AcDbText
 10
0.0
 20
-519.2675800722078
 30
0.0
 40
30.0
  1
NDV-3302 s0.8mm x12
 11
0.0
 21
-519.2675800722078
 31
0.0
100
AcDbText
  0
LINE
  5
B3E
330
17
100
AcDbEntity
  8
IV_BEND_DOWN
100
AcDbLine
 10
1040.0
 20
-673.9157701804008
 30
0.0
 11
1820.0
 21
-673.9157701804011
 31
0.0
  0
LINE
  5
B3F
330
17
100
AcDbEntity
  8
IV_BEND_DOWN
100
AcDbLine
 10
1040.0
 20
-698.9833342983741
 30
0.0
 11
1820.0
 21
-698.9833342983743
 31
0.0
  0
LINE
  5
B40
330
17
100
AcDbEntity
  8
IV_BEND_DOWN
100
AcDbLine
 10
1040.0
 20
-648.845651522343
 30
0.0
 11
1820.0
 21
-648.8456515223432
 31
0.0
  0
LINE
  5
B41
330
17
100
AcDbEntity
  8
IV_INTERIOR_PROFILES
100
AcDbLine
 10
1057.1
 20
-679.62806431792
 30
0.0
 11
1057.4999999999998
 21
-679.62806431792
 31
0.0
  0
LINE
  5
B42
330
17
100
AcDbEntity
  8
IV_INTERIOR_PROFILES
100
AcDbLine
 10
1057.1
 20
-694.62806431792
 30
0.0
 11
1057.1
 21
-679.62806431792
 31
0.0
  0
LINE
  5
B43
330
17
100
AcDbEntity
  8
IV_INTERIOR_PROFILES
100
AcDbLine
 10
1057.4999999999998
 20
-694.62806431792
 30
0.0
 11
1057.1
 21
-694.62806431792
 31
0.0
  0
LINE
  5
B44
330
17
100
AcDbEntity
  8
IV_INTERIOR_PROFILES
100
AcDbLine
 10
1057.4999999999998
 20
-679.62806431792
 30
0.0
 11
1057.4999999999998
 21
-694.62806431792
 31
0.0
  0
LINE
  5
B45
330
17
100
AcDbEntity
  8
IV_INTERIOR_PROFILES
100
AcDbLine
 10
1066.1
 20
-679.62806431792
 30
0.0
 11
1066.5
 21
-679.62806431792
 31
0.0
  0
LINE
  5
B46
330
17
100
AcDbEntity
  8
IV_INTERIOR_PROFILES
100
AcDbLine
 10
1066.1
 20
-694.62806431792
 30
0.0
 11
1066.1
 21
-679.62806431792
 31
0.0
  0
LINE
  5
B47
330
17
100
AcDbEntity
  8
IV_INTERIOR_PROFILES
100
AcDbLine
 10
1066.5
 20
-694.62806431792
 30
0.0
 11
1066.1
 21
-694.62806431792
 31
0.0
  0
LINE
  5
B48
330
17
100
AcDbEntity
  8
IV_INTERIOR_PROFILES
100
AcDbLine
 10
1066.5
 20
-679.62806431792
 30
0.0
 11
1066.5
 21
-694.62806431792
 31
0.0
  0
LINE
  5
B49
330
17
100
AcDbEntity
  8
IV_INTERIOR_PROFILES
100
AcDbLine
 10
1075.1000000000001
 20
-679.62806431792
 30
0.0
 11
1075.5
 21
-679.62806431792
 31
0.0
  0
LINE
  5
B4A
330
17
100
AcDbEntity
  8
IV_INTERIOR_PROFILES
100
AcDbLine
 10
1075.1000000000001
 20
-694.62806431792
 30
0.0
 11
1075.1000000000001
 21
-679.62806431792
 31
0.0
  0
LINE
  5
B4B
330
17
100
AcDbEntity
  8
IV_INTERIOR_PROFILES
100
AcDbLine
 10
1075.5
 20
-694.62806431792
 30
0.0
 11
1075.1000000000001
 21
-694.62806431792
 31
0.0
  0
LINE
  5
B4C
330
17
100
AcDbEntity
  8
IV_INTERIOR_PROFILES
100
AcDbLine
 10
1075.5
 20
-679.62806431792
 30
0.0
 11
1075.5
 21
-694.62806431792
 31
0.0
  0
LINE
  5
B4D
330
17
100
AcDbEntity
  8
IV_INTERIOR_PROFILES
100
AcDbLine
 10
1084.1
 20
-679.62806431792
 30
0.0
 11
1084.5
 21
-679.62806431792
 31
0.0
  0
LINE
  5
B4E
330
17
100
AcDbEntity
  8
IV_INTERIOR_PROFILES
100
AcDbLine
 10
1084.1
 20
-694.62806431792
 30
0.0
 11
1084.1
 21
-679.62806431792
 31
0.0
  0
LINE
  5
B4F
330
17
100
AcDbEntity
  8
IV_INTERIOR_PROFILES
100
AcDbLine
 10
1084.4999999999998
 20
-694.62806431792
 30
0.0
 11
1084.1
 21
-694.62806431792
 31
0.0
  0
LINE
  5
B50
330
17
100
AcDbEntity
  8
IV_INTERIOR_PROFILES
100
AcDbLine
 10
1084.5
 20
-679.62806431792
 30
0.0
 11
1084.4999999999998
 21
-694.62806431792
 31
0.0
  0
LINE
  5
B51
330
17
100
AcDbEntity
  8
IV_INTERIOR_PROFILES
100
AcDbLine
 10
1093.1000000000001
 20
-679.62806431792
 30
0.0
 11
1093.5
 21
-679.62806431792
 31
0.0
  0
LINE
  5
B52
330
17
100
AcDbEntity
  8
IV_INTERIOR_PROFILES
100
AcDbLine
 10
1093.1
 20
-694.62806431792
 30
0.0
 11
1093.1000000000001
 21
-679.62806431792
 31
0.0
  0
LINE
  5
B53
330
17
100
AcDbEntity
  8
IV_INTERIOR_PROFILES
100
AcDbLine
 10
1093.5
 20
-694.62806431792
 30
0.0
 11
1093.1
 21
-694.62806431792
 31
0.0
  0
LINE
  5
B54
330
17
100
AcDbEntity
  8
IV_INTERIOR_PROFILES
100
AcDbLine
 10
1093.5
 20
-679.62806431792
 30
0.0
 11
1093.5
 21
-694.62806431792
 31
0.0
  0
LINE
  5
B55
330
17
100
AcDbEntity
  8
IV_INTERIOR_PROFILES
100
AcDbLine
 10
1102.1
 20
-679.62806431792
 30
0.0
 11
1102.4999999999998
 21
-679.62806431792
 31
0.0
  0
LINE
  5
B56
330
17
100
AcDbEntity
  8
IV_INTERIOR_PROFILES
100
AcDbLine
 10
1102.1
 20
-694.62806431792
 30
0.0
 11
1102.1
 21
-679.62806431792
 31
0.0
  0
LINE
  5
B57
330
17
100
AcDbEntity
  8
IV_INTERIOR_PROFILES
100
AcDbLine
 10
1102.4999999999998
 20
-694.62806431792
 30
0.0
 11
1102.1
 21
-694.62806431792
 31
0.0
  0
LINE
  5
B58
330
17
100
AcDbEntity
  8
IV_INTERIOR_PROFILES
100
AcDbLine
 10
1102.4999999999998
 20
-679.62806431792
 30
0.0
 11
1102.4999999999998
 21
-694.62806431792
 31
0.0
  0
LINE
  5
B59
330
17
100
AcDbEntity
  8
IV_INTERIOR_PROFILES
100
AcDbLine
 10
1111.1
 20
-679.62806431792
 30
0.0
 11
1111.5
 21
-679.62806431792
 31
0.0
  0
LINE
  5
B5A
330
17
100
AcDbEntity
  8
IV_INTERIOR_PROFILES
100
AcDbLine
 10
1111.1
 20
-694.62806431792
 30
0.0
 11
1111.1
 21
-679.62806431792
 31
0.0
  0
LINE
  5
B5B
330
17
100
AcDbEntity
  8
IV_INTERIOR_PROFILES
100
AcDbLine
 10
1111.5
 20
-694.62806431792
 30
0.0
 11
1111.1
 21
-694.62806431792
 31
0.0
  0
LINE
  5
B5C
330
17
100
AcDbEntity
  8
IV_INTERIOR_PROFILES
100
AcDbLine
 10
1111.5
 20
-679.62806431792
 30
0.0
 11
1111.5
 21
-694.62806431792
 31
0.0
  0
LINE
  5
B5D
330
17
100
AcDbEntity
  8
IV_INTERIOR_PROFILES
100
AcDbLine
 10
1120.1000000000001
 20
-679.62806431792
 30
0.0
 11
1120.5
 21
-679.62806431792
 31
0.0
  0
LINE
  5
B5E
330
17
100
AcDbEntity
  8
IV_INTERIOR_PROFILES
100
AcDbLine
 10
1120.1000000000001
 20
-694.62806431792
 30
0.0
 11
1120.1000000000001
 21
-679.62806431792
 31
0.0
  0
LINE
  5
B5F
330
17
100
AcDbEntity
  8
IV_INTERIOR_PROFILES
100
AcDbLine
 10
1120.5
 20
-694.62806431792
 30
0.0
 11
1120.1000000000001
 21
-694.62806431792
 31
0.0
  0
LINE
  5
B60
330
17
100
AcDbEntity
  8
IV_INTERIOR_PROFILES
100
AcDbLine
 10
1120.5
 20
-679.62806431792
 30
0.0
 11
1120.5
 21
-694.62806431792
 31
0.0
  0
LINE
  5
B61
330
17
100
AcDbEntity
  8
IV_INTERIOR_PROFILES
100
AcDbLine
 10
1129.1
 20
-679.62806431792
 30
0.0
 11
1129.5
 21
-679.62806431792
 31
0.0
  0
LINE
  5
B62
330
17
100
AcDbEntity
  8
IV_INTERIOR_PROFILES
100
AcDbLine
 10
1129.1
 20
-694.62806431792
 30
0.0
 11
1129.1
 21
-679.62806431792
 31
0.0
  0
LINE
  5
B63
330
17
100
AcDbEntity
  8
IV_INTERIOR_PROFILES
100
AcDbLine
 10
1129.5
 20
-694.62806431792
 30
0.0
 11
1129.1
 21
-694.62806431792
 31
0.0
  0
LINE
  5
B64
330
17
100
AcDbEntity
  8
IV_INTERIOR_PROFILES
100
AcDbLine
 10
1129.5
 20
-679.62806431792
 30
0.0
 11
1129.5
 21
-694.62806431792
 31
0.0
  0
LINE
  5
B65
330
17
100
AcDbEntity
  8
IV_INTERIOR_PROFILES
100
AcDbLine
 10
1138.1
 20
-679.62806431792
 30
0.0
 11
1138.5
 21
-679.62806431792
 31
0.0
  0
LINE
  5
B66
330
17
100
AcDbEntity
  8
IV_INTERIOR_PROFILES
100
AcDbLine
 10
1138.1
 20
-694.62806431792
 30
0.0
 11
1138.1
 21
-679.62806431792
 31
0.0
  0
LINE
  5
B67
330
17
100
AcDbEntity
  8
IV_INTERIOR_PROFILES
100
AcDbLine
 10
1138.5
 20
-694.62806431792
 30
0.0
 11
1138.1
 21
-694.62806431792
 31
0.0
  0
LINE
  5
B68
330
17
100
AcDbEntity
  8
IV_INTERIOR_PROFILES
100
AcDbLine
 10
1138.5
 20
-679.62806431792
 30
0.0
 11
1138.5
 21
-694.62806431792
 31
0.0
  0
LINE
  5
B69
330
17
100
AcDbEntity
  8
IV_INTERIOR_PROFILES
100
AcDbLine
 10
1147.1
 20
-679.62806431792
 30
0.0
 11
1147.4999999999998
 21
-679.62806431792
 31
0.0
  0
LINE
  5
B6A
330
17
100
AcDbEntity
  8
IV_INTERIOR_PROFILES
100
AcDbLine
 10
1147.1
 20
-694.62806431792
 30
0.0
 11
1147.1
 21
-679.62806431792
 31
0.0
  0
LINE
  5
B6B
330
17
100
AcDbEntity
  8
IV_INTERIOR_PROFILES
100
AcDbLine
 10
1147.4999999999998
 20
-694.62806431792
 30
0.0
 11
1147.1
 21
-694.62806431792
 31
0.0
  0
LINE
  5
B6C
330
17
100
AcDbEntity
  8
IV_INTERIOR_PROFILES
100
AcDbLine
 10
1147.4999999999998
 20
-679.62806431792
 30
0.0
 11
1147.4999999999998
 21
-694.62806431792
 31
0.0
  0
LINE
  5
B6D
330
17
100
AcDbEntity
  8
IV_INTERIOR_PROFILES
100
AcDbLine
 10
1156.1
 20
-679.62806431792
 30
0.0
 11
1156.5
 21
-679.62806431792
 31
0.0
  0
LINE
  5
B6E
330
17
100
AcDbEntity
  8
IV_INTERIOR_PROFILES
100
AcDbLine
 10
1156.1
 20
-694.62806431792
 30
0.0
 11
1156.1
 21
-679.62806431792
 31
0.0
  0
LINE
  5
B6F
330
17
100
AcDbEntity
  8
IV_INTERIOR_PROFILES
100
AcDbLine
 10
1156.5
 20
-694.62806431792
 30
0.0
 11
1156.1
 21
-694.62806431792
 31
0.0
  0
LINE
  5
B70
330
17
100
AcDbEntity
  8
IV_INTERIOR_PROFILES
100
AcDbLine
 10
1156.5
 20
-679.62806431792
 30
0.0
 11
1156.5
 21
-694.62806431792
 31
0.0
  0
LINE
  5
B71
330
17
100
AcDbEntity
  8
IV_INTERIOR_PROFILES
100
AcDbLine
 10
1165.1
 20
-679.62806431792
 30
0.0
 11
1165.5
 21
-679.62806431792
 31
0.0
  0
LINE
  5
B72
330
17
100
AcDbEntity
  8
IV_INTERIOR_PROFILES
100
AcDbLine
 10
1165.1
 20
-694.62806431792
 30
0.0
 11
1165.1
 21
-679.62806431792
 31
0.0
  0
LINE
  5
B73
330
17
100
AcDbEntity
  8
IV_INTERIOR_PROFILES
100
AcDbLine
 10
1165.5
 20
-694.62806431792
 30
0.0
 11
1165.1
 21
-694.62806431792
 31
0.0
  0
LINE
  5
B74
330
17
100
AcDbEntity
  8
IV_INTERIOR_PROFILES
100
AcDbLine
 10
1165.5
 20
-679.62806431792
 30
0.0
 11
1165.5
 21
-694.62806431792
 31
0.0
  0
LINE
  5
B75
330
17
100
AcDbEntity
  8
IV_INTERIOR_PROFILES
100
AcDbLine
 10
1174.1
 20
-679.62806431792
 30
0.0
 11
1174.5
 21
-679.62806431792
 31
0.0
  0
LINE
  5
B76
330
17
100
AcDbEntity
  8
IV_INTERIOR_PROFILES
100
AcDbLine
 10
1174.1
 20
-694.62806431792
 30
0.0
 11
1174.1
 21
-679.62806431792
 31
0.0
  0
LINE
  5
B77
330
17
100
AcDbEntity
  8
IV_INTERIOR_PROFILES
100
AcDbLine
 10
1174.5
 20
-694.62806431792
 30
0.0
 11
1174.1
 21
-694.62806431792
 31
0.0
  0
LINE
  5
B78
330
17
100
AcDbEntity
  8
IV_INTERIOR_PROFILES
100
AcDbLine
 10
1174.5
 20
-679.62806431792
 30
0.0
 11
1174.5
 21
-694.62806431792
 31
0.0
  0
LINE
  5
B79
330
17
100
AcDbEntity
  8
IV_INTERIOR_PROFILES
100
AcDbLine
 10
1183.1
 20
-679.62806431792
 30
0.0
 11
1183.5
 21
-679.62806431792
 31
0.0
  0
LINE
  5
B7A
330
17
100
AcDbEntity
  8
IV_INTERIOR_PROFILES
100
AcDbLine
 10
1183.1
 20
-694.62806431792
 30
0.0
 11
1183.1
 21
-679.62806431792
 31
0.0
  0
LINE
  5
B7B
330
17
100
AcDbEntity
  8
IV_INTERIOR_PROFILES
100
AcDbLine
 10
1183.5
 20
-694.62806431792
 30
0.0
 11
1183.1
 21
-694.62806431792
 31
0.0
  0
LINE
  5
B7C
330
17
100
AcDbEntity
  8
IV_INTERIOR_PROFILES
100
AcDbLine
 10
1183.5
 20
-679.62806431792
 30
0.0
 11
1183.5
 21
-694.62806431792
 31
0.0
  0
LINE
  5
B7D
330
17
100
AcDbEntity
  8
IV_INTERIOR_PROFILES
100
AcDbLine
 10
1192.1
 20
-679.62806431792
 30
0.0
 11
1192.5
 21
-679.62806431792
 31
0.0
  0
LINE
  5
B7E
330
17
100
AcDbEntity
  8
IV_INTERIOR_PROFILES
100
AcDbLine
 10
1192.1
 20
-694.62806431792
 30
0.0
 11
1192.1
 21
-679.62806431792
 31
0.0
  0
LINE
  5
B7F
330
17
100
AcDbEntity
  8
IV_INTERIOR_PROFILES
100
AcDbLine
 10
1192.5
 20
-694.62806431792
 30
0.0
 11
1192.1
 21
-694.62806431792
 31
0.0
  0
LINE
  5
B80
330
17
100
AcDbEntity
  8
IV_INTERIOR_PROFILES
100
AcDbLine
 10
1192.5
 20
-679.62806431792
 30
0.0
 11
1192.5
 21
-694.62806431792
 31
0.0
  0
LINE
  5
B81
330
17
100
AcDbEntity
  8
IV_INTERIOR_PROFILES
100
AcDbLine
 10
1201.1
 20
-679.62806431792
 30
0.0
 11
1201.5
 21
-679.62806431792
 31
0.0
  0
LINE
  5
B82
330
17
100
AcDbEntity
  8
IV_INTERIOR_PROFILES
100
AcDbLine
 10
1201.1
 20
-694.62806431792
 30
0.0
 11
1201.1
 21
-679.62806431792
 31
0.0
  0
LINE
  5
B83
330
17
100
AcDbEntity
  8
IV_INTERIOR_PROFILES
100
AcDbLine
 10
1201.5
 20
-694.62806431792
 30
0.0
 11
1201.1
 21
-694.62806431792
 31
0.0
  0
LINE
  5
B84
330
17
100
AcDbEntity
  8
IV_INTERIOR_PROFILES
100
AcDbLine
 10
1201.5
 20
-679.62806431792
 30
0.0
 11
1201.5
 21
-694.62806431792
 31
0.0
  0
LINE
  5
B85
330
17
100
AcDbEntity
  8
IV_INTERIOR_PROFILES
100
AcDbLine
 10
1210.1
 20
-679.62806431792
 30
0.0
 11
1210.5
 21
-679.62806431792
 31
0.0
  0
LINE
  5
B86
330
17
100
AcDbEntity
  8
IV_INTERIOR_PROFILES
100
AcDbLine
 10
1210.1
 20
-694.62806431792
 30
0.0
 11
1210.1
 21
-679.62806431792
 31
0.0
  0
LINE
  5
B87
330
17
100
AcDbEntity
  8
IV_INTERIOR_PROFILES
100
AcDbLine
 10
1210.5
 20
-694.62806431792
 30
0.0
 11
1210.1
 21
-694.62806431792
 31
0.0
  0
LINE
  5
B88
330
17
100
AcDbEntity
  8
IV_INTERIOR_PROFILES
100
AcDbLine
 10
1210.5
 20
-679.62806431792
 30
0.0
 11
1210.5
 21
-694.62806431792
 31
0.0
  0
LINE
  5
B89
330
17
100
AcDbEntity
  8
IV_INTERIOR_PROFILES
100
AcDbLine
 10
1219.1
 20
-679.62806431792
 30
0.0
 11
1219.5
 21
-679.62806431792
 31
0.0
  0
LINE
  5
B8A
330
17
100
AcDbEntity
  8
IV_INTERIOR_PROFILES
100
AcDbLine
 10
1219.1
 20
-694.62806431792
 30
0.0
 11
1219.1
 21
-679.62806431792
 31
0.0
  0
LINE
  5
B8B
330
17
100
AcDbEntity
  8
IV_INTERIOR_PROFILES
100
AcDbLine
 10
1219.5
 20
-694.62806431792
 30
0.0
 11
1219.1
 21
-694.62806431792
 31
0.0
  0
LINE
  5
B8C
330
17
100
AcDbEntity
  8
IV_INTERIOR_PROFILES
100
AcDbLine
 10
1219.5
 20
-679.62806431792
 30
0.0
 11
1219.5
 21
-694.62806431792
 31
0.0
  0
LINE
  5
B8D
330
17
100
AcDbEntity
  8
IV_INTERIOR_PROFILES
100
AcDbLine
 10
1228.1
 20
-679.62806431792
 30
0.0
 11
1228.5
 21
-679.62806431792
 31
0.0
  0
LINE
  5
B8E
330
17
100
AcDbEntity
  8
IV_INTERIOR_PROFILES
100
AcDbLine
 10
1228.1
 20
-694.62806431792
 30
0.0
 11
1228.1
 21
-679.62806431792
 31
0.0
  0
LINE
  5
B8F
330
17
100
AcDbEntity
  8
IV_INTERIOR_PROFILES
100
AcDbLine
 10
1228.5
 20
-694.62806431792
 30
0.0
 11
1228.1
 21
-694.62806431792
 31
0.0
  0
LINE
  5
B90
330
17
100
AcDbEntity
  8
IV_INTERIOR_PROFILES
100
AcDbLine
 10
1228.5
 20
-679.62806431792
 30
0.0
 11
1228.5
 21
-694.62806431792
 31
0.0
  0
LINE
  5
B91
330
17
100
AcDbEntity
  8
IV_INTERIOR_PROFILES
100
AcDbLine
 10
1237.1
 20
-679.62806431792
 30
0.0
 11
1237.5
 21
-679.62806431792
 31
0.0
  0
LINE
  5
B92
330
17
100
AcDbEntity
  8
IV_INTERIOR_PROFILES
100
AcDbLine
 10
1237.1
 20
-694.62806431792
 30
0.0
 11
1237.1
 21
-679.62806431792
 31
0.0
  0
LINE
  5
B93
330
17
100
AcDbEntity
  8
IV_INTERIOR_PROFILES
100
AcDbLine
 10
1237.5
 20
-694.62806431792
 30
0.0
 11
1237.1
 21
-694.62806431792
 31
0.0
  0
LINE
  5
B94
330
17
100
AcDbEntity
  8
IV_INTERIOR_PROFILES
100
AcDbLine
 10
1237.5
 20
-679.62806431792
 30
0.0
 11
1237.5
 21
-694.62806431792
 31
0.0
  0
LINE
  5
B95
330
17
100
AcDbEntity
  8
IV_INTERIOR_PROFILES
100
AcDbLine
 10
1246.1
 20
-679.62806431792
 30
0.0
 11
1246.5
 21
-679.62806431792
 31
0.0
  0
LINE
  5
B96
330
17
100
AcDbEntity
  8
IV_INTERIOR_PROFILES
100
AcDbLine
 10
1246.1
 20
-694.62806431792
 30
0.0
 11
1246.1
 21
-679.62806431792
 31
0.0
  0
LINE
  5
B97
330
17
100
AcDbEntity
  8
IV_INTERIOR_PROFILES
100
AcDbLine
 10
1246.5
 20
-694.62806431792
 30
0.0
 11
1246.1
 21
-694.62806431792
 31
0.0
  0
LINE
  5
B98
330
17
100
AcDbEntity
  8
IV_INTERIOR_PROFILES
100
AcDbLine
 10
1246.5
 20
-679.62806431792
 30
0.0
 11
1246.5
 21
-694.62806431792
 31
0.0
  0
LINE
  5
B99
330
17
100
AcDbEntity
  8
IV_INTERIOR_PROFILES
100
AcDbLine
 10
1255.1
 20
-679.62806431792
 30
0.0
 11
1255.5
 21
-679.62806431792
 31
0.0
  0
LINE
  5
B9A
330
17
100
AcDbEntity
  8
IV_INTERIOR_PROFILES
100
AcDbLine
 10
1255.1
 20
-694.62806431792
 30
0.0
 11
1255.1
 21
-679.62806431792
 31
0.0
  0
LINE
  5
B9B
330
17
100
AcDbEntity
  8
IV_INTERIOR_PROFILES
100
AcDbLine
 10
1255.5
 20
-694.62806431792
 30
0.0
 11
1255.1
 21
-694.62806431792
 31
0.0
  0
LINE
  5
B9C
330
17
100
AcDbEntity
  8
IV_INTERIOR_PROFILES
100
AcDbLine
 10
1255.5
 20
-679.62806431792
 30
0.0
 11
1255.5
 21
-694.62806431792
 31
0.0
  0
LINE
  5
B9D
330
17
100
AcDbEntity
  8
IV_INTERIOR_PROFILES
100
AcDbLine
 10
1264.1
 20
-679.62806431792
 30
0.0
 11
1264.5
 21
-679.62806431792
 31
0.0
  0
LINE
  5
B9E
330
17
100
AcDbEntity
  8
IV_INTERIOR_PROFILES
100
AcDbLine
 10
1264.1
 20
-694.62806431792
 30
0.0
 11
1264.1
 21
-679.62806431792
 31
0.0
  0
LINE
  5
B9F
330
17
100
AcDbEntity
  8
IV_INTERIOR_PROFILES
100
AcDbLine
 10
1264.5
 20
-694.62806431792
 30
0.0
 11
1264.1
 21
-694.62806431792
 31
0.0
  0
LINE
  5
BA0
330
17
100
AcDbEntity
  8
IV_INTERIOR_PROFILES
100
AcDbLine
 10
1264.5
 20
-679.62806431792
 30
0.0
 11
1264.5
 21
-694.62806431792
 31
0.0
  0
LINE
  5
BA1
330
17
100
AcDbEntity
  8
IV_INTERIOR_PROFILES
100
AcDbLine
 10
1273.1
 20
-679.62806431792
 30
0.0
 11
1273.5
 21
-679.62806431792
 31
0.0
  0
LINE
  5
BA2
330
17
100
AcDbEntity
  8
IV_INTERIOR_PROFILES
100
AcDbLine
 10
1273.1
 20
-694.62806431792
 30
0.0
 11
1273.1
 21
-679.62806431792
 31
0.0
  0
LINE
  5
BA3
330
17
100
AcDbEntity
  8
IV_INTERIOR_PROFILES
100
AcDbLine
 10
1273.5
 20
-694.62806431792
 30
0.0
 11
1273.1
 21
-694.62806431792
 31
0.0
  0
LINE
  5
BA4
330
17
100
AcDbEntity
  8
IV_INTERIOR_PROFILES
100
AcDbLine
 10
1273.5
 20
-679.62806431792
 30
0.0
 11
1273.5
 21
-694.62806431792
 31
0.0
  0
LINE
  5
BA5
330
17
100
AcDbEntity
  8
IV_INTERIOR_PROFILES
100
AcDbLine
 10
1282.1
 20
-679.62806431792
 30
0.0
 11
1282.5
 21
-679.62806431792
 31
0.0
  0
LINE
  5
BA6
330
17
100
AcDbEntity
  8
IV_INTERIOR_PROFILES
100
AcDbLine
 10
1282.1
 20
-694.6280643179201
 30
0.0
 11
1282.1
 21
-679.62806431792
 31
0.0
  0
LINE
  5
BA7
330
17
100
AcDbEntity
  8
IV_INTERIOR_PROFILES
100
AcDbLine
 10
1282.5
 20
-694.6280643179201
 30
0.0
 11
1282.1
 21
-694.6280643179201
 31
0.0
  0
LINE
  5
BA8
330
17
100
AcDbEntity
  8
IV_INTERIOR_PROFILES
100
AcDbLine
 10
1282.5
 20
-679.62806431792
 30
0.0
 11
1282.5
 21
-694.6280643179201
 31
0.0
  0
LINE
  5
BA9
330
17
100
AcDbEntity
  8
IV_INTERIOR_PROFILES
100
AcDbLine
 10
1291.1
 20
-679.62806431792
 30
0.0
 11
1291.5
 21
-679.62806431792
 31
0.0
  0
LINE
  5
BAA
330
17
100
AcDbEntity
  8
IV_INTERIOR_PROFILES
100
AcDbLine
 10
1291.1
 20
-694.6280643179201
 30
0.0
 11
1291.1
 21
-679.62806431792
 31
0.0
  0
LINE
  5
BAB
330
17
100
AcDbEntity
  8
IV_INTERIOR_PROFILES
100
AcDbLine
 10
1291.5
 20
-694.6280643179201
 30
0.0
 11
1291.1
 21
-694.6280643179201
 31
0.0
  0
LINE
  5
BAC
330
17
100
AcDbEntity
  8
IV_INTERIOR_PROFILES
100
AcDbLine
 10
1291.5
 20
-679.62806431792
 30
0.0
 11
1291.5
 21
-694.6280643179201
 31
0.0
  0
LINE
  5
BAD
330
17
100
AcDbEntity
  8
IV_INTERIOR_PROFILES
100
AcDbLine
 10
1300.1
 20
-679.62806431792
 30
0.0
 11
1300.5
 21
-679.62806431792
 31
0.0
  0
LINE
  5
BAE
330
17
100
AcDbEntity
  8
IV_INTERIOR_PROFILES
100
AcDbLine
 10
1300.1
 20
-694.6280643179201
 30
0.0
 11
1300.1
 21
-679.62806431792
 31
0.0
  0
LINE
  5
BAF
330
17
100
AcDbEntity
  8
IV_INTERIOR_PROFILES
100
AcDbLine
 10
1300.5
 20
-694.6280643179201
 30
0.0
 11
1300.1
 21
-694.6280643179201
 31
0.0
  0
LINE
  5
BB0
330
17
100
AcDbEntity
  8
IV_INTERIOR_PROFILES
100
AcDbLine
 10
1300.5
 20
-679.62806431792
 30
0.0
 11
1300.5
 21
-694.6280643179201
 31
0.0
  0
LINE
  5
BB1
330
17
100
AcDbEntity
  8
IV_INTERIOR_PROFILES
100
AcDbLine
 10
1309.1
 20
-679.6280643179201
 30
0.0
 11
1309.5
 21
-679.6280643179201
 31
0.0
  0
LINE
  5
BB2
330
17
100
AcDbEntity
  8
IV_INTERIOR_PROFILES
100
AcDbLine
 10
1309.1
 20
-694.6280643179201
 30
0.0
 11
1309.1
 21
-679.6280643179201
 31
0.0
  0
LINE
  5
BB3
330
17
100
AcDbEntity
  8
IV_INTERIOR_PROFILES
100
AcDbLine
 10
1309.5
 20
-694.6280643179201
 30
0.0
 11
1309.1
 21
-694.6280643179201
 31
0.0
  0
LINE
  5
BB4
330
17
100
AcDbEntity
  8
IV_INTERIOR_PROFILES
100
AcDbLine
 10
1309.5
 20
-679.6280643179201
 30
0.0
 11
1309.5
 21
-694.6280643179201
 31
0.0
  0
LINE
  5
BB5
330
17
100
AcDbEntity
  8
IV_INTERIOR_PROFILES
100
AcDbLine
 10
1318.1
 20
-679.6280643179201
 30
0.0
 11
1318.5
 21
-679.6280643179201
 31
0.0
  0
LINE
  5
BB6
330
17
100
AcDbEntity
  8
IV_INTERIOR_PROFILES
100
AcDbLine
 10
1318.1
 20
-694.6280643179201
 30
0.0
 11
1318.1
 21
-679.6280643179201
 31
0.0
  0
LINE
  5
BB7
330
17
100
AcDbEntity
  8
IV_INTERIOR_PROFILES
100
AcDbLine
 10
1318.5
 20
-694.6280643179201
 30
0.0
 11
1318.1
 21
-694.6280643179201
 31
0.0
  0
LINE
  5
BB8
330
17
100
AcDbEntity
  8
IV_INTERIOR_PROFILES
100
AcDbLine
 10
1318.5
 20
-679.6280643179201
 30
0.0
 11
1318.5
 21
-694.6280643179201
 31
0.0
  0
LINE
  5
BB9
330
17
100
AcDbEntity
  8
IV_INTERIOR_PROFILES
100
AcDbLine
 10
1327.1
 20
-679.6280643179201
 30
0.0
 11
1327.5
 21
-679.6280643179201
 31
0.0
  0
LINE
  5
BBA
330
17
100
AcDbEntity
  8
IV_INTERIOR_PROFILES
100
AcDbLine
 10
1327.1
 20
-694.6280643179201
 30
0.0
 11
1327.1
 21
-679.6280643179201
 31
0.0
  0
LINE
  5
BBB
330
17
100
AcDbEntity
  8
IV_INTERIOR_PROFILES
100
AcDbLine
 10
1327.5
 20
-694.6280643179201
 30
0.0
 11
1327.1
 21
-694.6280643179201
 31
0.0
  0
LINE
  5
BBC
330
17
100
AcDbEntity
  8
IV_INTERIOR_PROFILES
100
AcDbLine
 10
1327.5
 20
-679.6280643179201
 30
0.0
 11
1327.5
 21
-694.6280643179201
 31
0.0
  0
LINE
  5
BBD
330
17
100
AcDbEntity
  8
IV_INTERIOR_PROFILES
100
AcDbLine
 10
1336.1
 20
-679.6280643179201
 30
0.0
 11
1336.5
 21
-679.6280643179201
 31
0.0
  0
LINE
  5
BBE
330
17
100
AcDbEntity
  8
IV_INTERIOR_PROFILES
100
AcDbLine
 10
1336.1
 20
-694.6280643179201
 30
0.0
 11
1336.1
 21
-679.6280643179201
 31
0.0
  0
LINE
  5
BBF
330
17
100
AcDbEntity
  8
IV_INTERIOR_PROFILES
100
AcDbLine
 10
1336.5
 20
-694.6280643179201
 30
0.0
 11
1336.1
 21
-694.6280643179201
 31
0.0
  0
LINE
  5
BC0
330
17
100
AcDbEntity
  8
IV_INTERIOR_PROFILES
100
AcDbLine
 10
1336.5
 20
-679.6280643179201
 30
0.0
 11
1336.5
 21
-694.6280643179201
 31
0.0
  0
LINE
  5
BC1
330
17
100
AcDbEntity
  8
IV_INTERIOR_PROFILES
100
AcDbLine
 10
1345.1
 20
-679.6280643179201
 30
0.0
 11
1345.5
 21
-679.6280643179201
 31
0.0
  0
LINE
  5
BC2
330
17
100
AcDbEntity
  8
IV_INTERIOR_PROFILES
100
AcDbLine
 10
1345.1
 20
-694.6280643179201
 30
0.0
 11
1345.1
 21
-679.6280643179201
 31
0.0
  0
LINE
  5
BC3
330
17
100
AcDbEntity
  8
IV_INTERIOR_PROFILES
100
AcDbLine
 10
1345.5
 20
-694.6280643179201
 30
0.0
 11
1345.1
 21
-694.6280643179201
 31
0.0
  0
LINE
  5
BC4
330
17
100
AcDbEntity
  8
IV_INTERIOR_PROFILES
100
AcDbLine
 10
1345.5
 20
-679.6280643179201
 30
0.0
 11
1345.5
 21
-694.6280643179201
 31
0.0
  0
LINE
  5
BC5
330
17
100
AcDbEntity
  8
IV_INTERIOR_PROFILES
100
AcDbLine
 10
1354.1
 20
-679.6280643179201
 30
0.0
 11
1354.5
 21
-679.6280643179201
 31
0.0
  0
LINE
  5
BC6
330
17
100
AcDbEntity
  8
IV_INTERIOR_PROFILES
100
AcDbLine
 10
1354.1
 20
-694.6280643179201
 30
0.0
 11
1354.1
 21
-679.6280643179201
 31
0.0
  0
LINE
  5
BC7
330
17
100
AcDbEntity
  8
IV_INTERIOR_PROFILES
100
AcDbLine
 10
1354.5
 20
-694.6280643179201
 30
0.0
 11
1354.1
 21
-694.6280643179201
 31
0.0
  0
LINE
  5
BC8
330
17
100
AcDbEntity
  8
IV_INTERIOR_PROFILES
100
AcDbLine
 10
1354.5
 20
-679.6280643179201
 30
0.0
 11
1354.5
 21
-694.6280643179201
 31
0.0
  0
LINE
  5
BC9
330
17
100
AcDbEntity
  8
IV_INTERIOR_PROFILES
100
AcDbLine
 10
1363.1
 20
-679.6280643179201
 30
0.0
 11
1363.5
 21
-679.6280643179201
 31
0.0
  0
LINE
  5
BCA
330
17
100
AcDbEntity
  8
IV_INTERIOR_PROFILES
100
AcDbLine
 10
1363.1
 20
-694.6280643179201
 30
0.0
 11
1363.1
 21
-679.6280643179201
 31
0.0
  0
LINE
  5
BCB
330
17
100
AcDbEntity
  8
IV_INTERIOR_PROFILES
100
AcDbLine
 10
1363.5
 20
-694.6280643179201
 30
0.0
 11
1363.1
 21
-694.6280643179201
 31
0.0
  0
LINE
  5
BCC
330
17
100
AcDbEntity
  8
IV_INTERIOR_PROFILES
100
AcDbLine
 10
1363.5
 20
-679.6280643179201
 30
0.0
 11
1363.5
 21
-694.6280643179201
 31
0.0
  0
LINE
  5
BCD
330
17
100
AcDbEntity
  8
IV_INTERIOR_PROFILES
100
AcDbLine
 10
1372.1
 20
-679.6280643179201
 30
0.0
 11
1372.5
 21
-679.6280643179201
 31
0.0
  0
LINE
  5
BCE
330
17
100
AcDbEntity
  8
IV_INTERIOR_PROFILES
100
AcDbLine
 10
1372.1
 20
-694.6280643179201
 30
0.0
 11
1372.1
 21
-679.6280643179201
 31
0.0
  0
LINE
  5
BCF
330
17
100
AcDbEntity
  8
IV_INTERIOR_PROFILES
100
AcDbLine
 10
1372.5
 20
-694.6280643179201
 30
0.0
 11
1372.1
 21
-694.6280643179201
 31
0.0
  0
LINE
  5
BD0
330
17
100
AcDbEntity
  8
IV_INTERIOR_PROFILES
100
AcDbLine
 10
1372.5
 20
-679.6280643179201
 30
0.0
 11
1372.5
 21
-694.6280643179201
 31
0.0
  0
LINE
  5
BD1
330
17
100
AcDbEntity
  8
IV_INTERIOR_PROFILES
100
AcDbLine
 10
1381.1
 20
-679.6280643179201
 30
0.0
 11
1381.5
 21
-679.6280643179201
 31
0.0
  0
LINE
  5
BD2
330
17
100
AcDbEntity
  8
IV_INTERIOR_PROFILES
100
AcDbLine
 10
1381.1
 20
-694.6280643179201
 30
0.0
 11
1381.1
 21
-679.6280643179201
 31
0.0
  0
LINE
  5
BD3
330
17
100
AcDbEntity
  8
IV_INTERIOR_PROFILES
100
AcDbLine
 10
1381.5
 20
-694.6280643179201
 30
0.0
 11
1381.1
 21
-694.6280643179201
 31
0.0
  0
LINE
  5
BD4
330
17
100
AcDbEntity
  8
IV_INTERIOR_PROFILES
100
AcDbLine
 10
1381.5
 20
-679.6280643179201
 30
0.0
 11
1381.5
 21
-694.6280643179201
 31
0.0
  0
LINE
  5
BD5
330
17
100
AcDbEntity
  8
IV_INTERIOR_PROFILES
100
AcDbLine
 10
1390.1
 20
-679.6280643179201
 30
0.0
 11
1390.5
 21
-679.6280643179201
 31
0.0
  0
LINE
  5
BD6
330
17
100
AcDbEntity
  8
IV_INTERIOR_PROFILES
100
AcDbLine
 10
1390.1
 20
-694.6280643179201
 30
0.0
 11
1390.1
 21
-679.6280643179201
 31
0.0
  0
LINE
  5
BD7
330
17
100
AcDbEntity
  8
IV_INTERIOR_PROFILES
100
AcDbLine
 10
1390.5
 20
-694.6280643179201
 30
0.0
 11
1390.1
 21
-694.6280643179201
 31
0.0
  0
LINE
  5
BD8
330
17
100
AcDbEntity
  8
IV_INTERIOR_PROFILES
100
AcDbLine
 10
1390.5
 20
-679.6280643179201
 30
0.0
 11
1390.5
 21
-694.6280643179201
 31
0.0
  0
LINE
  5
BD9
330
17
100
AcDbEntity
  8
IV_INTERIOR_PROFILES
100
AcDbLine
 10
1399.1
 20
-679.6280643179201
 30
0.0
 11
1399.5
 21
-679.6280643179201
 31
0.0
  0
LINE
  5
BDA
330
17
100
AcDbEntity
  8
IV_INTERIOR_PROFILES
100
AcDbLine
 10
1399.1
 20
-694.6280643179201
 30
0.0
 11
1399.1
 21
-679.6280643179201
 31
0.0
  0
LINE
  5
BDB
330
17
100
AcDbEntity
  8
IV_INTERIOR_PROFILES
100
AcDbLine
 10
1399.5
 20
-694.6280643179201
 30
0.0
 11
1399.1
 21
-694.6280643179201
 31
0.0
  0
LINE
  5
BDC
330
17
100
AcDbEntity
  8
IV_INTERIOR_PROFILES
100
AcDbLine
 10
1399.5
 20
-679.6280643179201
 30
0.0
 11
1399.5
 21
-694.6280643179201
 31
0.0
  0
LINE
  5
BDD
330
17
100
AcDbEntity
  8
IV_INTERIOR_PROFILES
100
AcDbLine
 10
1408.1
 20
-679.6280643179201
 30
0.0
 11
1408.5
 21
-679.6280643179201
 31
0.0
  0
LINE
  5
BDE
330
17
100
AcDbEntity
  8
IV_INTERIOR_PROFILES
100
AcDbLine
 10
1408.1
 20
-694.6280643179201
 30
0.0
 11
1408.1
 21
-679.6280643179201
 31
0.0
  0
LINE
  5
BDF
330
17
100
AcDbEntity
  8
IV_INTERIOR_PROFILES
100
AcDbLine
 10
1408.5
 20
-694.6280643179201
 30
0.0
 11
1408.1
 21
-694.6280643179201
 31
0.0
  0
LINE
  5
BE0
330
17
100
AcDbEntity
  8
IV_INTERIOR_PROFILES
100
AcDbLine
 10
1408.5
 20
-679.6280643179201
 30
0.0
 11
1408.5
 21
-694.6280643179201
 31
0.0
  0
LINE
  5
BE1
330
17
100
AcDbEntity
  8
IV_INTERIOR_PROFILES
100
AcDbLine
 10
1417.1
 20
-679.6280643179201
 30
0.0
 11
1417.5
 21
-679.6280643179201
 31
0.0
  0
LINE
  5
BE2
330
17
100
AcDbEntity
  8
IV_INTERIOR_PROFILES
100
AcDbLine
 10
1417.1
 20
-694.6280643179201
 30
0.0
 11
1417.1
 21
-679.6280643179201
 31
0.0
  0
LINE
  5
BE3
330
17
100
AcDbEntity
  8
IV_INTERIOR_PROFILES
100
AcDbLine
 10
1417.5
 20
-694.6280643179201
 30
0.0
 11
1417.1
 21
-694.6280643179201
 31
0.0
  0
LINE
  5
BE4
330
17
100
AcDbEntity
  8
IV_INTERIOR_PROFILES
100
AcDbLine
 10
1417.5
 20
-679.6280643179201
 30
0.0
 11
1417.5
 21
-694.6280643179201
 31
0.0
  0
LINE
  5
BE5
330
17
100
AcDbEntity
  8
IV_INTERIOR_PROFILES
100
AcDbLine
 10
1426.1
 20
-679.6280643179201
 30
0.0
 11
1426.5
 21
-679.6280643179201
 31
0.0
  0
LINE
  5
BE6
330
17
100
AcDbEntity
  8
IV_INTERIOR_PROFILES
100
AcDbLine
 10
1426.1
 20
-694.6280643179201
 30
0.0
 11
1426.1
 21
-679.6280643179201
 31
0.0
  0
LINE
  5
BE7
330
17
100
AcDbEntity
  8
IV_INTERIOR_PROFILES
100
AcDbLine
 10
1426.5
 20
-694.6280643179201
 30
0.0
 11
1426.1
 21
-694.6280643179201
 31
0.0
  0
LINE
  5
BE8
330
17
100
AcDbEntity
  8
IV_INTERIOR_PROFILES
100
AcDbLine
 10
1426.5
 20
-679.6280643179201
 30
0.0
 11
1426.5
 21
-694.6280643179201
 31
0.0
  0
LINE
  5
BE9
330
17
100
AcDbEntity
  8
IV_INTERIOR_PROFILES
100
AcDbLine
 10
1435.1
 20
-679.6280643179201
 30
0.0
 11
1435.5
 21
-679.6280643179201
 31
0.0
  0
LINE
  5
BEA
330
17
100
AcDbEntity
  8
IV_INTERIOR_PROFILES
100
AcDbLine
 10
1435.1
 20
-694.6280643179201
 30
0.0
 11
1435.1
 21
-679.6280643179201
 31
0.0
  0
LINE
  5
BEB
330
17
100
AcDbEntity
  8
IV_INTERIOR_PROFILES
100
AcDbLine
 10
1435.5
 20
-694.6280643179201
 30
0.0
 11
1435.1
 21
-694.6280643179201
 31
0.0
  0
LINE
  5
BEC
330
17
100
AcDbEntity
  8
IV_INTERIOR_PROFILES
100
AcDbLine
 10
1435.5
 20
-679.6280643179201
 30
0.0
 11
1435.5
 21
-694.6280643179201
 31
0.0
  0
LINE
  5
BED
330
17
100
AcDbEntity
  8
IV_INTERIOR_PROFILES
100
AcDbLine
 10
1444.1
 20
-679.6280643179201
 30
0.0
 11
1444.5
 21
-679.6280643179201
 31
0.0
  0
LINE
  5
BEE
330
17
100
AcDbEntity
  8
IV_INTERIOR_PROFILES
100
AcDbLine
 10
1444.1
 20
-694.6280643179201
 30
0.0
 11
1444.1
 21
-679.6280643179201
 31
0.0
  0
LINE
  5
BEF
330
17
100
AcDbEntity
  8
IV_INTERIOR_PROFILES
100
AcDbLine
 10
1444.5
 20
-694.6280643179201
 30
0.0
 11
1444.1
 21
-694.6280643179201
 31
0.0
  0
LINE
  5
BF0
330
17
100
AcDbEntity
  8
IV_INTERIOR_PROFILES
100
AcDbLine
 10
1444.5
 20
-679.6280643179201
 30
0.0
 11
1444.5
 21
-694.6280643179201
 31
0.0
  0
LINE
  5
BF1
330
17
100
AcDbEntity
  8
IV_INTERIOR_PROFILES
100
AcDbLine
 10
1453.1
 20
-679.6280643179201
 30
0.0
 11
1453.5
 21
-679.6280643179201
 31
0.0
  0
LINE
  5
BF2
330
17
100
AcDbEntity
  8
IV_INTERIOR_PROFILES
100
AcDbLine
 10
1453.1
 20
-694.6280643179201
 30
0.0
 11
1453.1
 21
-679.6280643179201
 31
0.0
  0
LINE
  5
BF3
330
17
100
AcDbEntity
  8
IV_INTERIOR_PROFILES
100
AcDbLine
 10
1453.5
 20
-694.6280643179201
 30
0.0
 11
1453.1
 21
-694.6280643179201
 31
0.0
  0
LINE
  5
BF4
330
17
100
AcDbEntity
  8
IV_INTERIOR_PROFILES
100
AcDbLine
 10
1453.5
 20
-679.6280643179201
 30
0.0
 11
1453.5
 21
-694.6280643179201
 31
0.0
  0
LINE
  5
BF5
330
17
100
AcDbEntity
  8
IV_INTERIOR_PROFILES
100
AcDbLine
 10
1462.1
 20
-679.6280643179201
 30
0.0
 11
1462.5
 21
-679.6280643179201
 31
0.0
  0
LINE
  5
BF6
330
17
100
AcDbEntity
  8
IV_INTERIOR_PROFILES
100
AcDbLine
 10
1462.1
 20
-694.6280643179201
 30
0.0
 11
1462.1
 21
-679.6280643179201
 31
0.0
  0
LINE
  5
BF7
330
17
100
AcDbEntity
  8
IV_INTERIOR_PROFILES
100
AcDbLine
 10
1462.5
 20
-694.6280643179201
 30
0.0
 11
1462.1
 21
-694.6280643179201
 31
0.0
  0
LINE
  5
BF8
330
17
100
AcDbEntity
  8
IV_INTERIOR_PROFILES
100
AcDbLine
 10
1462.5
 20
-679.6280643179201
 30
0.0
 11
1462.5
 21
-694.6280643179201
 31
0.0
  0
LINE
  5
BF9
330
17
100
AcDbEntity
  8
IV_INTERIOR_PROFILES
100
AcDbLine
 10
1471.1
 20
-679.6280643179201
 30
0.0
 11
1471.5
 21
-679.6280643179201
 31
0.0
  0
LINE
  5
BFA
330
17
100
AcDbEntity
  8
IV_INTERIOR_PROFILES
100
AcDbLine
 10
1471.1
 20
-694.6280643179201
 30
0.0
 11
1471.1
 21
-679.6280643179201
 31
0.0
  0
LINE
  5
BFB
330
17
100
AcDbEntity
  8
IV_INTERIOR_PROFILES
100
AcDbLine
 10
1471.5
 20
-694.6280643179201
 30
0.0
 11
1471.1
 21
-694.6280643179201
 31
0.0
  0
LINE
  5
BFC
330
17
100
AcDbEntity
  8
IV_INTERIOR_PROFILES
100
AcDbLine
 10
1471.5
 20
-679.6280643179201
 30
0.0
 11
1471.5
 21
-694.6280643179201
 31
0.0
  0
LINE
  5
BFD
330
17
100
AcDbEntity
  8
IV_INTERIOR_PROFILES
100
AcDbLine
 10
1480.1
 20
-679.6280643179201
 30
0.0
 11
1480.5
 21
-679.6280643179201
 31
0.0
  0
LINE
  5
BFE
330
17
100
AcDbEntity
  8
IV_INTERIOR_PROFILES
100
AcDbLine
 10
1480.1
 20
-694.6280643179201
 30
0.0
 11
1480.1
 21
-679.6280643179201
 31
0.0
  0
LINE
  5
BFF
330
17
100
AcDbEntity
  8
IV_INTERIOR_PROFILES
100
AcDbLine
 10
1480.5
 20
-694.6280643179201
 30
0.0
 11
1480.1
 21
-694.6280643179201
 31
0.0
  0
LINE
  5
C00
330
17
100
AcDbEntity
  8
IV_INTERIOR_PROFILES
100
AcDbLine
 10
1480.5
 20
-679.6280643179201
 30
0.0
 11
1480.5
 21
-694.6280643179201
 31
0.0
  0
LINE
  5
C01
330
17
100
AcDbEntity
  8
IV_INTERIOR_PROFILES
100
AcDbLine
 10
1489.1
 20
-679.6280643179201
 30
0.0
 11
1489.5
 21
-679.6280643179201
 31
0.0
  0
LINE
  5
C02
330
17
100
AcDbEntity
  8
IV_INTERIOR_PROFILES
100
AcDbLine
 10
1489.1
 20
-694.6280643179201
 30
0.0
 11
1489.1
 21
-679.6280643179201
 31
0.0
  0
LINE
  5
C03
330
17
100
AcDbEntity
  8
IV_INTERIOR_PROFILES
100
AcDbLine
 10
1489.5
 20
-694.6280643179201
 30
0.0
 11
1489.1
 21
-694.6280643179201
 31
0.0
  0
LINE
  5
C04
330
17
100
AcDbEntity
  8
IV_INTERIOR_PROFILES
100
AcDbLine
 10
1489.5
 20
-679.6280643179201
 30
0.0
 11
1489.5
 21
-694.6280643179201
 31
0.0
  0
LINE
  5
C05
330
17
100
AcDbEntity
  8
IV_INTERIOR_PROFILES
100
AcDbLine
 10
1498.1
 20
-679.6280643179201
 30
0.0
 11
1498.5
 21
-679.6280643179201
 31
0.0
  0
LINE
  5
C06
330
17
100
AcDbEntity
  8
IV_INTERIOR_PROFILES
100
AcDbLine
 10
1498.1
 20
-694.6280643179201
 30
0.0
 11
1498.1
 21
-679.6280643179201
 31
0.0
  0
LINE
  5
C07
330
17
100
AcDbEntity
  8
IV_INTERIOR_PROFILES
100
AcDbLine
 10
1498.5
 20
-694.6280643179201
 30
0.0
 11
1498.1
 21
-694.6280643179201
 31
0.0
  0
LINE
  5
C08
330
17
100
AcDbEntity
  8
IV_INTERIOR_PROFILES
100
AcDbLine
 10
1498.5
 20
-679.6280643179201
 30
0.0
 11
1498.5
 21
-694.6280643179201
 31
0.0
  0
LINE
  5
C09
330
17
100
AcDbEntity
  8
IV_INTERIOR_PROFILES
100
AcDbLine
 10
1507.1
 20
-679.6280643179201
 30
0.0
 11
1507.5
 21
-679.6280643179201
 31
0.0
  0
LINE
  5
C0A
330
17
100
AcDbEntity
  8
IV_INTERIOR_PROFILES
100
AcDbLine
 10
1507.1
 20
-694.6280643179201
 30
0.0
 11
1507.1
 21
-679.6280643179201
 31
0.0
  0
LINE
  5
C0B
330
17
100
AcDbEntity
  8
IV_INTERIOR_PROFILES
100
AcDbLine
 10
1507.5
 20
-694.6280643179201
 30
0.0
 11
1507.1
 21
-694.6280643179201
 31
0.0
  0
LINE
  5
C0C
330
17
100
AcDbEntity
  8
IV_INTERIOR_PROFILES
100
AcDbLine
 10
1507.5
 20
-679.6280643179201
 30
0.0
 11
1507.5
 21
-694.6280643179201
 31
0.0
  0
LINE
  5
C0D
330
17
100
AcDbEntity
  8
IV_INTERIOR_PROFILES
100
AcDbLine
 10
1516.1
 20
-679.6280643179201
 30
0.0
 11
1516.5
 21
-679.6280643179201
 31
0.0
  0
LINE
  5
C0E
330
17
100
AcDbEntity
  8
IV_INTERIOR_PROFILES
100
AcDbLine
 10
1516.1
 20
-694.6280643179201
 30
0.0
 11
1516.1
 21
-679.6280643179201
 31
0.0
  0
LINE
  5
C0F
330
17
100
AcDbEntity
  8
IV_INTERIOR_PROFILES
100
AcDbLine
 10
1516.5
 20
-694.6280643179201
 30
0.0
 11
1516.1
 21
-694.6280643179201
 31
0.0
  0
LINE
  5
C10
330
17
100
AcDbEntity
  8
IV_INTERIOR_PROFILES
100
AcDbLine
 10
1516.5
 20
-679.6280643179201
 30
0.0
 11
1516.5
 21
-694.6280643179201
 31
0.0
  0
LINE
  5
C11
330
17
100
AcDbEntity
  8
IV_INTERIOR_PROFILES
100
AcDbLine
 10
1525.1
 20
-679.6280643179201
 30
0.0
 11
1525.5
 21
-679.6280643179201
 31
0.0
  0
LINE
  5
C12
330
17
100
AcDbEntity
  8
IV_INTERIOR_PROFILES
100
AcDbLine
 10
1525.1
 20
-694.6280643179201
 30
0.0
 11
1525.1
 21
-679.6280643179201
 31
0.0
  0
LINE
  5
C13
330
17
100
AcDbEntity
  8
IV_INTERIOR_PROFILES
100
AcDbLine
 10
1525.5
 20
-694.6280643179201
 30
0.0
 11
1525.1
 21
-694.6280643179201
 31
0.0
  0
LINE
  5
C14
330
17
100
AcDbEntity
  8
IV_INTERIOR_PROFILES
100
AcDbLine
 10
1525.5
 20
-679.6280643179201
 30
0.0
 11
1525.5
 21
-694.6280643179201
 31
0.0
  0
LINE
  5
C15
330
17
100
AcDbEntity
  8
IV_INTERIOR_PROFILES
100
AcDbLine
 10
1534.1
 20
-679.6280643179201
 30
0.0
 11
1534.5
 21
-679.6280643179201
 31
0.0
  0
LINE
  5
C16
330
17
100
AcDbEntity
  8
IV_INTERIOR_PROFILES
100
AcDbLine
 10
1534.1
 20
-694.6280643179201
 30
0.0
 11
1534.1
 21
-679.6280643179201
 31
0.0
  0
LINE
  5
C17
330
17
100
AcDbEntity
  8
IV_INTERIOR_PROFILES
100
AcDbLine
 10
1534.5
 20
-694.6280643179201
 30
0.0
 11
1534.1
 21
-694.6280643179201
 31
0.0
  0
LINE
  5
C18
330
17
100
AcDbEntity
  8
IV_INTERIOR_PROFILES
100
AcDbLine
 10
1534.5
 20
-679.6280643179201
 30
0.0
 11
1534.5
 21
-694.6280643179201
 31
0.0
  0
LINE
  5
C19
330
17
100
AcDbEntity
  8
IV_INTERIOR_PROFILES
100
AcDbLine
 10
1543.1
 20
-679.6280643179201
 30
0.0
 11
1543.5
 21
-679.6280643179201
 31
0.0
  0
LINE
  5
C1A
330
17
100
AcDbEntity
  8
IV_INTERIOR_PROFILES
100
AcDbLine
 10
1543.1
 20
-694.6280643179201
 30
0.0
 11
1543.1
 21
-679.6280643179201
 31
0.0
  0
LINE
  5
C1B
330
17
100
AcDbEntity
  8
IV_INTERIOR_PROFILES
100
AcDbLine
 10
1543.5
 20
-694.6280643179201
 30
0.0
 11
1543.1
 21
-694.6280643179201
 31
0.0
  0
LINE
  5
C1C
330
17
100
AcDbEntity
  8
IV_INTERIOR_PROFILES
100
AcDbLine
 10
1543.5
 20
-679.6280643179201
 30
0.0
 11
1543.5
 21
-694.6280643179201
 31
0.0
  0
LINE
  5
C1D
330
17
100
AcDbEntity
  8
IV_INTERIOR_PROFILES
100
AcDbLine
 10
1552.1
 20
-679.6280643179201
 30
0.0
 11
1552.5
 21
-679.6280643179201
 31
0.0
  0
LINE
  5
C1E
330
17
100
AcDbEntity
  8
IV_INTERIOR_PROFILES
100
AcDbLine
 10
1552.1
 20
-694.6280643179201
 30
0.0
 11
1552.1
 21
-679.6280643179201
 31
0.0
  0
LINE
  5
C1F
330
17
100
AcDbEntity
  8
IV_INTERIOR_PROFILES
100
AcDbLine
 10
1552.5
 20
-694.6280643179201
 30
0.0
 11
1552.1
 21
-694.6280643179201
 31
0.0
  0
LINE
  5
C20
330
17
100
AcDbEntity
  8
IV_INTERIOR_PROFILES
100
AcDbLine
 10
1552.5
 20
-679.6280643179201
 30
0.0
 11
1552.5
 21
-694.6280643179201
 31
0.0
  0
LINE
  5
C21
330
17
100
AcDbEntity
  8
IV_INTERIOR_PROFILES
100
AcDbLine
 10
1561.1
 20
-679.6280643179201
 30
0.0
 11
1561.5
 21
-679.6280643179201
 31
0.0
  0
LINE
  5
C22
330
17
100
AcDbEntity
  8
IV_INTERIOR_PROFILES
100
AcDbLine
 10
1561.1
 20
-694.6280643179201
 30
0.0
 11
1561.1
 21
-679.6280643179201
 31
0.0
  0
LINE
  5
C23
330
17
100
AcDbEntity
  8
IV_INTERIOR_PROFILES
100
AcDbLine
 10
1561.5
 20
-694.6280643179201
 30
0.0
 11
1561.1
 21
-694.6280643179201
 31
0.0
  0
LINE
  5
C24
330
17
100
AcDbEntity
  8
IV_INTERIOR_PROFILES
100
AcDbLine
 10
1561.5
 20
-679.6280643179201
 30
0.0
 11
1561.5
 21
-694.6280643179201
 31
0.0
  0
LINE
  5
C25
330
17
100
AcDbEntity
  8
IV_INTERIOR_PROFILES
100
AcDbLine
 10
1570.1
 20
-679.6280643179201
 30
0.0
 11
1570.5
 21
-679.6280643179201
 31
0.0
  0
LINE
  5
C26
330
17
100
AcDbEntity
  8
IV_INTERIOR_PROFILES
100
AcDbLine
 10
1570.1
 20
-694.6280643179201
 30
0.0
 11
1570.1
 21
-679.6280643179201
 31
0.0
  0
LINE
  5
C27
330
17
100
AcDbEntity
  8
IV_INTERIOR_PROFILES
100
AcDbLine
 10
1570.5
 20
-694.6280643179201
 30
0.0
 11
1570.1
 21
-694.6280643179201
 31
0.0
  0
LINE
  5
C28
330
17
100
AcDbEntity
  8
IV_INTERIOR_PROFILES
100
AcDbLine
 10
1570.5
 20
-679.6280643179201
 30
0.0
 11
1570.5
 21
-694.6280643179201
 31
0.0
  0
LINE
  5
C29
330
17
100
AcDbEntity
  8
IV_INTERIOR_PROFILES
100
AcDbLine
 10
1579.1
 20
-679.6280643179201
 30
0.0
 11
1579.5
 21
-679.6280643179201
 31
0.0
  0
LINE
  5
C2A
330
17
100
AcDbEntity
  8
IV_INTERIOR_PROFILES
100
AcDbLine
 10
1579.1
 20
-694.6280643179201
 30
0.0
 11
1579.1
 21
-679.6280643179201
 31
0.0
  0
LINE
  5
C2B
330
17
100
AcDbEntity
  8
IV_INTERIOR_PROFILES
100
AcDbLine
 10
1579.5
 20
-694.6280643179201
 30
0.0
 11
1579.1
 21
-694.6280643179201
 31
0.0
  0
LINE
  5
C2C
330
17
100
AcDbEntity
  8
IV_INTERIOR_PROFILES
100
AcDbLine
 10
1579.5
 20
-679.6280643179201
 30
0.0
 11
1579.5
 21
-694.6280643179201
 31
0.0
  0
LINE
  5
C2D
330
17
100
AcDbEntity
  8
IV_INTERIOR_PROFILES
100
AcDbLine
 10
1588.1
 20
-679.6280643179201
 30
0.0
 11
1588.5
 21
-679.6280643179201
 31
0.0
  0
LINE
  5
C2E
330
17
100
AcDbEntity
  8
IV_INTERIOR_PROFILES
100
AcDbLine
 10
1588.1
 20
-694.6280643179201
 30
0.0
 11
1588.1
 21
-679.6280643179201
 31
0.0
  0
LINE
  5
C2F
330
17
100
AcDbEntity
  8
IV_INTERIOR_PROFILES
100
AcDbLine
 10
1588.5
 20
-694.6280643179201
 30
0.0
 11
1588.1
 21
-694.6280643179201
 31
0.0
  0
LINE
  5
C30
330
17
100
AcDbEntity
  8
IV_INTERIOR_PROFILES
100
AcDbLine
 10
1588.5
 20
-679.6280643179201
 30
0.0
 11
1588.5
 21
-694.6280643179201
 31
0.0
  0
LINE
  5
C31
330
17
100
AcDbEntity
  8
IV_INTERIOR_PROFILES
100
AcDbLine
 10
1597.1
 20
-679.6280643179201
 30
0.0
 11
1597.5
 21
-679.6280643179201
 31
0.0
  0
LINE
  5
C32
330
17
100
AcDbEntity
  8
IV_INTERIOR_PROFILES
100
AcDbLine
 10
1597.1
 20
-694.6280643179201
 30
0.0
 11
1597.1
 21
-679.6280643179201
 31
0.0
  0
LINE
  5
C33
330
17
100
AcDbEntity
  8
IV_INTERIOR_PROFILES
100
AcDbLine
 10
1597.5
 20
-694.6280643179201
 30
0.0
 11
1597.1
 21
-694.6280643179201
 31
0.0
  0
LINE
  5
C34
330
17
100
AcDbEntity
  8
IV_INTERIOR_PROFILES
100
AcDbLine
 10
1597.5
 20
-679.6280643179201
 30
0.0
 11
1597.5
 21
-694.6280643179201
 31
0.0
  0
LINE
  5
C35
330
17
100
AcDbEntity
  8
IV_INTERIOR_PROFILES
100
AcDbLine
 10
1606.1
 20
-679.6280643179201
 30
0.0
 11
1606.5
 21
-679.6280643179201
 31
0.0
  0
LINE
  5
C36
330
17
100
AcDbEntity
  8
IV_INTERIOR_PROFILES
100
AcDbLine
 10
1606.1
 20
-694.6280643179201
 30
0.0
 11
1606.1
 21
-679.6280643179201
 31
0.0
  0
LINE
  5
C37
330
17
100
AcDbEntity
  8
IV_INTERIOR_PROFILES
100
AcDbLine
 10
1606.5
 20
-694.6280643179201
 30
0.0
 11
1606.1
 21
-694.6280643179201
 31
0.0
  0
LINE
  5
C38
330
17
100
AcDbEntity
  8
IV_INTERIOR_PROFILES
100
AcDbLine
 10
1606.5
 20
-679.6280643179201
 30
0.0
 11
1606.5
 21
-694.6280643179201
 31
0.0
  0
LINE
  5
C39
330
17
100
AcDbEntity
  8
IV_INTERIOR_PROFILES
100
AcDbLine
 10
1615.1
 20
-679.6280643179201
 30
0.0
 11
1615.5
 21
-679.6280643179201
 31
0.0
  0
LINE
  5
C3A
330
17
100
AcDbEntity
  8
IV_INTERIOR_PROFILES
100
AcDbLine
 10
1615.1
 20
-694.6280643179201
 30
0.0
 11
1615.1
 21
-679.6280643179201
 31
0.0
  0
LINE
  5
C3B
330
17
100
AcDbEntity
  8
IV_INTERIOR_PROFILES
100
AcDbLine
 10
1615.5
 20
-694.6280643179201
 30
0.0
 11
1615.1
 21
-694.6280643179201
 31
0.0
  0
LINE
  5
C3C
330
17
100
AcDbEntity
  8
IV_INTERIOR_PROFILES
100
AcDbLine
 10
1615.5
 20
-679.6280643179201
 30
0.0
 11
1615.5
 21
-694.6280643179201
 31
0.0
  0
LINE
  5
C3D
330
17
100
AcDbEntity
  8
IV_INTERIOR_PROFILES
100
AcDbLine
 10
1624.1
 20
-679.6280643179201
 30
0.0
 11
1624.5
 21
-679.6280643179201
 31
0.0
  0
LINE
  5
C3E
330
17
100
AcDbEntity
  8
IV_INTERIOR_PROFILES
100
AcDbLine
 10
1624.1
 20
-694.6280643179201
 30
0.0
 11
1624.1
 21
-679.6280643179201
 31
0.0
  0
LINE
  5
C3F
330
17
100
AcDbEntity
  8
IV_INTERIOR_PROFILES
100
AcDbLine
 10
1624.5
 20
-694.6280643179201
 30
0.0
 11
1624.1
 21
-694.6280643179201
 31
0.0
  0
LINE
  5
C40
330
17
100
AcDbEntity
  8
IV_INTERIOR_PROFILES
100
AcDbLine
 10
1624.5
 20
-679.6280643179201
 30
0.0
 11
1624.5
 21
-694.6280643179201
 31
0.0
  0
LINE
  5
C41
330
17
100
AcDbEntity
  8
IV_INTERIOR_PROFILES
100
AcDbLine
 10
1633.1
 20
-679.6280643179201
 30
0.0
 11
1633.5
 21
-679.6280643179201
 31
0.0
  0
LINE
  5
C42
330
17
100
AcDbEntity
  8
IV_INTERIOR_PROFILES
100
AcDbLine
 10
1633.1
 20
-694.6280643179201
 30
0.0
 11
1633.1
 21
-679.6280643179201
 31
0.0
  0
LINE
  5
C43
330
17
100
AcDbEntity
  8
IV_INTERIOR_PROFILES
100
AcDbLine
 10
1633.5
 20
-694.6280643179201
 30
0.0
 11
1633.1
 21
-694.6280643179201
 31
0.0
  0
LINE
  5
C44
330
17
100
AcDbEntity
  8
IV_INTERIOR_PROFILES
100
AcDbLine
 10
1633.5
 20
-679.6280643179201
 30
0.0
 11
1633.5
 21
-694.6280643179201
 31
0.0
  0
LINE
  5
C45
330
17
100
AcDbEntity
  8
IV_INTERIOR_PROFILES
100
AcDbLine
 10
1642.1
 20
-679.6280643179201
 30
0.0
 11
1642.5
 21
-679.6280643179201
 31
0.0
  0
LINE
  5
C46
330
17
100
AcDbEntity
  8
IV_INTERIOR_PROFILES
100
AcDbLine
 10
1642.1
 20
-694.6280643179201
 30
0.0
 11
1642.1
 21
-679.6280643179201
 31
0.0
  0
LINE
  5
C47
330
17
100
AcDbEntity
  8
IV_INTERIOR_PROFILES
100
AcDbLine
 10
1642.5
 20
-694.6280643179201
 30
0.0
 11
1642.1
 21
-694.6280643179201
 31
0.0
  0
LINE
  5
C48
330
17
100
AcDbEntity
  8
IV_INTERIOR_PROFILES
100
AcDbLine
 10
1642.5
 20
-679.6280643179201
 30
0.0
 11
1642.5
 21
-694.6280643179201
 31
0.0
  0
LINE
  5
C49
330
17
100
AcDbEntity
  8
IV_INTERIOR_PROFILES
100
AcDbLine
 10
1651.1
 20
-679.6280643179201
 30
0.0
 11
1651.5
 21
-679.6280643179201
 31
0.0
  0
LINE
  5
C4A
330
17
100
AcDbEntity
  8
IV_INTERIOR_PROFILES
100
AcDbLine
 10
1651.1
 20
-694.6280643179201
 30
0.0
 11
1651.1
 21
-679.6280643179201
 31
0.0
  0
LINE
  5
C4B
330
17
100
AcDbEntity
  8
IV_INTERIOR_PROFILES
100
AcDbLine
 10
1651.5
 20
-694.6280643179201
 30
0.0
 11
1651.1
 21
-694.6280643179201
 31
0.0
  0
LINE
  5
C4C
330
17
100
AcDbEntity
  8
IV_INTERIOR_PROFILES
100
AcDbLine
 10
1651.5
 20
-679.6280643179201
 30
0.0
 11
1651.5
 21
-694.6280643179201
 31
0.0
  0
LINE
  5
C4D
330
17
100
AcDbEntity
  8
IV_INTERIOR_PROFILES
100
AcDbLine
 10
1660.1
 20
-679.6280643179201
 30
0.0
 11
1660.5
 21
-679.6280643179201
 31
0.0
  0
LINE
  5
C4E
330
17
100
AcDbEntity
  8
IV_INTERIOR_PROFILES
100
AcDbLine
 10
1660.1
 20
-694.6280643179201
 30
0.0
 11
1660.1
 21
-679.6280643179201
 31
0.0
  0
LINE
  5
C4F
330
17
100
AcDbEntity
  8
IV_INTERIOR_PROFILES
100
AcDbLine
 10
1660.5
 20
-694.6280643179201
 30
0.0
 11
1660.1
 21
-694.6280643179201
 31
0.0
  0
LINE
  5
C50
330
17
100
AcDbEntity
  8
IV_INTERIOR_PROFILES
100
AcDbLine
 10
1660.5
 20
-679.6280643179201
 30
0.0
 11
1660.5
 21
-694.6280643179201
 31
0.0
  0
LINE
  5
C51
330
17
100
AcDbEntity
  8
IV_INTERIOR_PROFILES
100
AcDbLine
 10
1669.1
 20
-679.6280643179201
 30
0.0
 11
1669.5
 21
-679.6280643179201
 31
0.0
  0
LINE
  5
C52
330
17
100
AcDbEntity
  8
IV_INTERIOR_PROFILES
100
AcDbLine
 10
1669.1
 20
-694.6280643179201
 30
0.0
 11
1669.1
 21
-679.6280643179201
 31
0.0
  0
LINE
  5
C53
330
17
100
AcDbEntity
  8
IV_INTERIOR_PROFILES
100
AcDbLine
 10
1669.5
 20
-694.6280643179201
 30
0.0
 11
1669.1
 21
-694.6280643179201
 31
0.0
  0
LINE
  5
C54
330
17
100
AcDbEntity
  8
IV_INTERIOR_PROFILES
100
AcDbLine
 10
1669.5
 20
-679.6280643179201
 30
0.0
 11
1669.5
 21
-694.6280643179201
 31
0.0
  0
LINE
  5
C55
330
17
100
AcDbEntity
  8
IV_INTERIOR_PROFILES
100
AcDbLine
 10
1678.1
 20
-679.6280643179201
 30
0.0
 11
1678.5
 21
-679.6280643179201
 31
0.0
  0
LINE
  5
C56
330
17
100
AcDbEntity
  8
IV_INTERIOR_PROFILES
100
AcDbLine
 10
1678.1
 20
-694.6280643179201
 30
0.0
 11
1678.1
 21
-679.6280643179201
 31
0.0
  0
LINE
  5
C57
330
17
100
AcDbEntity
  8
IV_INTERIOR_PROFILES
100
AcDbLine
 10
1678.5
 20
-694.6280643179201
 30
0.0
 11
1678.1
 21
-694.6280643179201
 31
0.0
  0
LINE
  5
C58
330
17
100
AcDbEntity
  8
IV_INTERIOR_PROFILES
100
AcDbLine
 10
1678.5
 20
-679.6280643179201
 30
0.0
 11
1678.5
 21
-694.6280643179201
 31
0.0
  0
LINE
  5
C59
330
17
100
AcDbEntity
  8
IV_INTERIOR_PROFILES
100
AcDbLine
 10
1687.1000000000001
 20
-679.6280643179201
 30
0.0
 11
1687.5
 21
-679.6280643179201
 31
0.0
  0
LINE
  5
C5A
330
17
100
AcDbEntity
  8
IV_INTERIOR_PROFILES
100
AcDbLine
 10
1687.1000000000001
 20
-694.6280643179201
 30
0.0
 11
1687.1000000000001
 21
-679.6280643179201
 31
0.0
  0
LINE
  5
C5B
330
17
100
AcDbEntity
  8
IV_INTERIOR_PROFILES
100
AcDbLine
 10
1687.5
 20
-694.6280643179201
 30
0.0
 11
1687.1000000000001
 21
-694.6280643179201
 31
0.0
  0
LINE
  5
C5C
330
17
100
AcDbEntity
  8
IV_INTERIOR_PROFILES
100
AcDbLine
 10
1687.5
 20
-679.6280643179201
 30
0.0
 11
1687.5
 21
-694.6280643179201
 31
0.0
  0
LINE
  5
C5D
330
17
100
AcDbEntity
  8
IV_INTERIOR_PROFILES
100
AcDbLine
 10
1696.1
 20
-679.6280643179201
 30
0.0
 11
1696.5
 21
-679.6280643179201
 31
0.0
  0
LINE
  5
C5E
330
17
100
AcDbEntity
  8
IV_INTERIOR_PROFILES
100
AcDbLine
 10
1696.1
 20
-694.6280643179201
 30
0.0
 11
1696.1
 21
-679.6280643179201
 31
0.0
  0
LINE
  5
C5F
330
17
100
AcDbEntity
  8
IV_INTERIOR_PROFILES
100
AcDbLine
 10
1696.5
 20
-694.6280643179201
 30
0.0
 11
1696.1
 21
-694.6280643179201
 31
0.0
  0
LINE
  5
C60
330
17
100
AcDbEntity
  8
IV_INTERIOR_PROFILES
100
AcDbLine
 10
1696.5
 20
-679.6280643179201
 30
0.0
 11
1696.5
 21
-694.6280643179201
 31
0.0
  0
LINE
  5
C61
330
17
100
AcDbEntity
  8
IV_INTERIOR_PROFILES
100
AcDbLine
 10
1705.1
 20
-679.6280643179201
 30
0.0
 11
1705.5
 21
-679.6280643179201
 31
0.0
  0
LINE
  5
C62
330
17
100
AcDbEntity
  8
IV_INTERIOR_PROFILES
100
AcDbLine
 10
1705.1
 20
-694.6280643179201
 30
0.0
 11
1705.1
 21
-679.6280643179201
 31
0.0
  0
LINE
  5
C63
330
17
100
AcDbEntity
  8
IV_INTERIOR_PROFILES
100
AcDbLine
 10
1705.5
 20
-694.6280643179201
 30
0.0
 11
1705.1
 21
-694.6280643179201
 31
0.0
  0
LINE
  5
C64
330
17
100
AcDbEntity
  8
IV_INTERIOR_PROFILES
100
AcDbLine
 10
1705.5
 20
-679.6280643179201
 30
0.0
 11
1705.5
 21
-694.6280643179201
 31
0.0
  0
LINE
  5
C65
330
17
100
AcDbEntity
  8
IV_INTERIOR_PROFILES
100
AcDbLine
 10
1714.1
 20
-679.6280643179201
 30
0.0
 11
1714.5
 21
-679.6280643179201
 31
0.0
  0
LINE
  5
C66
330
17
100
AcDbEntity
  8
IV_INTERIOR_PROFILES
100
AcDbLine
 10
1714.1
 20
-694.6280643179201
 30
0.0
 11
1714.1
 21
-679.6280643179201
 31
0.0
  0
LINE
  5
C67
330
17
100
AcDbEntity
  8
IV_INTERIOR_PROFILES
100
AcDbLine
 10
1714.5
 20
-694.6280643179201
 30
0.0
 11
1714.1
 21
-694.6280643179201
 31
0.0
  0
LINE
  5
C68
330
17
100
AcDbEntity
  8
IV_INTERIOR_PROFILES
100
AcDbLine
 10
1714.5
 20
-679.6280643179201
 30
0.0
 11
1714.5
 21
-694.6280643179201
 31
0.0
  0
LINE
  5
C69
330
17
100
AcDbEntity
  8
IV_INTERIOR_PROFILES
100
AcDbLine
 10
1723.1
 20
-679.6280643179201
 30
0.0
 11
1723.5
 21
-679.6280643179201
 31
0.0
  0
LINE
  5
C6A
330
17
100
AcDbEntity
  8
IV_INTERIOR_PROFILES
100
AcDbLine
 10
1723.1
 20
-694.6280643179201
 30
0.0
 11
1723.1
 21
-679.6280643179201
 31
0.0
  0
LINE
  5
C6B
330
17
100
AcDbEntity
  8
IV_INTERIOR_PROFILES
100
AcDbLine
 10
1723.5
 20
-694.6280643179201
 30
0.0
 11
1723.1
 21
-694.6280643179201
 31
0.0
  0
LINE
  5
C6C
330
17
100
AcDbEntity
  8
IV_INTERIOR_PROFILES
100
AcDbLine
 10
1723.5
 20
-679.6280643179201
 30
0.0
 11
1723.5
 21
-694.6280643179201
 31
0.0
  0
LINE
  5
C6D
330
17
100
AcDbEntity
  8
IV_INTERIOR_PROFILES
100
AcDbLine
 10
1732.1000000000001
 20
-679.6280643179201
 30
0.0
 11
1732.5
 21
-679.6280643179201
 31
0.0
  0
LINE
  5
C6E
330
17
100
AcDbEntity
  8
IV_INTERIOR_PROFILES
100
AcDbLine
 10
1732.1000000000001
 20
-694.6280643179201
 30
0.0
 11
1732.1000000000001
 21
-679.6280643179201
 31
0.0
  0
LINE
  5
C6F
330
17
100
AcDbEntity
  8
IV_INTERIOR_PROFILES
100
AcDbLine
 10
1732.5
 20
-694.6280643179201
 30
0.0
 11
1732.1000000000001
 21
-694.6280643179201
 31
0.0
  0
LINE
  5
C70
330
17
100
AcDbEntity
  8
IV_INTERIOR_PROFILES
100
AcDbLine
 10
1732.5
 20
-679.6280643179201
 30
0.0
 11
1732.5
 21
-694.6280643179201
 31
0.0
  0
LINE
  5
C71
330
17
100
AcDbEntity
  8
IV_INTERIOR_PROFILES
100
AcDbLine
 10
1741.1
 20
-679.6280643179201
 30
0.0
 11
1741.5
 21
-679.6280643179201
 31
0.0
  0
LINE
  5
C72
330
17
100
AcDbEntity
  8
IV_INTERIOR_PROFILES
100
AcDbLine
 10
1741.1
 20
-694.6280643179202
 30
0.0
 11
1741.1
 21
-679.6280643179201
 31
0.0
  0
LINE
  5
C73
330
17
100
AcDbEntity
  8
IV_INTERIOR_PROFILES
100
AcDbLine
 10
1741.5
 20
-694.6280643179202
 30
0.0
 11
1741.1
 21
-694.6280643179202
 31
0.0
  0
LINE
  5
C74
330
17
100
AcDbEntity
  8
IV_INTERIOR_PROFILES
100
AcDbLine
 10
1741.5
 20
-679.6280643179201
 30
0.0
 11
1741.5
 21
-694.6280643179202
 31
0.0
  0
LINE
  5
C75
330
17
100
AcDbEntity
  8
IV_INTERIOR_PROFILES
100
AcDbLine
 10
1750.1
 20
-679.6280643179201
 30
0.0
 11
1750.5
 21
-679.6280643179201
 31
0.0
  0
LINE
  5
C76
330
17
100
AcDbEntity
  8
IV_INTERIOR_PROFILES
100
AcDbLine
 10
1750.1
 20
-694.6280643179202
 30
0.0
 11
1750.1
 21
-679.6280643179201
 31
0.0
  0
LINE
  5
C77
330
17
100
AcDbEntity
  8
IV_INTERIOR_PROFILES
100
AcDbLine
 10
1750.5
 20
-694.6280643179202
 30
0.0
 11
1750.1
 21
-694.6280643179202
 31
0.0
  0
LINE
  5
C78
330
17
100
AcDbEntity
  8
IV_INTERIOR_PROFILES
100
AcDbLine
 10
1750.5
 20
-679.6280643179201
 30
0.0
 11
1750.5
 21
-694.6280643179202
 31
0.0
  0
LINE
  5
C79
330
17
100
AcDbEntity
  8
IV_INTERIOR_PROFILES
100
AcDbLine
 10
1759.1
 20
-679.6280643179202
 30
0.0
 11
1759.5
 21
-679.6280643179202
 31
0.0
  0
LINE
  5
C7A
330
17
100
AcDbEntity
  8
IV_INTERIOR_PROFILES
100
AcDbLine
 10
1759.1
 20
-694.6280643179202
 30
0.0
 11
1759.1
 21
-679.6280643179202
 31
0.0
  0
LINE
  5
C7B
330
17
100
AcDbEntity
  8
IV_INTERIOR_PROFILES
100
AcDbLine
 10
1759.5
 20
-694.6280643179202
 30
0.0
 11
1759.1
 21
-694.6280643179202
 31
0.0
  0
LINE
  5
C7C
330
17
100
AcDbEntity
  8
IV_INTERIOR_PROFILES
100
AcDbLine
 10
1759.5
 20
-679.6280643179202
 30
0.0
 11
1759.5
 21
-694.6280643179202
 31
0.0
  0
LINE
  5
C7D
330
17
100
AcDbEntity
  8
IV_INTERIOR_PROFILES
100
AcDbLine
 10
1768.1
 20
-679.6280643179202
 30
0.0
 11
1768.5
 21
-679.6280643179202
 31
0.0
  0
LINE
  5
C7E
330
17
100
AcDbEntity
  8
IV_INTERIOR_PROFILES
100
AcDbLine
 10
1768.1
 20
-694.6280643179202
 30
0.0
 11
1768.1
 21
-679.6280643179202
 31
0.0
  0
LINE
  5
C7F
330
17
100
AcDbEntity
  8
IV_INTERIOR_PROFILES
100
AcDbLine
 10
1768.5
 20
-694.6280643179202
 30
0.0
 11
1768.1
 21
-694.6280643179202
 31
0.0
  0
LINE
  5
C80
330
17
100
AcDbEntity
  8
IV_INTERIOR_PROFILES
100
AcDbLine
 10
1768.5
 20
-679.6280643179202
 30
0.0
 11
1768.5
 21
-694.6280643179202
 31
0.0
  0
LINE
  5
C81
330
17
100
AcDbEntity
  8
IV_INTERIOR_PROFILES
100
AcDbLine
 10
1777.1
 20
-679.6280643179202
 30
0.0
 11
1777.5
 21
-679.6280643179202
 31
0.0
  0
LINE
  5
C82
330
17
100
AcDbEntity
  8
IV_INTERIOR_PROFILES
100
AcDbLine
 10
1777.1
 20
-694.6280643179202
 30
0.0
 11
1777.1
 21
-679.6280643179202
 31
0.0
  0
LINE
  5
C83
330
17
100
AcDbEntity
  8
IV_INTERIOR_PROFILES
100
AcDbLine
 10
1777.5
 20
-694.6280643179202
 30
0.0
 11
1777.1
 21
-694.6280643179202
 31
0.0
  0
LINE
  5
C84
330
17
100
AcDbEntity
  8
IV_INTERIOR_PROFILES
100
AcDbLine
 10
1777.5
 20
-679.6280643179202
 30
0.0
 11
1777.5
 21
-694.6280643179202
 31
0.0
  0
LINE
  5
C85
330
17
100
AcDbEntity
  8
IV_INTERIOR_PROFILES
100
AcDbLine
 10
1786.1
 20
-679.6280643179202
 30
0.0
 11
1786.5
 21
-679.6280643179202
 31
0.0
  0
LINE
  5
C86
330
17
100
AcDbEntity
  8
IV_INTERIOR_PROFILES
100
AcDbLine
 10
1786.1
 20
-694.6280643179202
 30
0.0
 11
1786.1
 21
-679.6280643179202
 31
0.0
  0
LINE
  5
C87
330
17
100
AcDbEntity
  8
IV_INTERIOR_PROFILES
100
AcDbLine
 10
1786.5
 20
-694.6280643179202
 30
0.0
 11
1786.1
 21
-694.6280643179202
 31
0.0
  0
LINE
  5
C88
330
17
100
AcDbEntity
  8
IV_INTERIOR_PROFILES
100
AcDbLine
 10
1786.5
 20
-679.6280643179202
 30
0.0
 11
1786.5
 21
-694.6280643179202
 31
0.0
  0
LINE
  5
C89
330
17
100
AcDbEntity
  8
IV_INTERIOR_PROFILES
100
AcDbLine
 10
1795.1
 20
-679.6280643179202
 30
0.0
 11
1795.5
 21
-679.6280643179202
 31
0.0
  0
LINE
  5
C8A
330
17
100
AcDbEntity
  8
IV_INTERIOR_PROFILES
100
AcDbLine
 10
1795.1
 20
-694.6280643179202
 30
0.0
 11
1795.1
 21
-679.6280643179202
 31
0.0
  0
LINE
  5
C8B
330
17
100
AcDbEntity
  8
IV_INTERIOR_PROFILES
100
AcDbLine
 10
1795.5
 20
-694.6280643179202
 30
0.0
 11
1795.1
 21
-694.6280643179202
 31
0.0
  0
LINE
  5
C8C
330
17
100
AcDbEntity
  8
IV_INTERIOR_PROFILES
100
AcDbLine
 10
1795.5
 20
-679.6280643179202
 30
0.0
 11
1795.5
 21
-694.6280643179202
 31
0.0
  0
LINE
  5
C8D
330
17
100
AcDbEntity
  8
IV_INTERIOR_PROFILES
100
AcDbLine
 10
1804.1
 20
-679.6280643179202
 30
0.0
 11
1804.5
 21
-679.6280643179202
 31
0.0
  0
LINE
  5
C8E
330
17
100
AcDbEntity
  8
IV_INTERIOR_PROFILES
100
AcDbLine
 10
1804.1
 20
-694.6280643179202
 30
0.0
 11
1804.1
 21
-679.6280643179202
 31
0.0
  0
LINE
  5
C8F
330
17
100
AcDbEntity
  8
IV_INTERIOR_PROFILES
100
AcDbLine
 10
1804.5
 20
-694.6280643179202
 30
0.0
 11
1804.1
 21
-694.6280643179202
 31
0.0
  0
LINE
  5
C90
330
17
100
AcDbEntity
  8
IV_INTERIOR_PROFILES
100
AcDbLine
 10
1804.5
 20
-679.6280643179202
 30
0.0
 11
1804.5
 21
-694.6280643179202
 31
0.0
  0
LINE
  5
C91
330
17
100
AcDbEntity
  8
IV_INTERIOR_PROFILES
100
AcDbLine
 10
1048.1000000000001
 20
-679.62806431792
 30
0.0
 11
1048.5
 21
-679.62806431792
 31
0.0
  0
LINE
  5
C92
330
17
100
AcDbEntity
  8
IV_INTERIOR_PROFILES
100
AcDbLine
 10
1048.1000000000001
 20
-694.62806431792
 30
0.0
 11
1048.1000000000001
 21
-679.62806431792
 31
0.0
  0
LINE
  5
C93
330
17
100
AcDbEntity
  8
IV_INTERIOR_PROFILES
100
AcDbLine
 10
1048.5
 20
-694.62806431792
 30
0.0
 11
1048.1000000000001
 21
-694.62806431792
 31
0.0
  0
LINE
  5
C94
330
17
100
AcDbEntity
  8
IV_INTERIOR_PROFILES
100
AcDbLine
 10
1048.5
 20
-679.62806431792
 30
0.0
 11
1048.5
 21
-694.62806431792
 31
0.0
  0
LINE
  5
C95
330
17
100
AcDbEntity
  8
IV_INTERIOR_PROFILES
100
AcDbLine
 10
1813.1
 20
-679.6280643179202
 30
0.0
 11
1813.5
 21
-679.6280643179202
 31
0.0
  0
LINE
  5
C96
330
17
100
AcDbEntity
  8
IV_INTERIOR_PROFILES
100
AcDbLine
 10
1813.1
 20
-694.6280643179202
 30
0.0
 11
1813.1
 21
-679.6280643179202
 31
0.0
  0
LINE
  5
C97
330
17
100
AcDbEntity
  8
IV_INTERIOR_PROFILES
100
AcDbLine
 10
1813.5
 20
-694.6280643179202
 30
0.0
 11
1813.1
 21
-694.6280643179202
 31
0.0
  0
LINE
  5
C98
330
17
100
AcDbEntity
  8
IV_INTERIOR_PROFILES
100
AcDbLine
 10
1813.5
 20
-679.6280643179202
 30
0.0
 11
1813.5
 21
-694.6280643179202
 31
0.0
  0
LINE
  5
C99
330
17
100
AcDbEntity
  8
IV_INTERIOR_PROFILES
100
AcDbLine
 10
1057.1
 20
-653.2034760428817
 30
0.0
 11
1057.4999999999998
 21
-653.2034760428817
 31
0.0
  0
LINE
  5
C9A
330
17
100
AcDbEntity
  8
IV_INTERIOR_PROFILES
100
AcDbLine
 10
1057.1
 20
-668.2034760428817
 30
0.0
 11
1057.1
 21
-653.2034760428817
 31
0.0
  0
LINE
  5
C9B
330
17
100
AcDbEntity
  8
IV_INTERIOR_PROFILES
100
AcDbLine
 10
1057.4999999999998
 20
-668.2034760428817
 30
0.0
 11
1057.1
 21
-668.2034760428817
 31
0.0
  0
LINE
  5
C9C
330
17
100
AcDbEntity
  8
IV_INTERIOR_PROFILES
100
AcDbLine
 10
1057.4999999999998
 20
-653.2034760428817
 30
0.0
 11
1057.4999999999998
 21
-668.2034760428817
 31
0.0
  0
LINE
  5
C9D
330
17
100
AcDbEntity
  8
IV_INTERIOR_PROFILES
100
AcDbLine
 10
1066.1
 20
-653.2034760428817
 30
0.0
 11
1066.5
 21
-653.2034760428817
 31
0.0
  0
LINE
  5
C9E
330
17
100
AcDbEntity
  8
IV_INTERIOR_PROFILES
100
AcDbLine
 10
1066.1
 20
-668.2034760428817
 30
0.0
 11
1066.1
 21
-653.2034760428817
 31
0.0
  0
LINE
  5
C9F
330
17
100
AcDbEntity
  8
IV_INTERIOR_PROFILES
100
AcDbLine
 10
1066.5
 20
-668.2034760428817
 30
0.0
 11
1066.1
 21
-668.2034760428817
 31
0.0
  0
LINE
  5
CA0
330
17
100
AcDbEntity
  8
IV_INTERIOR_PROFILES
100
AcDbLine
 10
1066.5
 20
-653.2034760428817
 30
0.0
 11
1066.5
 21
-668.2034760428817
 31
0.0
  0
LINE
  5
CA1
330
17
100
AcDbEntity
  8
IV_INTERIOR_PROFILES
100
AcDbLine
 10
1075.1000000000001
 20
-653.2034760428817
 30
0.0
 11
1075.5
 21
-653.2034760428817
 31
0.0
  0
LINE
  5
CA2
330
17
100
AcDbEntity
  8
IV_INTERIOR_PROFILES
100
AcDbLine
 10
1075.1000000000001
 20
-668.2034760428817
 30
0.0
 11
1075.1000000000001
 21
-653.2034760428817
 31
0.0
  0
LINE
  5
CA3
330
17
100
AcDbEntity
  8
IV_INTERIOR_PROFILES
100
AcDbLine
 10
1075.5
 20
-668.2034760428817
 30
0.0
 11
1075.1000000000001
 21
-668.2034760428817
 31
0.0
  0
LINE
  5
CA4
330
17
100
AcDbEntity
  8
IV_INTERIOR_PROFILES
100
AcDbLine
 10
1075.5
 20
-653.2034760428817
 30
0.0
 11
1075.5
 21
-668.2034760428817
 31
0.0
  0
LINE
  5
CA5
330
17
100
AcDbEntity
  8
IV_INTERIOR_PROFILES
100
AcDbLine
 10
1084.1
 20
-653.2034760428817
 30
0.0
 11
1084.5
 21
-653.2034760428817
 31
0.0
  0
LINE
  5
CA6
330
17
100
AcDbEntity
  8
IV_INTERIOR_PROFILES
100
AcDbLine
 10
1084.1
 20
-668.2034760428817
 30
0.0
 11
1084.1
 21
-653.2034760428817
 31
0.0
  0
LINE
  5
CA7
330
17
100
AcDbEntity
  8
IV_INTERIOR_PROFILES
100
AcDbLine
 10
1084.5
 20
-668.2034760428817
 30
0.0
 11
1084.1
 21
-668.2034760428817
 31
0.0
  0
LINE
  5
CA8
330
17
100
AcDbEntity
  8
IV_INTERIOR_PROFILES
100
AcDbLine
 10
1084.5
 20
-653.2034760428817
 30
0.0
 11
1084.5
 21
-668.2034760428817
 31
0.0
  0
LINE
  5
CA9
330
17
100
AcDbEntity
  8
IV_INTERIOR_PROFILES
100
AcDbLine
 10
1093.1000000000001
 20
-653.2034760428817
 30
0.0
 11
1093.5
 21
-653.2034760428817
 31
0.0
  0
LINE
  5
CAA
330
17
100
AcDbEntity
  8
IV_INTERIOR_PROFILES
100
AcDbLine
 10
1093.1000000000001
 20
-668.2034760428817
 30
0.0
 11
1093.1000000000001
 21
-653.2034760428817
 31
0.0
  0
LINE
  5
CAB
330
17
100
AcDbEntity
  8
IV_INTERIOR_PROFILES
100
AcDbLine
 10
1093.5
 20
-668.2034760428817
 30
0.0
 11
1093.1000000000001
 21
-668.2034760428817
 31
0.0
  0
LINE
  5
CAC
330
17
100
AcDbEntity
  8
IV_INTERIOR_PROFILES
100
AcDbLine
 10
1093.5
 20
-653.2034760428817
 30
0.0
 11
1093.5
 21
-668.2034760428817
 31
0.0
  0
LINE
  5
CAD
330
17
100
AcDbEntity
  8
IV_INTERIOR_PROFILES
100
AcDbLine
 10
1102.1
 20
-653.2034760428817
 30
0.0
 11
1102.4999999999998
 21
-653.2034760428817
 31
0.0
  0
LINE
  5
CAE
330
17
100
AcDbEntity
  8
IV_INTERIOR_PROFILES
100
AcDbLine
 10
1102.1
 20
-668.2034760428817
 30
0.0
 11
1102.1
 21
-653.2034760428817
 31
0.0
  0
LINE
  5
CAF
330
17
100
AcDbEntity
  8
IV_INTERIOR_PROFILES
100
AcDbLine
 10
1102.4999999999998
 20
-668.2034760428817
 30
0.0
 11
1102.1
 21
-668.2034760428817
 31
0.0
  0
LINE
  5
CB0
330
17
100
AcDbEntity
  8
IV_INTERIOR_PROFILES
100
AcDbLine
 10
1102.4999999999998
 20
-653.2034760428817
 30
0.0
 11
1102.4999999999998
 21
-668.2034760428817
 31
0.0
  0
LINE
  5
CB1
330
17
100
AcDbEntity
  8
IV_INTERIOR_PROFILES
100
AcDbLine
 10
1111.1
 20
-653.2034760428817
 30
0.0
 11
1111.5
 21
-653.2034760428817
 31
0.0
  0
LINE
  5
CB2
330
17
100
AcDbEntity
  8
IV_INTERIOR_PROFILES
100
AcDbLine
 10
1111.1
 20
-668.2034760428817
 30
0.0
 11
1111.1
 21
-653.2034760428817
 31
0.0
  0
LINE
  5
CB3
330
17
100
AcDbEntity
  8
IV_INTERIOR_PROFILES
100
AcDbLine
 10
1111.5
 20
-668.2034760428817
 30
0.0
 11
1111.1
 21
-668.2034760428817
 31
0.0
  0
LINE
  5
CB4
330
17
100
AcDbEntity
  8
IV_INTERIOR_PROFILES
100
AcDbLine
 10
1111.5
 20
-653.2034760428817
 30
0.0
 11
1111.5
 21
-668.2034760428817
 31
0.0
  0
LINE
  5
CB5
330
17
100
AcDbEntity
  8
IV_INTERIOR_PROFILES
100
AcDbLine
 10
1120.1000000000001
 20
-653.2034760428817
 30
0.0
 11
1120.5
 21
-653.2034760428817
 31
0.0
  0
LINE
  5
CB6
330
17
100
AcDbEntity
  8
IV_INTERIOR_PROFILES
100
AcDbLine
 10
1120.1000000000001
 20
-668.2034760428817
 30
0.0
 11
1120.1000000000001
 21
-653.2034760428817
 31
0.0
  0
LINE
  5
CB7
330
17
100
AcDbEntity
  8
IV_INTERIOR_PROFILES
100
AcDbLine
 10
1120.5
 20
-668.2034760428817
 30
0.0
 11
1120.1000000000001
 21
-668.2034760428817
 31
0.0
  0
LINE
  5
CB8
330
17
100
AcDbEntity
  8
IV_INTERIOR_PROFILES
100
AcDbLine
 10
1120.5
 20
-653.2034760428817
 30
0.0
 11
1120.5
 21
-668.2034760428817
 31
0.0
  0
LINE
  5
CB9
330
17
100
AcDbEntity
  8
IV_INTERIOR_PROFILES
100
AcDbLine
 10
1129.1
 20
-653.2034760428817
 30
0.0
 11
1129.5
 21
-653.2034760428817
 31
0.0
  0
LINE
  5
CBA
330
17
100
AcDbEntity
  8
IV_INTERIOR_PROFILES
100
AcDbLine
 10
1129.1
 20
-668.2034760428817
 30
0.0
 11
1129.1
 21
-653.2034760428817
 31
0.0
  0
LINE
  5
CBB
330
17
100
AcDbEntity
  8
IV_INTERIOR_PROFILES
100
AcDbLine
 10
1129.5
 20
-668.2034760428817
 30
0.0
 11
1129.1
 21
-668.2034760428817
 31
0.0
  0
LINE
  5
CBC
330
17
100
AcDbEntity
  8
IV_INTERIOR_PROFILES
100
AcDbLine
 10
1129.5
 20
-653.2034760428817
 30
0.0
 11
1129.5
 21
-668.2034760428817
 31
0.0
  0
LINE
  5
CBD
330
17
100
AcDbEntity
  8
IV_INTERIOR_PROFILES
100
AcDbLine
 10
1138.1000000000001
 20
-653.2034760428817
 30
0.0
 11
1138.5
 21
-653.2034760428817
 31
0.0
  0
LINE
  5
CBE
330
17
100
AcDbEntity
  8
IV_INTERIOR_PROFILES
100
AcDbLine
 10
1138.1
 20
-668.2034760428817
 30
0.0
 11
1138.1000000000001
 21
-653.2034760428817
 31
0.0
  0
LINE
  5
CBF
330
17
100
AcDbEntity
  8
IV_INTERIOR_PROFILES
100
AcDbLine
 10
1138.5
 20
-668.2034760428817
 30
0.0
 11
1138.1
 21
-668.2034760428817
 31
0.0
  0
LINE
  5
CC0
330
17
100
AcDbEntity
  8
IV_INTERIOR_PROFILES
100
AcDbLine
 10
1138.5
 20
-653.2034760428817
 30
0.0
 11
1138.5
 21
-668.2034760428817
 31
0.0
  0
LINE
  5
CC1
330
17
100
AcDbEntity
  8
IV_INTERIOR_PROFILES
100
AcDbLine
 10
1147.1
 20
-653.2034760428817
 30
0.0
 11
1147.5
 21
-653.2034760428817
 31
0.0
  0
LINE
  5
CC2
330
17
100
AcDbEntity
  8
IV_INTERIOR_PROFILES
100
AcDbLine
 10
1147.1
 20
-668.2034760428817
 30
0.0
 11
1147.1
 21
-653.2034760428817
 31
0.0
  0
LINE
  5
CC3
330
17
100
AcDbEntity
  8
IV_INTERIOR_PROFILES
100
AcDbLine
 10
1147.4999999999998
 20
-668.2034760428817
 30
0.0
 11
1147.1
 21
-668.2034760428817
 31
0.0
  0
LINE
  5
CC4
330
17
100
AcDbEntity
  8
IV_INTERIOR_PROFILES
100
AcDbLine
 10
1147.5
 20
-653.2034760428817
 30
0.0
 11
1147.4999999999998
 21
-668.2034760428817
 31
0.0
  0
LINE
  5
CC5
330
17
100
AcDbEntity
  8
IV_INTERIOR_PROFILES
100
AcDbLine
 10
1156.1
 20
-653.2034760428817
 30
0.0
 11
1156.5
 21
-653.2034760428817
 31
0.0
  0
LINE
  5
CC6
330
17
100
AcDbEntity
  8
IV_INTERIOR_PROFILES
100
AcDbLine
 10
1156.1
 20
-668.2034760428817
 30
0.0
 11
1156.1
 21
-653.2034760428817
 31
0.0
  0
LINE
  5
CC7
330
17
100
AcDbEntity
  8
IV_INTERIOR_PROFILES
100
AcDbLine
 10
1156.5
 20
-668.2034760428817
 30
0.0
 11
1156.1
 21
-668.2034760428817
 31
0.0
  0
LINE
  5
CC8
330
17
100
AcDbEntity
  8
IV_INTERIOR_PROFILES
100
AcDbLine
 10
1156.5
 20
-653.2034760428817
 30
0.0
 11
1156.5
 21
-668.2034760428817
 31
0.0
  0
LINE
  5
CC9
330
17
100
AcDbEntity
  8
IV_INTERIOR_PROFILES
100
AcDbLine
 10
1165.1000000000001
 20
-653.2034760428817
 30
0.0
 11
1165.5
 21
-653.2034760428817
 31
0.0
  0
LINE
  5
CCA
330
17
100
AcDbEntity
  8
IV_INTERIOR_PROFILES
100
AcDbLine
 10
1165.1
 20
-668.2034760428817
 30
0.0
 11
1165.1000000000001
 21
-653.2034760428817
 31
0.0
  0
LINE
  5
CCB
330
17
100
AcDbEntity
  8
IV_INTERIOR_PROFILES
100
AcDbLine
 10
1165.5
 20
-668.2034760428817
 30
0.0
 11
1165.1
 21
-668.2034760428817
 31
0.0
  0
LINE
  5
CCC
330
17
100
AcDbEntity
  8
IV_INTERIOR_PROFILES
100
AcDbLine
 10
1165.5
 20
-653.2034760428817
 30
0.0
 11
1165.5
 21
-668.2034760428817
 31
0.0
  0
LINE
  5
CCD
330
17
100
AcDbEntity
  8
IV_INTERIOR_PROFILES
100
AcDbLine
 10
1174.1
 20
-653.2034760428817
 30
0.0
 11
1174.5
 21
-653.2034760428817
 31
0.0
  0
LINE
  5
CCE
330
17
100
AcDbEntity
  8
IV_INTERIOR_PROFILES
100
AcDbLine
 10
1174.1
 20
-668.2034760428817
 30
0.0
 11
1174.1
 21
-653.2034760428817
 31
0.0
  0
LINE
  5
CCF
330
17
100
AcDbEntity
  8
IV_INTERIOR_PROFILES
100
AcDbLine
 10
1174.5
 20
-668.2034760428817
 30
0.0
 11
1174.1
 21
-668.2034760428817
 31
0.0
  0
LINE
  5
CD0
330
17
100
AcDbEntity
  8
IV_INTERIOR_PROFILES
100
AcDbLine
 10
1174.5
 20
-653.2034760428817
 30
0.0
 11
1174.5
 21
-668.2034760428817
 31
0.0
  0
LINE
  5
CD1
330
17
100
AcDbEntity
  8
IV_INTERIOR_PROFILES
100
AcDbLine
 10
1183.1
 20
-653.2034760428817
 30
0.0
 11
1183.5
 21
-653.2034760428817
 31
0.0
  0
LINE
  5
CD2
330
17
100
AcDbEntity
  8
IV_INTERIOR_PROFILES
100
AcDbLine
 10
1183.1
 20
-668.2034760428817
 30
0.0
 11
1183.1
 21
-653.2034760428817
 31
0.0
  0
LINE
  5
CD3
330
17
100
AcDbEntity
  8
IV_INTERIOR_PROFILES
100
AcDbLine
 10
1183.5
 20
-668.2034760428817
 30
0.0
 11
1183.1
 21
-668.2034760428817
 31
0.0
  0
LINE
  5
CD4
330
17
100
AcDbEntity
  8
IV_INTERIOR_PROFILES
100
AcDbLine
 10
1183.5
 20
-653.2034760428817
 30
0.0
 11
1183.5
 21
-668.2034760428817
 31
0.0
  0
LINE
  5
CD5
330
17
100
AcDbEntity
  8
IV_INTERIOR_PROFILES
100
AcDbLine
 10
1192.1
 20
-653.2034760428817
 30
0.0
 11
1192.5
 21
-653.2034760428817
 31
0.0
  0
LINE
  5
CD6
330
17
100
AcDbEntity
  8
IV_INTERIOR_PROFILES
100
AcDbLine
 10
1192.1
 20
-668.2034760428817
 30
0.0
 11
1192.1
 21
-653.2034760428817
 31
0.0
  0
LINE
  5
CD7
330
17
100
AcDbEntity
  8
IV_INTERIOR_PROFILES
100
AcDbLine
 10
1192.5
 20
-668.2034760428817
 30
0.0
 11
1192.1
 21
-668.2034760428817
 31
0.0
  0
LINE
  5
CD8
330
17
100
AcDbEntity
  8
IV_INTERIOR_PROFILES
100
AcDbLine
 10
1192.5
 20
-653.2034760428817
 30
0.0
 11
1192.5
 21
-668.2034760428817
 31
0.0
  0
LINE
  5
CD9
330
17
100
AcDbEntity
  8
IV_INTERIOR_PROFILES
100
AcDbLine
 10
1201.1
 20
-653.2034760428817
 30
0.0
 11
1201.5
 21
-653.2034760428817
 31
0.0
  0
LINE
  5
CDA
330
17
100
AcDbEntity
  8
IV_INTERIOR_PROFILES
100
AcDbLine
 10
1201.1
 20
-668.2034760428817
 30
0.0
 11
1201.1
 21
-653.2034760428817
 31
0.0
  0
LINE
  5
CDB
330
17
100
AcDbEntity
  8
IV_INTERIOR_PROFILES
100
AcDbLine
 10
1201.5
 20
-668.2034760428817
 30
0.0
 11
1201.1
 21
-668.2034760428817
 31
0.0
  0
LINE
  5
CDC
330
17
100
AcDbEntity
  8
IV_INTERIOR_PROFILES
100
AcDbLine
 10
1201.5
 20
-653.2034760428817
 30
0.0
 11
1201.5
 21
-668.2034760428817
 31
0.0
  0
LINE
  5
CDD
330
17
100
AcDbEntity
  8
IV_INTERIOR_PROFILES
100
AcDbLine
 10
1210.1
 20
-653.2034760428817
 30
0.0
 11
1210.5
 21
-653.2034760428817
 31
0.0
  0
LINE
  5
CDE
330
17
100
AcDbEntity
  8
IV_INTERIOR_PROFILES
100
AcDbLine
 10
1210.1
 20
-668.2034760428817
 30
0.0
 11
1210.1
 21
-653.2034760428817
 31
0.0
  0
LINE
  5
CDF
330
17
100
AcDbEntity
  8
IV_INTERIOR_PROFILES
100
AcDbLine
 10
1210.5
 20
-668.2034760428817
 30
0.0
 11
1210.1
 21
-668.2034760428817
 31
0.0
  0
LINE
  5
CE0
330
17
100
AcDbEntity
  8
IV_INTERIOR_PROFILES
100
AcDbLine
 10
1210.5
 20
-653.2034760428817
 30
0.0
 11
1210.5
 21
-668.2034760428817
 31
0.0
  0
LINE
  5
CE1
330
17
100
AcDbEntity
  8
IV_INTERIOR_PROFILES
100
AcDbLine
 10
1219.1
 20
-653.2034760428817
 30
0.0
 11
1219.5
 21
-653.2034760428817
 31
0.0
  0
LINE
  5
CE2
330
17
100
AcDbEntity
  8
IV_INTERIOR_PROFILES
100
AcDbLine
 10
1219.1
 20
-668.2034760428817
 30
0.0
 11
1219.1
 21
-653.2034760428817
 31
0.0
  0
LINE
  5
CE3
330
17
100
AcDbEntity
  8
IV_INTERIOR_PROFILES
100
AcDbLine
 10
1219.5
 20
-668.2034760428817
 30
0.0
 11
1219.1
 21
-668.2034760428817
 31
0.0
  0
LINE
  5
CE4
330
17
100
AcDbEntity
  8
IV_INTERIOR_PROFILES
100
AcDbLine
 10
1219.5
 20
-653.2034760428817
 30
0.0
 11
1219.5
 21
-668.2034760428817
 31
0.0
  0
LINE
  5
CE5
330
17
100
AcDbEntity
  8
IV_INTERIOR_PROFILES
100
AcDbLine
 10
1228.1
 20
-653.2034760428817
 30
0.0
 11
1228.5
 21
-653.2034760428817
 31
0.0
  0
LINE
  5
CE6
330
17
100
AcDbEntity
  8
IV_INTERIOR_PROFILES
100
AcDbLine
 10
1228.1
 20
-668.2034760428817
 30
0.0
 11
1228.1
 21
-653.2034760428817
 31
0.0
  0
LINE
  5
CE7
330
17
100
AcDbEntity
  8
IV_INTERIOR_PROFILES
100
AcDbLine
 10
1228.5
 20
-668.2034760428817
 30
0.0
 11
1228.1
 21
-668.2034760428817
 31
0.0
  0
LINE
  5
CE8
330
17
100
AcDbEntity
  8
IV_INTERIOR_PROFILES
100
AcDbLine
 10
1228.5
 20
-653.2034760428817
 30
0.0
 11
1228.5
 21
-668.2034760428817
 31
0.0
  0
LINE
  5
CE9
330
17
100
AcDbEntity
  8
IV_INTERIOR_PROFILES
100
AcDbLine
 10
1237.1
 20
-653.2034760428817
 30
0.0
 11
1237.5
 21
-653.2034760428817
 31
0.0
  0
LINE
  5
CEA
330
17
100
AcDbEntity
  8
IV_INTERIOR_PROFILES
100
AcDbLine
 10
1237.1
 20
-668.2034760428817
 30
0.0
 11
1237.1
 21
-653.2034760428817
 31
0.0
  0
LINE
  5
CEB
330
17
100
AcDbEntity
  8
IV_INTERIOR_PROFILES
100
AcDbLine
 10
1237.5
 20
-668.2034760428817
 30
0.0
 11
1237.1
 21
-668.2034760428817
 31
0.0
  0
LINE
  5
CEC
330
17
100
AcDbEntity
  8
IV_INTERIOR_PROFILES
100
AcDbLine
 10
1237.5
 20
-653.2034760428817
 30
0.0
 11
1237.5
 21
-668.2034760428817
 31
0.0
  0
LINE
  5
CED
330
17
100
AcDbEntity
  8
IV_INTERIOR_PROFILES
100
AcDbLine
 10
1246.1
 20
-653.2034760428817
 30
0.0
 11
1246.5
 21
-653.2034760428817
 31
0.0
  0
LINE
  5
CEE
330
17
100
AcDbEntity
  8
IV_INTERIOR_PROFILES
100
AcDbLine
 10
1246.1
 20
-668.2034760428817
 30
0.0
 11
1246.1
 21
-653.2034760428817
 31
0.0
  0
LINE
  5
CEF
330
17
100
AcDbEntity
  8
IV_INTERIOR_PROFILES
100
AcDbLine
 10
1246.5
 20
-668.2034760428817
 30
0.0
 11
1246.1
 21
-668.2034760428817
 31
0.0
  0
LINE
  5
CF0
330
17
100
AcDbEntity
  8
IV_INTERIOR_PROFILES
100
AcDbLine
 10
1246.5
 20
-653.2034760428817
 30
0.0
 11
1246.5
 21
-668.2034760428817
 31
0.0
  0
LINE
  5
CF1
330
17
100
AcDbEntity
  8
IV_INTERIOR_PROFILES
100
AcDbLine
 10
1255.1
 20
-653.2034760428817
 30
0.0
 11
1255.5
 21
-653.2034760428817
 31
0.0
  0
LINE
  5
CF2
330
17
100
AcDbEntity
  8
IV_INTERIOR_PROFILES
100
AcDbLine
 10
1255.1
 20
-668.2034760428817
 30
0.0
 11
1255.1
 21
-653.2034760428817
 31
0.0
  0
LINE
  5
CF3
330
17
100
AcDbEntity
  8
IV_INTERIOR_PROFILES
100
AcDbLine
 10
1255.5
 20
-668.2034760428817
 30
0.0
 11
1255.1
 21
-668.2034760428817
 31
0.0
  0
LINE
  5
CF4
330
17
100
AcDbEntity
  8
IV_INTERIOR_PROFILES
100
AcDbLine
 10
1255.5
 20
-653.2034760428817
 30
0.0
 11
1255.5
 21
-668.2034760428817
 31
0.0
  0
LINE
  5
CF5
330
17
100
AcDbEntity
  8
IV_INTERIOR_PROFILES
100
AcDbLine
 10
1264.1
 20
-653.2034760428817
 30
0.0
 11
1264.5
 21
-653.2034760428817
 31
0.0
  0
LINE
  5
CF6
330
17
100
AcDbEntity
  8
IV_INTERIOR_PROFILES
100
AcDbLine
 10
1264.1
 20
-668.2034760428817
 30
0.0
 11
1264.1
 21
-653.2034760428817
 31
0.0
  0
LINE
  5
CF7
330
17
100
AcDbEntity
  8
IV_INTERIOR_PROFILES
100
AcDbLine
 10
1264.5
 20
-668.2034760428817
 30
0.0
 11
1264.1
 21
-668.2034760428817
 31
0.0
  0
LINE
  5
CF8
330
17
100
AcDbEntity
  8
IV_INTERIOR_PROFILES
100
AcDbLine
 10
1264.5
 20
-653.2034760428817
 30
0.0
 11
1264.5
 21
-668.2034760428817
 31
0.0
  0
LINE
  5
CF9
330
17
100
AcDbEntity
  8
IV_INTERIOR_PROFILES
100
AcDbLine
 10
1273.1
 20
-653.2034760428817
 30
0.0
 11
1273.5
 21
-653.2034760428817
 31
0.0
  0
LINE
  5
CFA
330
17
100
AcDbEntity
  8
IV_INTERIOR_PROFILES
100
AcDbLine
 10
1273.1
 20
-668.2034760428817
 30
0.0
 11
1273.1
 21
-653.2034760428817
 31
0.0
  0
LINE
  5
CFB
330
17
100
AcDbEntity
  8
IV_INTERIOR_PROFILES
100
AcDbLine
 10
1273.5
 20
-668.2034760428817
 30
0.0
 11
1273.1
 21
-668.2034760428817
 31
0.0
  0
LINE
  5
CFC
330
17
100
AcDbEntity
  8
IV_INTERIOR_PROFILES
100
AcDbLine
 10
1273.5
 20
-653.2034760428817
 30
0.0
 11
1273.5
 21
-668.2034760428817
 31
0.0
  0
LINE
  5
CFD
330
17
100
AcDbEntity
  8
IV_INTERIOR_PROFILES
100
AcDbLine
 10
1282.1
 20
-653.2034760428817
 30
0.0
 11
1282.5
 21
-653.2034760428817
 31
0.0
  0
LINE
  5
CFE
330
17
100
AcDbEntity
  8
IV_INTERIOR_PROFILES
100
AcDbLine
 10
1282.1
 20
-668.2034760428817
 30
0.0
 11
1282.1
 21
-653.2034760428817
 31
0.0
  0
LINE
  5
CFF
330
17
100
AcDbEntity
  8
IV_INTERIOR_PROFILES
100
AcDbLine
 10
1282.5
 20
-668.2034760428817
 30
0.0
 11
1282.1
 21
-668.2034760428817
 31
0.0
  0
LINE
  5
D00
330
17
100
AcDbEntity
  8
IV_INTERIOR_PROFILES
100
AcDbLine
 10
1282.5
 20
-653.2034760428817
 30
0.0
 11
1282.5
 21
-668.2034760428817
 31
0.0
  0
LINE
  5
D01
330
17
100
AcDbEntity
  8
IV_INTERIOR_PROFILES
100
AcDbLine
 10
1291.1
 20
-653.2034760428817
 30
0.0
 11
1291.5
 21
-653.2034760428817
 31
0.0
  0
LINE
  5
D02
330
17
100
AcDbEntity
  8
IV_INTERIOR_PROFILES
100
AcDbLine
 10
1291.1
 20
-668.2034760428817
 30
0.0
 11
1291.1
 21
-653.2034760428817
 31
0.0
  0
LINE
  5
D03
330
17
100
AcDbEntity
  8
IV_INTERIOR_PROFILES
100
AcDbLine
 10
1291.5
 20
-668.2034760428817
 30
0.0
 11
1291.1
 21
-668.2034760428817
 31
0.0
  0
LINE
  5
D04
330
17
100
AcDbEntity
  8
IV_INTERIOR_PROFILES
100
AcDbLine
 10
1291.5
 20
-653.2034760428817
 30
0.0
 11
1291.5
 21
-668.2034760428817
 31
0.0
  0
LINE
  5
D05
330
17
100
AcDbEntity
  8
IV_INTERIOR_PROFILES
100
AcDbLine
 10
1300.1
 20
-653.2034760428817
 30
0.0
 11
1300.5
 21
-653.2034760428817
 31
0.0
  0
LINE
  5
D06
330
17
100
AcDbEntity
  8
IV_INTERIOR_PROFILES
100
AcDbLine
 10
1300.1
 20
-668.2034760428817
 30
0.0
 11
1300.1
 21
-653.2034760428817
 31
0.0
  0
LINE
  5
D07
330
17
100
AcDbEntity
  8
IV_INTERIOR_PROFILES
100
AcDbLine
 10
1300.5
 20
-668.2034760428817
 30
0.0
 11
1300.1
 21
-668.2034760428817
 31
0.0
  0
LINE
  5
D08
330
17
100
AcDbEntity
  8
IV_INTERIOR_PROFILES
100
AcDbLine
 10
1300.5
 20
-653.2034760428817
 30
0.0
 11
1300.5
 21
-668.2034760428817
 31
0.0
  0
LINE
  5
D09
330
17
100
AcDbEntity
  8
IV_INTERIOR_PROFILES
100
AcDbLine
 10
1309.1
 20
-653.2034760428817
 30
0.0
 11
1309.5
 21
-653.2034760428817
 31
0.0
  0
LINE
  5
D0A
330
17
100
AcDbEntity
  8
IV_INTERIOR_PROFILES
100
AcDbLine
 10
1309.1
 20
-668.2034760428817
 30
0.0
 11
1309.1
 21
-653.2034760428817
 31
0.0
  0
LINE
  5
D0B
330
17
100
AcDbEntity
  8
IV_INTERIOR_PROFILES
100
AcDbLine
 10
1309.5
 20
-668.2034760428817
 30
0.0
 11
1309.1
 21
-668.2034760428817
 31
0.0
  0
LINE
  5
D0C
330
17
100
AcDbEntity
  8
IV_INTERIOR_PROFILES
100
AcDbLine
 10
1309.5
 20
-653.2034760428817
 30
0.0
 11
1309.5
 21
-668.2034760428817
 31
0.0
  0
LINE
  5
D0D
330
17
100
AcDbEntity
  8
IV_INTERIOR_PROFILES
100
AcDbLine
 10
1318.1
 20
-653.2034760428817
 30
0.0
 11
1318.5
 21
-653.2034760428817
 31
0.0
  0
LINE
  5
D0E
330
17
100
AcDbEntity
  8
IV_INTERIOR_PROFILES
100
AcDbLine
 10
1318.1
 20
-668.2034760428817
 30
0.0
 11
1318.1
 21
-653.2034760428817
 31
0.0
  0
LINE
  5
D0F
330
17
100
AcDbEntity
  8
IV_INTERIOR_PROFILES
100
AcDbLine
 10
1318.5
 20
-668.2034760428817
 30
0.0
 11
1318.1
 21
-668.2034760428817
 31
0.0
  0
LINE
  5
D10
330
17
100
AcDbEntity
  8
IV_INTERIOR_PROFILES
100
AcDbLine
 10
1318.5
 20
-653.2034760428817
 30
0.0
 11
1318.5
 21
-668.2034760428817
 31
0.0
  0
LINE
  5
D11
330
17
100
AcDbEntity
  8
IV_INTERIOR_PROFILES
100
AcDbLine
 10
1327.1
 20
-653.2034760428817
 30
0.0
 11
1327.5
 21
-653.2034760428817
 31
0.0
  0
LINE
  5
D12
330
17
100
AcDbEntity
  8
IV_INTERIOR_PROFILES
100
AcDbLine
 10
1327.1
 20
-668.2034760428817
 30
0.0
 11
1327.1
 21
-653.2034760428817
 31
0.0
  0
LINE
  5
D13
330
17
100
AcDbEntity
  8
IV_INTERIOR_PROFILES
100
AcDbLine
 10
1327.5
 20
-668.2034760428817
 30
0.0
 11
1327.1
 21
-668.2034760428817
 31
0.0
  0
LINE
  5
D14
330
17
100
AcDbEntity
  8
IV_INTERIOR_PROFILES
100
AcDbLine
 10
1327.5
 20
-653.2034760428817
 30
0.0
 11
1327.5
 21
-668.2034760428817
 31
0.0
  0
LINE
  5
D15
330
17
100
AcDbEntity
  8
IV_INTERIOR_PROFILES
100
AcDbLine
 10
1336.1
 20
-653.2034760428817
 30
0.0
 11
1336.5
 21
-653.2034760428817
 31
0.0
  0
LINE
  5
D16
330
17
100
AcDbEntity
  8
IV_INTERIOR_PROFILES
100
AcDbLine
 10
1336.1
 20
-668.2034760428817
 30
0.0
 11
1336.1
 21
-653.2034760428817
 31
0.0
  0
LINE
  5
D17
330
17
100
AcDbEntity
  8
IV_INTERIOR_PROFILES
100
AcDbLine
 10
1336.5
 20
-668.2034760428817
 30
0.0
 11
1336.1
 21
-668.2034760428817
 31
0.0
  0
LINE
  5
D18
330
17
100
AcDbEntity
  8
IV_INTERIOR_PROFILES
100
AcDbLine
 10
1336.5
 20
-653.2034760428817
 30
0.0
 11
1336.5
 21
-668.2034760428817
 31
0.0
  0
LINE
  5
D19
330
17
100
AcDbEntity
  8
IV_INTERIOR_PROFILES
100
AcDbLine
 10
1345.1
 20
-653.2034760428817
 30
0.0
 11
1345.5
 21
-653.2034760428817
 31
0.0
  0
LINE
  5
D1A
330
17
100
AcDbEntity
  8
IV_INTERIOR_PROFILES
100
AcDbLine
 10
1345.1
 20
-668.2034760428817
 30
0.0
 11
1345.1
 21
-653.2034760428817
 31
0.0
  0
LINE
  5
D1B
330
17
100
AcDbEntity
  8
IV_INTERIOR_PROFILES
100
AcDbLine
 10
1345.5
 20
-668.2034760428817
 30
0.0
 11
1345.1
 21
-668.2034760428817
 31
0.0
  0
LINE
  5
D1C
330
17
100
AcDbEntity
  8
IV_INTERIOR_PROFILES
100
AcDbLine
 10
1345.5
 20
-653.2034760428817
 30
0.0
 11
1345.5
 21
-668.2034760428817
 31
0.0
  0
LINE
  5
D1D
330
17
100
AcDbEntity
  8
IV_INTERIOR_PROFILES
100
AcDbLine
 10
1354.1
 20
-653.2034760428818
 30
0.0
 11
1354.5
 21
-653.2034760428818
 31
0.0
  0
LINE
  5
D1E
330
17
100
AcDbEntity
  8
IV_INTERIOR_PROFILES
100
AcDbLine
 10
1354.1
 20
-668.2034760428817
 30
0.0
 11
1354.1
 21
-653.2034760428818
 31
0.0
  0
LINE
  5
D1F
330
17
100
AcDbEntity
  8
IV_INTERIOR_PROFILES
100
AcDbLine
 10
1354.5
 20
-668.2034760428817
 30
0.0
 11
1354.1
 21
-668.2034760428817
 31
0.0
  0
LINE
  5
D20
330
17
100
AcDbEntity
  8
IV_INTERIOR_PROFILES
100
AcDbLine
 10
1354.5
 20
-653.2034760428818
 30
0.0
 11
1354.5
 21
-668.2034760428817
 31
0.0
  0
LINE
  5
D21
330
17
100
AcDbEntity
  8
IV_INTERIOR_PROFILES
100
AcDbLine
 10
1363.1
 20
-653.2034760428818
 30
0.0
 11
1363.5
 21
-653.2034760428818
 31
0.0
  0
LINE
  5
D22
330
17
100
AcDbEntity
  8
IV_INTERIOR_PROFILES
100
AcDbLine
 10
1363.1
 20
-668.2034760428817
 30
0.0
 11
1363.1
 21
-653.2034760428818
 31
0.0
  0
LINE
  5
D23
330
17
100
AcDbEntity
  8
IV_INTERIOR_PROFILES
100
AcDbLine
 10
1363.5
 20
-668.2034760428817
 30
0.0
 11
1363.1
 21
-668.2034760428817
 31
0.0
  0
LINE
  5
D24
330
17
100
AcDbEntity
  8
IV_INTERIOR_PROFILES
100
AcDbLine
 10
1363.5
 20
-653.2034760428818
 30
0.0
 11
1363.5
 21
-668.2034760428817
 31
0.0
  0
LINE
  5
D25
330
17
100
AcDbEntity
  8
IV_INTERIOR_PROFILES
100
AcDbLine
 10
1372.1
 20
-653.2034760428818
 30
0.0
 11
1372.5
 21
-653.2034760428818
 31
0.0
  0
LINE
  5
D26
330
17
100
AcDbEntity
  8
IV_INTERIOR_PROFILES
100
AcDbLine
 10
1372.1
 20
-668.2034760428817
 30
0.0
 11
1372.1
 21
-653.2034760428818
 31
0.0
  0
LINE
  5
D27
330
17
100
AcDbEntity
  8
IV_INTERIOR_PROFILES
100
AcDbLine
 10
1372.5
 20
-668.2034760428817
 30
0.0
 11
1372.1
 21
-668.2034760428817
 31
0.0
  0
LINE
  5
D28
330
17
100
AcDbEntity
  8
IV_INTERIOR_PROFILES
100
AcDbLine
 10
1372.5
 20
-653.2034760428818
 30
0.0
 11
1372.5
 21
-668.2034760428817
 31
0.0
  0
LINE
  5
D29
330
17
100
AcDbEntity
  8
IV_INTERIOR_PROFILES
100
AcDbLine
 10
1381.1
 20
-653.2034760428818
 30
0.0
 11
1381.5
 21
-653.2034760428818
 31
0.0
  0
LINE
  5
D2A
330
17
100
AcDbEntity
  8
IV_INTERIOR_PROFILES
100
AcDbLine
 10
1381.1
 20
-668.2034760428818
 30
0.0
 11
1381.1
 21
-653.2034760428818
 31
0.0
  0
LINE
  5
D2B
330
17
100
AcDbEntity
  8
IV_INTERIOR_PROFILES
100
AcDbLine
 10
1381.5
 20
-668.2034760428818
 30
0.0
 11
1381.1
 21
-668.2034760428818
 31
0.0
  0
LINE
  5
D2C
330
17
100
AcDbEntity
  8
IV_INTERIOR_PROFILES
100
AcDbLine
 10
1381.5
 20
-653.2034760428818
 30
0.0
 11
1381.5
 21
-668.2034760428818
 31
0.0
  0
LINE
  5
D2D
330
17
100
AcDbEntity
  8
IV_INTERIOR_PROFILES
100
AcDbLine
 10
1390.1
 20
-653.2034760428818
 30
0.0
 11
1390.5
 21
-653.2034760428818
 31
0.0
  0
LINE
  5
D2E
330
17
100
AcDbEntity
  8
IV_INTERIOR_PROFILES
100
AcDbLine
 10
1390.1
 20
-668.2034760428818
 30
0.0
 11
1390.1
 21
-653.2034760428818
 31
0.0
  0
LINE
  5
D2F
330
17
100
AcDbEntity
  8
IV_INTERIOR_PROFILES
100
AcDbLine
 10
1390.5
 20
-668.2034760428818
 30
0.0
 11
1390.1
 21
-668.2034760428818
 31
0.0
  0
LINE
  5
D30
330
17
100
AcDbEntity
  8
IV_INTERIOR_PROFILES
100
AcDbLine
 10
1390.5
 20
-653.2034760428818
 30
0.0
 11
1390.5
 21
-668.2034760428818
 31
0.0
  0
LINE
  5
D31
330
17
100
AcDbEntity
  8
IV_INTERIOR_PROFILES
100
AcDbLine
 10
1399.1
 20
-653.2034760428818
 30
0.0
 11
1399.5
 21
-653.2034760428818
 31
0.0
  0
LINE
  5
D32
330
17
100
AcDbEntity
  8
IV_INTERIOR_PROFILES
100
AcDbLine
 10
1399.1
 20
-668.2034760428818
 30
0.0
 11
1399.1
 21
-653.2034760428818
 31
0.0
  0
LINE
  5
D33
330
17
100
AcDbEntity
  8
IV_INTERIOR_PROFILES
100
AcDbLine
 10
1399.5
 20
-668.2034760428818
 30
0.0
 11
1399.1
 21
-668.2034760428818
 31
0.0
  0
LINE
  5
D34
330
17
100
AcDbEntity
  8
IV_INTERIOR_PROFILES
100
AcDbLine
 10
1399.5
 20
-653.2034760428818
 30
0.0
 11
1399.5
 21
-668.2034760428818
 31
0.0
  0
LINE
  5
D35
330
17
100
AcDbEntity
  8
IV_INTERIOR_PROFILES
100
AcDbLine
 10
1408.1
 20
-653.2034760428818
 30
0.0
 11
1408.5
 21
-653.2034760428818
 31
0.0
  0
LINE
  5
D36
330
17
100
AcDbEntity
  8
IV_INTERIOR_PROFILES
100
AcDbLine
 10
1408.1
 20
-668.2034760428818
 30
0.0
 11
1408.1
 21
-653.2034760428818
 31
0.0
  0
LINE
  5
D37
330
17
100
AcDbEntity
  8
IV_INTERIOR_PROFILES
100
AcDbLine
 10
1408.5
 20
-668.2034760428818
 30
0.0
 11
1408.1
 21
-668.2034760428818
 31
0.0
  0
LINE
  5
D38
330
17
100
AcDbEntity
  8
IV_INTERIOR_PROFILES
100
AcDbLine
 10
1408.5
 20
-653.2034760428818
 30
0.0
 11
1408.5
 21
-668.2034760428818
 31
0.0
  0
LINE
  5
D39
330
17
100
AcDbEntity
  8
IV_INTERIOR_PROFILES
100
AcDbLine
 10
1417.1
 20
-653.2034760428818
 30
0.0
 11
1417.5
 21
-653.2034760428818
 31
0.0
  0
LINE
  5
D3A
330
17
100
AcDbEntity
  8
IV_INTERIOR_PROFILES
100
AcDbLine
 10
1417.1
 20
-668.2034760428818
 30
0.0
 11
1417.1
 21
-653.2034760428818
 31
0.0
  0
LINE
  5
D3B
330
17
100
AcDbEntity
  8
IV_INTERIOR_PROFILES
100
AcDbLine
 10
1417.5
 20
-668.2034760428818
 30
0.0
 11
1417.1
 21
-668.2034760428818
 31
0.0
  0
LINE
  5
D3C
330
17
100
AcDbEntity
  8
IV_INTERIOR_PROFILES
100
AcDbLine
 10
1417.5
 20
-653.2034760428818
 30
0.0
 11
1417.5
 21
-668.2034760428818
 31
0.0
  0
LINE
  5
D3D
330
17
100
AcDbEntity
  8
IV_INTERIOR_PROFILES
100
AcDbLine
 10
1426.1
 20
-653.2034760428818
 30
0.0
 11
1426.5
 21
-653.2034760428818
 31
0.0
  0
LINE
  5
D3E
330
17
100
AcDbEntity
  8
IV_INTERIOR_PROFILES
100
AcDbLine
 10
1426.1
 20
-668.2034760428818
 30
0.0
 11
1426.1
 21
-653.2034760428818
 31
0.0
  0
LINE
  5
D3F
330
17
100
AcDbEntity
  8
IV_INTERIOR_PROFILES
100
AcDbLine
 10
1426.5
 20
-668.2034760428818
 30
0.0
 11
1426.1
 21
-668.2034760428818
 31
0.0
  0
LINE
  5
D40
330
17
100
AcDbEntity
  8
IV_INTERIOR_PROFILES
100
AcDbLine
 10
1426.5
 20
-653.2034760428818
 30
0.0
 11
1426.5
 21
-668.2034760428818
 31
0.0
  0
LINE
  5
D41
330
17
100
AcDbEntity
  8
IV_INTERIOR_PROFILES
100
AcDbLine
 10
1435.1
 20
-653.2034760428818
 30
0.0
 11
1435.5
 21
-653.2034760428818
 31
0.0
  0
LINE
  5
D42
330
17
100
AcDbEntity
  8
IV_INTERIOR_PROFILES
100
AcDbLine
 10
1435.1
 20
-668.2034760428818
 30
0.0
 11
1435.1
 21
-653.2034760428818
 31
0.0
  0
LINE
  5
D43
330
17
100
AcDbEntity
  8
IV_INTERIOR_PROFILES
100
AcDbLine
 10
1435.5
 20
-668.2034760428818
 30
0.0
 11
1435.1
 21
-668.2034760428818
 31
0.0
  0
LINE
  5
D44
330
17
100
AcDbEntity
  8
IV_INTERIOR_PROFILES
100
AcDbLine
 10
1435.5
 20
-653.2034760428818
 30
0.0
 11
1435.5
 21
-668.2034760428818
 31
0.0
  0
LINE
  5
D45
330
17
100
AcDbEntity
  8
IV_INTERIOR_PROFILES
100
AcDbLine
 10
1444.1
 20
-653.2034760428818
 30
0.0
 11
1444.5
 21
-653.2034760428818
 31
0.0
  0
LINE
  5
D46
330
17
100
AcDbEntity
  8
IV_INTERIOR_PROFILES
100
AcDbLine
 10
1444.1
 20
-668.2034760428818
 30
0.0
 11
1444.1
 21
-653.2034760428818
 31
0.0
  0
LINE
  5
D47
330
17
100
AcDbEntity
  8
IV_INTERIOR_PROFILES
100
AcDbLine
 10
1444.5
 20
-668.2034760428818
 30
0.0
 11
1444.1
 21
-668.2034760428818
 31
0.0
  0
LINE
  5
D48
330
17
100
AcDbEntity
  8
IV_INTERIOR_PROFILES
100
AcDbLine
 10
1444.5
 20
-653.2034760428818
 30
0.0
 11
1444.5
 21
-668.2034760428818
 31
0.0
  0
LINE
  5
D49
330
17
100
AcDbEntity
  8
IV_INTERIOR_PROFILES
100
AcDbLine
 10
1453.1
 20
-653.2034760428818
 30
0.0
 11
1453.5
 21
-653.2034760428818
 31
0.0
  0
LINE
  5
D4A
330
17
100
AcDbEntity
  8
IV_INTERIOR_PROFILES
100
AcDbLine
 10
1453.1
 20
-668.2034760428818
 30
0.0
 11
1453.1
 21
-653.2034760428818
 31
0.0
  0
LINE
  5
D4B
330
17
100
AcDbEntity
  8
IV_INTERIOR_PROFILES
100
AcDbLine
 10
1453.5
 20
-668.2034760428818
 30
0.0
 11
1453.1
 21
-668.2034760428818
 31
0.0
  0
LINE
  5
D4C
330
17
100
AcDbEntity
  8
IV_INTERIOR_PROFILES
100
AcDbLine
 10
1453.5
 20
-653.2034760428818
 30
0.0
 11
1453.5
 21
-668.2034760428818
 31
0.0
  0
LINE
  5
D4D
330
17
100
AcDbEntity
  8
IV_INTERIOR_PROFILES
100
AcDbLine
 10
1462.1
 20
-653.2034760428818
 30
0.0
 11
1462.5
 21
-653.2034760428818
 31
0.0
  0
LINE
  5
D4E
330
17
100
AcDbEntity
  8
IV_INTERIOR_PROFILES
100
AcDbLine
 10
1462.1
 20
-668.2034760428818
 30
0.0
 11
1462.1
 21
-653.2034760428818
 31
0.0
  0
LINE
  5
D4F
330
17
100
AcDbEntity
  8
IV_INTERIOR_PROFILES
100
AcDbLine
 10
1462.5
 20
-668.2034760428818
 30
0.0
 11
1462.1
 21
-668.2034760428818
 31
0.0
  0
LINE
  5
D50
330
17
100
AcDbEntity
  8
IV_INTERIOR_PROFILES
100
AcDbLine
 10
1462.5
 20
-653.2034760428818
 30
0.0
 11
1462.5
 21
-668.2034760428818
 31
0.0
  0
LINE
  5
D51
330
17
100
AcDbEntity
  8
IV_INTERIOR_PROFILES
100
AcDbLine
 10
1471.1
 20
-653.2034760428818
 30
0.0
 11
1471.5
 21
-653.2034760428818
 31
0.0
  0
LINE
  5
D52
330
17
100
AcDbEntity
  8
IV_INTERIOR_PROFILES
100
AcDbLine
 10
1471.1
 20
-668.2034760428818
 30
0.0
 11
1471.1
 21
-653.2034760428818
 31
0.0
  0
LINE
  5
D53
330
17
100
AcDbEntity
  8
IV_INTERIOR_PROFILES
100
AcDbLine
 10
1471.5
 20
-668.2034760428818
 30
0.0
 11
1471.1
 21
-668.2034760428818
 31
0.0
  0
LINE
  5
D54
330
17
100
AcDbEntity
  8
IV_INTERIOR_PROFILES
100
AcDbLine
 10
1471.5
 20
-653.2034760428818
 30
0.0
 11
1471.5
 21
-668.2034760428818
 31
0.0
  0
LINE
  5
D55
330
17
100
AcDbEntity
  8
IV_INTERIOR_PROFILES
100
AcDbLine
 10
1480.1
 20
-653.2034760428818
 30
0.0
 11
1480.5
 21
-653.2034760428818
 31
0.0
  0
LINE
  5
D56
330
17
100
AcDbEntity
  8
IV_INTERIOR_PROFILES
100
AcDbLine
 10
1480.1
 20
-668.2034760428818
 30
0.0
 11
1480.1
 21
-653.2034760428818
 31
0.0
  0
LINE
  5
D57
330
17
100
AcDbEntity
  8
IV_INTERIOR_PROFILES
100
AcDbLine
 10
1480.5
 20
-668.2034760428818
 30
0.0
 11
1480.1
 21
-668.2034760428818
 31
0.0
  0
LINE
  5
D58
330
17
100
AcDbEntity
  8
IV_INTERIOR_PROFILES
100
AcDbLine
 10
1480.5
 20
-653.2034760428818
 30
0.0
 11
1480.5
 21
-668.2034760428818
 31
0.0
  0
LINE
  5
D59
330
17
100
AcDbEntity
  8
IV_INTERIOR_PROFILES
100
AcDbLine
 10
1489.1
 20
-653.2034760428818
 30
0.0
 11
1489.5
 21
-653.2034760428818
 31
0.0
  0
LINE
  5
D5A
330
17
100
AcDbEntity
  8
IV_INTERIOR_PROFILES
100
AcDbLine
 10
1489.1
 20
-668.2034760428818
 30
0.0
 11
1489.1
 21
-653.2034760428818
 31
0.0
  0
LINE
  5
D5B
330
17
100
AcDbEntity
  8
IV_INTERIOR_PROFILES
100
AcDbLine
 10
1489.5
 20
-668.2034760428818
 30
0.0
 11
1489.1
 21
-668.2034760428818
 31
0.0
  0
LINE
  5
D5C
330
17
100
AcDbEntity
  8
IV_INTERIOR_PROFILES
100
AcDbLine
 10
1489.5
 20
-653.2034760428818
 30
0.0
 11
1489.5
 21
-668.2034760428818
 31
0.0
  0
LINE
  5
D5D
330
17
100
AcDbEntity
  8
IV_INTERIOR_PROFILES
100
AcDbLine
 10
1498.1
 20
-653.2034760428818
 30
0.0
 11
1498.5
 21
-653.2034760428818
 31
0.0
  0
LINE
  5
D5E
330
17
100
AcDbEntity
  8
IV_INTERIOR_PROFILES
100
AcDbLine
 10
1498.1
 20
-668.2034760428818
 30
0.0
 11
1498.1
 21
-653.2034760428818
 31
0.0
  0
LINE
  5
D5F
330
17
100
AcDbEntity
  8
IV_INTERIOR_PROFILES
100
AcDbLine
 10
1498.5
 20
-668.2034760428818
 30
0.0
 11
1498.1
 21
-668.2034760428818
 31
0.0
  0
LINE
  5
D60
330
17
100
AcDbEntity
  8
IV_INTERIOR_PROFILES
100
AcDbLine
 10
1498.5
 20
-653.2034760428818
 30
0.0
 11
1498.5
 21
-668.2034760428818
 31
0.0
  0
LINE
  5
D61
330
17
100
AcDbEntity
  8
IV_INTERIOR_PROFILES
100
AcDbLine
 10
1507.1
 20
-653.2034760428818
 30
0.0
 11
1507.5
 21
-653.2034760428818
 31
0.0
  0
LINE
  5
D62
330
17
100
AcDbEntity
  8
IV_INTERIOR_PROFILES
100
AcDbLine
 10
1507.1
 20
-668.2034760428818
 30
0.0
 11
1507.1
 21
-653.2034760428818
 31
0.0
  0
LINE
  5
D63
330
17
100
AcDbEntity
  8
IV_INTERIOR_PROFILES
100
AcDbLine
 10
1507.5
 20
-668.2034760428818
 30
0.0
 11
1507.1
 21
-668.2034760428818
 31
0.0
  0
LINE
  5
D64
330
17
100
AcDbEntity
  8
IV_INTERIOR_PROFILES
100
AcDbLine
 10
1507.5
 20
-653.2034760428818
 30
0.0
 11
1507.5
 21
-668.2034760428818
 31
0.0
  0
LINE
  5
D65
330
17
100
AcDbEntity
  8
IV_INTERIOR_PROFILES
100
AcDbLine
 10
1516.1
 20
-653.2034760428818
 30
0.0
 11
1516.5
 21
-653.2034760428818
 31
0.0
  0
LINE
  5
D66
330
17
100
AcDbEntity
  8
IV_INTERIOR_PROFILES
100
AcDbLine
 10
1516.1
 20
-668.2034760428818
 30
0.0
 11
1516.1
 21
-653.2034760428818
 31
0.0
  0
LINE
  5
D67
330
17
100
AcDbEntity
  8
IV_INTERIOR_PROFILES
100
AcDbLine
 10
1516.5
 20
-668.2034760428818
 30
0.0
 11
1516.1
 21
-668.2034760428818
 31
0.0
  0
LINE
  5
D68
330
17
100
AcDbEntity
  8
IV_INTERIOR_PROFILES
100
AcDbLine
 10
1516.5
 20
-653.2034760428818
 30
0.0
 11
1516.5
 21
-668.2034760428818
 31
0.0
  0
LINE
  5
D69
330
17
100
AcDbEntity
  8
IV_INTERIOR_PROFILES
100
AcDbLine
 10
1525.1
 20
-653.2034760428818
 30
0.0
 11
1525.5
 21
-653.2034760428818
 31
0.0
  0
LINE
  5
D6A
330
17
100
AcDbEntity
  8
IV_INTERIOR_PROFILES
100
AcDbLine
 10
1525.1
 20
-668.2034760428818
 30
0.0
 11
1525.1
 21
-653.2034760428818
 31
0.0
  0
LINE
  5
D6B
330
17
100
AcDbEntity
  8
IV_INTERIOR_PROFILES
100
AcDbLine
 10
1525.5
 20
-668.2034760428818
 30
0.0
 11
1525.1
 21
-668.2034760428818
 31
0.0
  0
LINE
  5
D6C
330
17
100
AcDbEntity
  8
IV_INTERIOR_PROFILES
100
AcDbLine
 10
1525.5
 20
-653.2034760428818
 30
0.0
 11
1525.5
 21
-668.2034760428818
 31
0.0
  0
LINE
  5
D6D
330
17
100
AcDbEntity
  8
IV_INTERIOR_PROFILES
100
AcDbLine
 10
1534.1
 20
-653.2034760428818
 30
0.0
 11
1534.5
 21
-653.2034760428818
 31
0.0
  0
LINE
  5
D6E
330
17
100
AcDbEntity
  8
IV_INTERIOR_PROFILES
100
AcDbLine
 10
1534.1
 20
-668.2034760428818
 30
0.0
 11
1534.1
 21
-653.2034760428818
 31
0.0
  0
LINE
  5
D6F
330
17
100
AcDbEntity
  8
IV_INTERIOR_PROFILES
100
AcDbLine
 10
1534.5
 20
-668.2034760428818
 30
0.0
 11
1534.1
 21
-668.2034760428818
 31
0.0
  0
LINE
  5
D70
330
17
100
AcDbEntity
  8
IV_INTERIOR_PROFILES
100
AcDbLine
 10
1534.5
 20
-653.2034760428818
 30
0.0
 11
1534.5
 21
-668.2034760428818
 31
0.0
  0
LINE
  5
D71
330
17
100
AcDbEntity
  8
IV_INTERIOR_PROFILES
100
AcDbLine
 10
1543.1
 20
-653.2034760428818
 30
0.0
 11
1543.5
 21
-653.2034760428818
 31
0.0
  0
LINE
  5
D72
330
17
100
AcDbEntity
  8
IV_INTERIOR_PROFILES
100
AcDbLine
 10
1543.1
 20
-668.2034760428818
 30
0.0
 11
1543.1
 21
-653.2034760428818
 31
0.0
  0
LINE
  5
D73
330
17
100
AcDbEntity
  8
IV_INTERIOR_PROFILES
100
AcDbLine
 10
1543.5
 20
-668.2034760428818
 30
0.0
 11
1543.1
 21
-668.2034760428818
 31
0.0
  0
LINE
  5
D74
330
17
100
AcDbEntity
  8
IV_INTERIOR_PROFILES
100
AcDbLine
 10
1543.5
 20
-653.2034760428818
 30
0.0
 11
1543.5
 21
-668.2034760428818
 31
0.0
  0
LINE
  5
D75
330
17
100
AcDbEntity
  8
IV_INTERIOR_PROFILES
100
AcDbLine
 10
1552.1
 20
-653.2034760428818
 30
0.0
 11
1552.5
 21
-653.2034760428818
 31
0.0
  0
LINE
  5
D76
330
17
100
AcDbEntity
  8
IV_INTERIOR_PROFILES
100
AcDbLine
 10
1552.1
 20
-668.2034760428818
 30
0.0
 11
1552.1
 21
-653.2034760428818
 31
0.0
  0
LINE
  5
D77
330
17
100
AcDbEntity
  8
IV_INTERIOR_PROFILES
100
AcDbLine
 10
1552.5
 20
-668.2034760428818
 30
0.0
 11
1552.1
 21
-668.2034760428818
 31
0.0
  0
LINE
  5
D78
330
17
100
AcDbEntity
  8
IV_INTERIOR_PROFILES
100
AcDbLine
 10
1552.5
 20
-653.2034760428818
 30
0.0
 11
1552.5
 21
-668.2034760428818
 31
0.0
  0
LINE
  5
D79
330
17
100
AcDbEntity
  8
IV_INTERIOR_PROFILES
100
AcDbLine
 10
1561.1
 20
-653.2034760428818
 30
0.0
 11
1561.5
 21
-653.2034760428818
 31
0.0
  0
LINE
  5
D7A
330
17
100
AcDbEntity
  8
IV_INTERIOR_PROFILES
100
AcDbLine
 10
1561.1
 20
-668.2034760428818
 30
0.0
 11
1561.1
 21
-653.2034760428818
 31
0.0
  0
LINE
  5
D7B
330
17
100
AcDbEntity
  8
IV_INTERIOR_PROFILES
100
AcDbLine
 10
1561.5
 20
-668.2034760428818
 30
0.0
 11
1561.1
 21
-668.2034760428818
 31
0.0
  0
LINE
  5
D7C
330
17
100
AcDbEntity
  8
IV_INTERIOR_PROFILES
100
AcDbLine
 10
1561.5
 20
-653.2034760428818
 30
0.0
 11
1561.5
 21
-668.2034760428818
 31
0.0
  0
LINE
  5
D7D
330
17
100
AcDbEntity
  8
IV_INTERIOR_PROFILES
100
AcDbLine
 10
1570.1
 20
-653.2034760428818
 30
0.0
 11
1570.5
 21
-653.2034760428818
 31
0.0
  0
LINE
  5
D7E
330
17
100
AcDbEntity
  8
IV_INTERIOR_PROFILES
100
AcDbLine
 10
1570.1
 20
-668.2034760428818
 30
0.0
 11
1570.1
 21
-653.2034760428818
 31
0.0
  0
LINE
  5
D7F
330
17
100
AcDbEntity
  8
IV_INTERIOR_PROFILES
100
AcDbLine
 10
1570.5
 20
-668.2034760428818
 30
0.0
 11
1570.1
 21
-668.2034760428818
 31
0.0
  0
LINE
  5
D80
330
17
100
AcDbEntity
  8
IV_INTERIOR_PROFILES
100
AcDbLine
 10
1570.5
 20
-653.2034760428818
 30
0.0
 11
1570.5
 21
-668.2034760428818
 31
0.0
  0
LINE
  5
D81
330
17
100
AcDbEntity
  8
IV_INTERIOR_PROFILES
100
AcDbLine
 10
1579.1
 20
-653.2034760428818
 30
0.0
 11
1579.5
 21
-653.2034760428818
 31
0.0
  0
LINE
  5
D82
330
17
100
AcDbEntity
  8
IV_INTERIOR_PROFILES
100
AcDbLine
 10
1579.1
 20
-668.2034760428818
 30
0.0
 11
1579.1
 21
-653.2034760428818
 31
0.0
  0
LINE
  5
D83
330
17
100
AcDbEntity
  8
IV_INTERIOR_PROFILES
100
AcDbLine
 10
1579.5
 20
-668.2034760428818
 30
0.0
 11
1579.1
 21
-668.2034760428818
 31
0.0
  0
LINE
  5
D84
330
17
100
AcDbEntity
  8
IV_INTERIOR_PROFILES
100
AcDbLine
 10
1579.5
 20
-653.2034760428818
 30
0.0
 11
1579.5
 21
-668.2034760428818
 31
0.0
  0
LINE
  5
D85
330
17
100
AcDbEntity
  8
IV_INTERIOR_PROFILES
100
AcDbLine
 10
1588.1
 20
-653.2034760428818
 30
0.0
 11
1588.5
 21
-653.2034760428818
 31
0.0
  0
LINE
  5
D86
330
17
100
AcDbEntity
  8
IV_INTERIOR_PROFILES
100
AcDbLine
 10
1588.1
 20
-668.2034760428818
 30
0.0
 11
1588.1
 21
-653.2034760428818
 31
0.0
  0
LINE
  5
D87
330
17
100
AcDbEntity
  8
IV_INTERIOR_PROFILES
100
AcDbLine
 10
1588.5
 20
-668.2034760428818
 30
0.0
 11
1588.1
 21
-668.2034760428818
 31
0.0
  0
LINE
  5
D88
330
17
100
AcDbEntity
  8
IV_INTERIOR_PROFILES
100
AcDbLine
 10
1588.5
 20
-653.2034760428818
 30
0.0
 11
1588.5
 21
-668.2034760428818
 31
0.0
  0
LINE
  5
D89
330
17
100
AcDbEntity
  8
IV_INTERIOR_PROFILES
100
AcDbLine
 10
1597.1
 20
-653.2034760428818
 30
0.0
 11
1597.5
 21
-653.2034760428818
 31
0.0
  0
LINE
  5
D8A
330
17
100
AcDbEntity
  8
IV_INTERIOR_PROFILES
100
AcDbLine
 10
1597.1
 20
-668.2034760428818
 30
0.0
 11
1597.1
 21
-653.2034760428818
 31
0.0
  0
LINE
  5
D8B
330
17
100
AcDbEntity
  8
IV_INTERIOR_PROFILES
100
AcDbLine
 10
1597.5
 20
-668.2034760428818
 30
0.0
 11
1597.1
 21
-668.2034760428818
 31
0.0
  0
LINE
  5
D8C
330
17
100
AcDbEntity
  8
IV_INTERIOR_PROFILES
100
AcDbLine
 10
1597.5
 20
-653.2034760428818
 30
0.0
 11
1597.5
 21
-668.2034760428818
 31
0.0
  0
LINE
  5
D8D
330
17
100
AcDbEntity
  8
IV_INTERIOR_PROFILES
100
AcDbLine
 10
1606.1
 20
-653.2034760428818
 30
0.0
 11
1606.5
 21
-653.2034760428818
 31
0.0
  0
LINE
  5
D8E
330
17
100
AcDbEntity
  8
IV_INTERIOR_PROFILES
100
AcDbLine
 10
1606.1
 20
-668.2034760428818
 30
0.0
 11
1606.1
 21
-653.2034760428818
 31
0.0
  0
LINE
  5
D8F
330
17
100
AcDbEntity
  8
IV_INTERIOR_PROFILES
100
AcDbLine
 10
1606.5
 20
-668.2034760428818
 30
0.0
 11
1606.1
 21
-668.2034760428818
 31
0.0
  0
LINE
  5
D90
330
17
100
AcDbEntity
  8
IV_INTERIOR_PROFILES
100
AcDbLine
 10
1606.5
 20
-653.2034760428818
 30
0.0
 11
1606.5
 21
-668.2034760428818
 31
0.0
  0
LINE
  5
D91
330
17
100
AcDbEntity
  8
IV_INTERIOR_PROFILES
100
AcDbLine
 10
1615.1
 20
-653.2034760428818
 30
0.0
 11
1615.5
 21
-653.2034760428818
 31
0.0
  0
LINE
  5
D92
330
17
100
AcDbEntity
  8
IV_INTERIOR_PROFILES
100
AcDbLine
 10
1615.1
 20
-668.2034760428818
 30
0.0
 11
1615.1
 21
-653.2034760428818
 31
0.0
  0
LINE
  5
D93
330
17
100
AcDbEntity
  8
IV_INTERIOR_PROFILES
100
AcDbLine
 10
1615.5
 20
-668.2034760428818
 30
0.0
 11
1615.1
 21
-668.2034760428818
 31
0.0
  0
LINE
  5
D94
330
17
100
AcDbEntity
  8
IV_INTERIOR_PROFILES
100
AcDbLine
 10
1615.5
 20
-653.2034760428818
 30
0.0
 11
1615.5
 21
-668.2034760428818
 31
0.0
  0
LINE
  5
D95
330
17
100
AcDbEntity
  8
IV_INTERIOR_PROFILES
100
AcDbLine
 10
1624.1
 20
-653.2034760428818
 30
0.0
 11
1624.5
 21
-653.2034760428818
 31
0.0
  0
LINE
  5
D96
330
17
100
AcDbEntity
  8
IV_INTERIOR_PROFILES
100
AcDbLine
 10
1624.1
 20
-668.2034760428818
 30
0.0
 11
1624.1
 21
-653.2034760428818
 31
0.0
  0
LINE
  5
D97
330
17
100
AcDbEntity
  8
IV_INTERIOR_PROFILES
100
AcDbLine
 10
1624.5
 20
-668.2034760428818
 30
0.0
 11
1624.1
 21
-668.2034760428818
 31
0.0
  0
LINE
  5
D98
330
17
100
AcDbEntity
  8
IV_INTERIOR_PROFILES
100
AcDbLine
 10
1624.5
 20
-653.2034760428818
 30
0.0
 11
1624.5
 21
-668.2034760428818
 31
0.0
  0
LINE
  5
D99
330
17
100
AcDbEntity
  8
IV_INTERIOR_PROFILES
100
AcDbLine
 10
1633.1
 20
-653.2034760428818
 30
0.0
 11
1633.5
 21
-653.2034760428818
 31
0.0
  0
LINE
  5
D9A
330
17
100
AcDbEntity
  8
IV_INTERIOR_PROFILES
100
AcDbLine
 10
1633.1
 20
-668.2034760428818
 30
0.0
 11
1633.1
 21
-653.2034760428818
 31
0.0
  0
LINE
  5
D9B
330
17
100
AcDbEntity
  8
IV_INTERIOR_PROFILES
100
AcDbLine
 10
1633.5
 20
-668.2034760428818
 30
0.0
 11
1633.1
 21
-668.2034760428818
 31
0.0
  0
LINE
  5
D9C
330
17
100
AcDbEntity
  8
IV_INTERIOR_PROFILES
100
AcDbLine
 10
1633.5
 20
-653.2034760428818
 30
0.0
 11
1633.5
 21
-668.2034760428818
 31
0.0
  0
LINE
  5
D9D
330
17
100
AcDbEntity
  8
IV_INTERIOR_PROFILES
100
AcDbLine
 10
1642.1
 20
-653.2034760428818
 30
0.0
 11
1642.5
 21
-653.2034760428818
 31
0.0
  0
LINE
  5
D9E
330
17
100
AcDbEntity
  8
IV_INTERIOR_PROFILES
100
AcDbLine
 10
1642.1
 20
-668.2034760428818
 30
0.0
 11
1642.1
 21
-653.2034760428818
 31
0.0
  0
LINE
  5
D9F
330
17
100
AcDbEntity
  8
IV_INTERIOR_PROFILES
100
AcDbLine
 10
1642.5
 20
-668.2034760428818
 30
0.0
 11
1642.1
 21
-668.2034760428818
 31
0.0
  0
LINE
  5
DA0
330
17
100
AcDbEntity
  8
IV_INTERIOR_PROFILES
100
AcDbLine
 10
1642.5
 20
-653.2034760428818
 30
0.0
 11
1642.5
 21
-668.2034760428818
 31
0.0
  0
LINE
  5
DA1
330
17
100
AcDbEntity
  8
IV_INTERIOR_PROFILES
100
AcDbLine
 10
1651.1
 20
-653.2034760428818
 30
0.0
 11
1651.5
 21
-653.2034760428818
 31
0.0
  0
LINE
  5
DA2
330
17
100
AcDbEntity
  8
IV_INTERIOR_PROFILES
100
AcDbLine
 10
1651.1
 20
-668.2034760428818
 30
0.0
 11
1651.1
 21
-653.2034760428818
 31
0.0
  0
LINE
  5
DA3
330
17
100
AcDbEntity
  8
IV_INTERIOR_PROFILES
100
AcDbLine
 10
1651.5
 20
-668.2034760428818
 30
0.0
 11
1651.1
 21
-668.2034760428818
 31
0.0
  0
LINE
  5
DA4
330
17
100
AcDbEntity
  8
IV_INTERIOR_PROFILES
100
AcDbLine
 10
1651.5
 20
-653.2034760428818
 30
0.0
 11
1651.5
 21
-668.2034760428818
 31
0.0
  0
LINE
  5
DA5
330
17
100
AcDbEntity
  8
IV_INTERIOR_PROFILES
100
AcDbLine
 10
1660.1
 20
-653.2034760428818
 30
0.0
 11
1660.5
 21
-653.2034760428818
 31
0.0
  0
LINE
  5
DA6
330
17
100
AcDbEntity
  8
IV_INTERIOR_PROFILES
100
AcDbLine
 10
1660.1
 20
-668.2034760428818
 30
0.0
 11
1660.1
 21
-653.2034760428818
 31
0.0
  0
LINE
  5
DA7
330
17
100
AcDbEntity
  8
IV_INTERIOR_PROFILES
100
AcDbLine
 10
1660.5
 20
-668.2034760428818
 30
0.0
 11
1660.1
 21
-668.2034760428818
 31
0.0
  0
LINE
  5
DA8
330
17
100
AcDbEntity
  8
IV_INTERIOR_PROFILES
100
AcDbLine
 10
1660.5
 20
-653.2034760428818
 30
0.0
 11
1660.5
 21
-668.2034760428818
 31
0.0
  0
LINE
  5
DA9
330
17
100
AcDbEntity
  8
IV_INTERIOR_PROFILES
100
AcDbLine
 10
1669.1
 20
-653.2034760428818
 30
0.0
 11
1669.5
 21
-653.2034760428818
 31
0.0
  0
LINE
  5
DAA
330
17
100
AcDbEntity
  8
IV_INTERIOR_PROFILES
100
AcDbLine
 10
1669.1
 20
-668.2034760428818
 30
0.0
 11
1669.1
 21
-653.2034760428818
 31
0.0
  0
LINE
  5
DAB
330
17
100
AcDbEntity
  8
IV_INTERIOR_PROFILES
100
AcDbLine
 10
1669.5
 20
-668.2034760428818
 30
0.0
 11
1669.1
 21
-668.2034760428818
 31
0.0
  0
LINE
  5
DAC
330
17
100
AcDbEntity
  8
IV_INTERIOR_PROFILES
100
AcDbLine
 10
1669.5
 20
-653.2034760428818
 30
0.0
 11
1669.5
 21
-668.2034760428818
 31
0.0
  0
LINE
  5
DAD
330
17
100
AcDbEntity
  8
IV_INTERIOR_PROFILES
100
AcDbLine
 10
1678.1
 20
-653.2034760428818
 30
0.0
 11
1678.5
 21
-653.2034760428818
 31
0.0
  0
LINE
  5
DAE
330
17
100
AcDbEntity
  8
IV_INTERIOR_PROFILES
100
AcDbLine
 10
1678.1
 20
-668.2034760428818
 30
0.0
 11
1678.1
 21
-653.2034760428818
 31
0.0
  0
LINE
  5
DAF
330
17
100
AcDbEntity
  8
IV_INTERIOR_PROFILES
100
AcDbLine
 10
1678.5
 20
-668.2034760428818
 30
0.0
 11
1678.1
 21
-668.2034760428818
 31
0.0
  0
LINE
  5
DB0
330
17
100
AcDbEntity
  8
IV_INTERIOR_PROFILES
100
AcDbLine
 10
1678.5
 20
-653.2034760428818
 30
0.0
 11
1678.5
 21
-668.2034760428818
 31
0.0
  0
LINE
  5
DB1
330
17
100
AcDbEntity
  8
IV_INTERIOR_PROFILES
100
AcDbLine
 10
1687.1000000000001
 20
-653.2034760428818
 30
0.0
 11
1687.5
 21
-653.2034760428818
 31
0.0
  0
LINE
  5
DB2
330
17
100
AcDbEntity
  8
IV_INTERIOR_PROFILES
100
AcDbLine
 10
1687.1000000000001
 20
-668.2034760428818
 30
0.0
 11
1687.1000000000001
 21
-653.2034760428818
 31
0.0
  0
LINE
  5
DB3
330
17
100
AcDbEntity
  8
IV_INTERIOR_PROFILES
100
AcDbLine
 10
1687.5
 20
-668.2034760428818
 30
0.0
 11
1687.1000000000001
 21
-668.2034760428818
 31
0.0
  0
LINE
  5
DB4
330
17
100
AcDbEntity
  8
IV_INTERIOR_PROFILES
100
AcDbLine
 10
1687.5
 20
-653.2034760428818
 30
0.0
 11
1687.5
 21
-668.2034760428818
 31
0.0
  0
LINE
  5
DB5
330
17
100
AcDbEntity
  8
IV_INTERIOR_PROFILES
100
AcDbLine
 10
1696.1
 20
-653.2034760428818
 30
0.0
 11
1696.5
 21
-653.2034760428818
 31
0.0
  0
LINE
  5
DB6
330
17
100
AcDbEntity
  8
IV_INTERIOR_PROFILES
100
AcDbLine
 10
1696.1
 20
-668.2034760428818
 30
0.0
 11
1696.1
 21
-653.2034760428818
 31
0.0
  0
LINE
  5
DB7
330
17
100
AcDbEntity
  8
IV_INTERIOR_PROFILES
100
AcDbLine
 10
1696.5
 20
-668.2034760428818
 30
0.0
 11
1696.1
 21
-668.2034760428818
 31
0.0
  0
LINE
  5
DB8
330
17
100
AcDbEntity
  8
IV_INTERIOR_PROFILES
100
AcDbLine
 10
1696.5
 20
-653.2034760428818
 30
0.0
 11
1696.5
 21
-668.2034760428818
 31
0.0
  0
LINE
  5
DB9
330
17
100
AcDbEntity
  8
IV_INTERIOR_PROFILES
100
AcDbLine
 10
1705.1
 20
-653.2034760428818
 30
0.0
 11
1705.5
 21
-653.2034760428818
 31
0.0
  0
LINE
  5
DBA
330
17
100
AcDbEntity
  8
IV_INTERIOR_PROFILES
100
AcDbLine
 10
1705.1
 20
-668.2034760428818
 30
0.0
 11
1705.1
 21
-653.2034760428818
 31
0.0
  0
LINE
  5
DBB
330
17
100
AcDbEntity
  8
IV_INTERIOR_PROFILES
100
AcDbLine
 10
1705.5
 20
-668.2034760428818
 30
0.0
 11
1705.1
 21
-668.2034760428818
 31
0.0
  0
LINE
  5
DBC
330
17
100
AcDbEntity
  8
IV_INTERIOR_PROFILES
100
AcDbLine
 10
1705.5
 20
-653.2034760428818
 30
0.0
 11
1705.5
 21
-668.2034760428818
 31
0.0
  0
LINE
  5
DBD
330
17
100
AcDbEntity
  8
IV_INTERIOR_PROFILES
100
AcDbLine
 10
1714.1
 20
-653.2034760428818
 30
0.0
 11
1714.5
 21
-653.2034760428818
 31
0.0
  0
LINE
  5
DBE
330
17
100
AcDbEntity
  8
IV_INTERIOR_PROFILES
100
AcDbLine
 10
1714.1
 20
-668.2034760428818
 30
0.0
 11
1714.1
 21
-653.2034760428818
 31
0.0
  0
LINE
  5
DBF
330
17
100
AcDbEntity
  8
IV_INTERIOR_PROFILES
100
AcDbLine
 10
1714.5
 20
-668.2034760428818
 30
0.0
 11
1714.1
 21
-668.2034760428818
 31
0.0
  0
LINE
  5
DC0
330
17
100
AcDbEntity
  8
IV_INTERIOR_PROFILES
100
AcDbLine
 10
1714.5
 20
-653.2034760428818
 30
0.0
 11
1714.5
 21
-668.2034760428818
 31
0.0
  0
LINE
  5
DC1
330
17
100
AcDbEntity
  8
IV_INTERIOR_PROFILES
100
AcDbLine
 10
1723.1
 20
-653.2034760428818
 30
0.0
 11
1723.5
 21
-653.2034760428818
 31
0.0
  0
LINE
  5
DC2
330
17
100
AcDbEntity
  8
IV_INTERIOR_PROFILES
100
AcDbLine
 10
1723.1
 20
-668.2034760428818
 30
0.0
 11
1723.1
 21
-653.2034760428818
 31
0.0
  0
LINE
  5
DC3
330
17
100
AcDbEntity
  8
IV_INTERIOR_PROFILES
100
AcDbLine
 10
1723.5
 20
-668.2034760428818
 30
0.0
 11
1723.1
 21
-668.2034760428818
 31
0.0
  0
LINE
  5
DC4
330
17
100
AcDbEntity
  8
IV_INTERIOR_PROFILES
100
AcDbLine
 10
1723.5
 20
-653.2034760428818
 30
0.0
 11
1723.5
 21
-668.2034760428818
 31
0.0
  0
LINE
  5
DC5
330
17
100
AcDbEntity
  8
IV_INTERIOR_PROFILES
100
AcDbLine
 10
1732.1000000000001
 20
-653.2034760428818
 30
0.0
 11
1732.5
 21
-653.2034760428818
 31
0.0
  0
LINE
  5
DC6
330
17
100
AcDbEntity
  8
IV_INTERIOR_PROFILES
100
AcDbLine
 10
1732.1000000000001
 20
-668.2034760428818
 30
0.0
 11
1732.1000000000001
 21
-653.2034760428818
 31
0.0
  0
LINE
  5
DC7
330
17
100
AcDbEntity
  8
IV_INTERIOR_PROFILES
100
AcDbLine
 10
1732.5
 20
-668.2034760428818
 30
0.0
 11
1732.1000000000001
 21
-668.2034760428818
 31
0.0
  0
LINE
  5
DC8
330
17
100
AcDbEntity
  8
IV_INTERIOR_PROFILES
100
AcDbLine
 10
1732.5
 20
-653.2034760428818
 30
0.0
 11
1732.5
 21
-668.2034760428818
 31
0.0
  0
LINE
  5
DC9
330
17
100
AcDbEntity
  8
IV_INTERIOR_PROFILES
100
AcDbLine
 10
1741.1
 20
-653.2034760428818
 30
0.0
 11
1741.5
 21
-653.2034760428818
 31
0.0
  0
LINE
  5
DCA
330
17
100
AcDbEntity
  8
IV_INTERIOR_PROFILES
100
AcDbLine
 10
1741.1
 20
-668.2034760428818
 30
0.0
 11
1741.1
 21
-653.2034760428818
 31
0.0
  0
LINE
  5
DCB
330
17
100
AcDbEntity
  8
IV_INTERIOR_PROFILES
100
AcDbLine
 10
1741.5
 20
-668.2034760428818
 30
0.0
 11
1741.1
 21
-668.2034760428818
 31
0.0
  0
LINE
  5
DCC
330
17
100
AcDbEntity
  8
IV_INTERIOR_PROFILES
100
AcDbLine
 10
1741.5
 20
-653.2034760428818
 30
0.0
 11
1741.5
 21
-668.2034760428818
 31
0.0
  0
LINE
  5
DCD
330
17
100
AcDbEntity
  8
IV_INTERIOR_PROFILES
100
AcDbLine
 10
1750.1
 20
-653.2034760428818
 30
0.0
 11
1750.5
 21
-653.2034760428818
 31
0.0
  0
LINE
  5
DCE
330
17
100
AcDbEntity
  8
IV_INTERIOR_PROFILES
100
AcDbLine
 10
1750.1
 20
-668.2034760428818
 30
0.0
 11
1750.1
 21
-653.2034760428818
 31
0.0
  0
LINE
  5
DCF
330
17
100
AcDbEntity
  8
IV_INTERIOR_PROFILES
100
AcDbLine
 10
1750.5
 20
-668.2034760428818
 30
0.0
 11
1750.1
 21
-668.2034760428818
 31
0.0
  0
LINE
  5
DD0
330
17
100
AcDbEntity
  8
IV_INTERIOR_PROFILES
100
AcDbLine
 10
1750.5
 20
-653.2034760428818
 30
0.0
 11
1750.5
 21
-668.2034760428818
 31
0.0
  0
LINE
  5
DD1
330
17
100
AcDbEntity
  8
IV_INTERIOR_PROFILES
100
AcDbLine
 10
1759.1
 20
-653.2034760428818
 30
0.0
 11
1759.5
 21
-653.2034760428818
 31
0.0
  0
LINE
  5
DD2
330
17
100
AcDbEntity
  8
IV_INTERIOR_PROFILES
100
AcDbLine
 10
1759.1
 20
-668.2034760428818
 30
0.0
 11
1759.1
 21
-653.2034760428818
 31
0.0
  0
LINE
  5
DD3
330
17
100
AcDbEntity
  8
IV_INTERIOR_PROFILES
100
AcDbLine
 10
1759.5
 20
-668.2034760428818
 30
0.0
 11
1759.1
 21
-668.2034760428818
 31
0.0
  0
LINE
  5
DD4
330
17
100
AcDbEntity
  8
IV_INTERIOR_PROFILES
100
AcDbLine
 10
1759.5
 20
-653.2034760428818
 30
0.0
 11
1759.5
 21
-668.2034760428818
 31
0.0
  0
LINE
  5
DD5
330
17
100
AcDbEntity
  8
IV_INTERIOR_PROFILES
100
AcDbLine
 10
1768.1
 20
-653.2034760428818
 30
0.0
 11
1768.5
 21
-653.2034760428818
 31
0.0
  0
LINE
  5
DD6
330
17
100
AcDbEntity
  8
IV_INTERIOR_PROFILES
100
AcDbLine
 10
1768.1
 20
-668.2034760428818
 30
0.0
 11
1768.1
 21
-653.2034760428818
 31
0.0
  0
LINE
  5
DD7
330
17
100
AcDbEntity
  8
IV_INTERIOR_PROFILES
100
AcDbLine
 10
1768.5
 20
-668.2034760428818
 30
0.0
 11
1768.1
 21
-668.2034760428818
 31
0.0
  0
LINE
  5
DD8
330
17
100
AcDbEntity
  8
IV_INTERIOR_PROFILES
100
AcDbLine
 10
1768.5
 20
-653.2034760428818
 30
0.0
 11
1768.5
 21
-668.2034760428818
 31
0.0
  0
LINE
  5
DD9
330
17
100
AcDbEntity
  8
IV_INTERIOR_PROFILES
100
AcDbLine
 10
1777.1
 20
-653.2034760428818
 30
0.0
 11
1777.5
 21
-653.2034760428818
 31
0.0
  0
LINE
  5
DDA
330
17
100
AcDbEntity
  8
IV_INTERIOR_PROFILES
100
AcDbLine
 10
1777.1
 20
-668.2034760428818
 30
0.0
 11
1777.1
 21
-653.2034760428818
 31
0.0
  0
LINE
  5
DDB
330
17
100
AcDbEntity
  8
IV_INTERIOR_PROFILES
100
AcDbLine
 10
1777.5
 20
-668.2034760428818
 30
0.0
 11
1777.1
 21
-668.2034760428818
 31
0.0
  0
LINE
  5
DDC
330
17
100
AcDbEntity
  8
IV_INTERIOR_PROFILES
100
AcDbLine
 10
1777.5
 20
-653.2034760428818
 30
0.0
 11
1777.5
 21
-668.2034760428818
 31
0.0
  0
LINE
  5
DDD
330
17
100
AcDbEntity
  8
IV_INTERIOR_PROFILES
100
AcDbLine
 10
1786.1
 20
-653.2034760428818
 30
0.0
 11
1786.5
 21
-653.2034760428818
 31
0.0
  0
LINE
  5
DDE
330
17
100
AcDbEntity
  8
IV_INTERIOR_PROFILES
100
AcDbLine
 10
1786.1
 20
-668.2034760428818
 30
0.0
 11
1786.1
 21
-653.2034760428818
 31
0.0
  0
LINE
  5
DDF
330
17
100
AcDbEntity
  8
IV_INTERIOR_PROFILES
100
AcDbLine
 10
1786.5
 20
-668.2034760428818
 30
0.0
 11
1786.1
 21
-668.2034760428818
 31
0.0
  0
LINE
  5
DE0
330
17
100
AcDbEntity
  8
IV_INTERIOR_PROFILES
100
AcDbLine
 10
1786.5
 20
-653.2034760428818
 30
0.0
 11
1786.5
 21
-668.2034760428818
 31
0.0
  0
LINE
  5
DE1
330
17
100
AcDbEntity
  8
IV_INTERIOR_PROFILES
100
AcDbLine
 10
1795.1
 20
-653.2034760428818
 30
0.0
 11
1795.5
 21
-653.2034760428818
 31
0.0
  0
LINE
  5
DE2
330
17
100
AcDbEntity
  8
IV_INTERIOR_PROFILES
100
AcDbLine
 10
1795.1
 20
-668.2034760428818
 30
0.0
 11
1795.1
 21
-653.2034760428818
 31
0.0
  0
LINE
  5
DE3
330
17
100
AcDbEntity
  8
IV_INTERIOR_PROFILES
100
AcDbLine
 10
1795.5
 20
-668.2034760428818
 30
0.0
 11
1795.1
 21
-668.2034760428818
 31
0.0
  0
LINE
  5
DE4
330
17
100
AcDbEntity
  8
IV_INTERIOR_PROFILES
100
AcDbLine
 10
1795.5
 20
-653.2034760428818
 30
0.0
 11
1795.5
 21
-668.2034760428818
 31
0.0
  0
LINE
  5
DE5
330
17
100
AcDbEntity
  8
IV_INTERIOR_PROFILES
100
AcDbLine
 10
1804.1
 20
-653.2034760428818
 30
0.0
 11
1804.5
 21
-653.2034760428818
 31
0.0
  0
LINE
  5
DE6
330
17
100
AcDbEntity
  8
IV_INTERIOR_PROFILES
100
AcDbLine
 10
1804.1
 20
-668.2034760428818
 30
0.0
 11
1804.1
 21
-653.2034760428818
 31
0.0
  0
LINE
  5
DE7
330
17
100
AcDbEntity
  8
IV_INTERIOR_PROFILES
100
AcDbLine
 10
1804.5
 20
-668.2034760428818
 30
0.0
 11
1804.1
 21
-668.2034760428818
 31
0.0
  0
LINE
  5
DE8
330
17
100
AcDbEntity
  8
IV_INTERIOR_PROFILES
100
AcDbLine
 10
1804.5
 20
-653.2034760428818
 30
0.0
 11
1804.5
 21
-668.2034760428818
 31
0.0
  0
LINE
  5
DE9
330
17
100
AcDbEntity
  8
IV_INTERIOR_PROFILES
100
AcDbLine
 10
1048.1000000000001
 20
-653.2034760428817
 30
0.0
 11
1048.5
 21
-653.2034760428817
 31
0.0
  0
LINE
  5
DEA
330
17
100
AcDbEntity
  8
IV_INTERIOR_PROFILES
100
AcDbLine
 10
1048.1000000000001
 20
-668.2034760428817
 30
0.0
 11
1048.1000000000001
 21
-653.2034760428817
 31
0.0
  0
LINE
  5
DEB
330
17
100
AcDbEntity
  8
IV_INTERIOR_PROFILES
100
AcDbLine
 10
1048.5
 20
-668.2034760428817
 30
0.0
 11
1048.1000000000001
 21
-668.2034760428817
 31
0.0
  0
LINE
  5
DEC
330
17
100
AcDbEntity
  8
IV_INTERIOR_PROFILES
100
AcDbLine
 10
1048.5
 20
-653.2034760428817
 30
0.0
 11
1048.5
 21
-668.2034760428817
 31
0.0
  0
LINE
  5
DED
330
17
100
AcDbEntity
  8
IV_INTERIOR_PROFILES
100
AcDbLine
 10
1813.1
 20
-653.2034760428818
 30
0.0
 11
1813.5
 21
-653.2034760428818
 31
0.0
  0
LINE
  5
DEE
330
17
100
AcDbEntity
  8
IV_INTERIOR_PROFILES
100
AcDbLine
 10
1813.1
 20
-668.2034760428818
 30
0.0
 11
1813.1
 21
-653.2034760428818
 31
0.0
  0
LINE
  5
DEF
330
17
100
AcDbEntity
  8
IV_INTERIOR_PROFILES
100
AcDbLine
 10
1813.5
 20
-668.2034760428818
 30
0.0
 11
1813.1
 21
-668.2034760428818
 31
0.0
  0
LINE
  5
DF0
330
17
100
AcDbEntity
  8
IV_INTERIOR_PROFILES
100
AcDbLine
 10
1813.5
 20
-653.2034760428818
 30
0.0
 11
1813.5
 21
-668.2034760428818
 31
0.0
  0
LINE
  5
DF1
330
17
100
AcDbEntity
  8
IV_OUTER_PROFILE
100
AcDbLine
 10
1820.0
 20
-639.1210960866497
 30
0.0
 11
1820.0
 21
-708.8281281155326
 31
0.0
  0
LINE
  5
DF2
330
17
100
AcDbEntity
  8
IV_OUTER_PROFILE
100
AcDbLine
 10
1040.0
 20
-708.8281281155324
 30
0.0
 11
1040.0
 21
-639.1210960866495
 31
0.0
  0
LINE
  5
DF3
330
17
100
AcDbEntity
  8
IV_OUTER_PROFILE
100
AcDbLine
 10
1820.0
 20
-708.8281281155326
 30
0.0
 11
1040.0
 21
-708.8281281155324
 31
0.0
  0
LINE
  5
DF4
330
17
100
AcDbEntity
  8
IV_OUTER_PROFILE
100
AcDbLine
 10
1040.0
 20
-639.1210960866495
 30
0.0
 11
1820.0
 21
-639.1210960866497
 31
0.0
  0
TEXT
  5
DF5
330
17
100
AcDbEntity
  8
LABELS
100
AcDbText
 10
0.0
 20
-688.974612101091
 30
0.0
 40
30.0
  1
NDV-3402 s0.8mm x12
 11
0.0
 21
-688.974612101091
 31
0.0
100
AcDbText
  0
LINE
  5
DF6
330
17
100
AcDbEntity
  8
IV_BEND_DOWN
100
AcDbLine
 10
1040.0
 20
-818.5526835512262
 30
0.0
 11
1650.0
 21
-818.5526835512264
 31
0.0
  0
LINE
  5
DF7
330
17
100
AcDbEntity
  8
IV_BEND_DOWN
100
AcDbLine
 10
1040.0
 20
-843.622802209284
 30
0.0
 11
1650.0
 21
-843.6228022092841
 31
0.0
  0
LINE
  5
DF8
330
17
100
AcDbEntity
  8
IV_BEND_DOWN
100
AcDbLine
 10
1040.0
 20
-868.6903663272573
 30
0.0
 11
1650.0
 21
-868.6903663272574
 31
0.0
  0
LINE
  5
DF9
330
17
100
AcDbEntity
  8
IV_INTERIOR_PROFILES
100
AcDbLine
 10
1058.1
 20
-849.3350963468032
 30
0.0
 11
1058.5
 21
-849.3350963468032
 31
0.0
  0
LINE
  5
DFA
330
17
100
AcDbEntity
  8
IV_INTERIOR_PROFILES
100
AcDbLine
 10
1058.1
 20
-864.3350963468032
 30
0.0
 11
1058.1
 21
-849.3350963468032
 31
0.0
  0
LINE
  5
DFB
330
17
100
AcDbEntity
  8
IV_INTERIOR_PROFILES
100
AcDbLine
 10
1058.5
 20
-864.3350963468032
 30
0.0
 11
1058.1
 21
-864.3350963468032
 31
0.0
  0
LINE
  5
DFC
330
17
100
AcDbEntity
  8
IV_INTERIOR_PROFILES
100
AcDbLine
 10
1058.5
 20
-849.3350963468032
 30
0.0
 11
1058.5
 21
-864.3350963468032
 31
0.0
  0
LINE
  5
DFD
330
17
100
AcDbEntity
  8
IV_INTERIOR_PROFILES
100
AcDbLine
 10
1067.1
 20
-849.3350963468032
 30
0.0
 11
1067.5
 21
-849.3350963468032
 31
0.0
  0
LINE
  5
DFE
330
17
100
AcDbEntity
  8
IV_INTERIOR_PROFILES
100
AcDbLine
 10
1067.1
 20
-864.3350963468032
 30
0.0
 11
1067.1
 21
-849.3350963468032
 31
0.0
  0
LINE
  5
DFF
330
17
100
AcDbEntity
  8
IV_INTERIOR_PROFILES
100
AcDbLine
 10
1067.5
 20
-864.3350963468032
 30
0.0
 11
1067.1
 21
-864.3350963468032
 31
0.0
  0
LINE
  5
E00
330
17
100
AcDbEntity
  8
IV_INTERIOR_PROFILES
100
AcDbLine
 10
1067.5
 20
-849.3350963468032
 30
0.0
 11
1067.5
 21
-864.3350963468032
 31
0.0
  0
LINE
  5
E01
330
17
100
AcDbEntity
  8
IV_INTERIOR_PROFILES
100
AcDbLine
 10
1076.1
 20
-849.3350963468032
 30
0.0
 11
1076.5
 21
-849.3350963468032
 31
0.0
  0
LINE
  5
E02
330
17
100
AcDbEntity
  8
IV_INTERIOR_PROFILES
100
AcDbLine
 10
1076.1
 20
-864.3350963468032
 30
0.0
 11
1076.1
 21
-849.3350963468032
 31
0.0
  0
LINE
  5
E03
330
17
100
AcDbEntity
  8
IV_INTERIOR_PROFILES
100
AcDbLine
 10
1076.5
 20
-864.3350963468032
 30
0.0
 11
1076.1
 21
-864.3350963468032
 31
0.0
  0
LINE
  5
E04
330
17
100
AcDbEntity
  8
IV_INTERIOR_PROFILES
100
AcDbLine
 10
1076.5
 20
-849.3350963468032
 30
0.0
 11
1076.5
 21
-864.3350963468032
 31
0.0
  0
LINE
  5
E05
330
17
100
AcDbEntity
  8
IV_INTERIOR_PROFILES
100
AcDbLine
 10
1085.1
 20
-849.3350963468032
 30
0.0
 11
1085.5
 21
-849.3350963468032
 31
0.0
  0
LINE
  5
E06
330
17
100
AcDbEntity
  8
IV_INTERIOR_PROFILES
100
AcDbLine
 10
1085.1
 20
-864.3350963468032
 30
0.0
 11
1085.1
 21
-849.3350963468032
 31
0.0
  0
LINE
  5
E07
330
17
100
AcDbEntity
  8
IV_INTERIOR_PROFILES
100
AcDbLine
 10
1085.5
 20
-864.3350963468032
 30
0.0
 11
1085.1
 21
-864.3350963468032
 31
0.0
  0
LINE
  5
E08
330
17
100
AcDbEntity
  8
IV_INTERIOR_PROFILES
100
AcDbLine
 10
1085.5
 20
-849.3350963468032
 30
0.0
 11
1085.5
 21
-864.3350963468032
 31
0.0
  0
LINE
  5
E09
330
17
100
AcDbEntity
  8
IV_INTERIOR_PROFILES
100
AcDbLine
 10
1094.1000000000001
 20
-849.3350963468032
 30
0.0
 11
1094.5
 21
-849.3350963468032
 31
0.0
  0
LINE
  5
E0A
330
17
100
AcDbEntity
  8
IV_INTERIOR_PROFILES
100
AcDbLine
 10
1094.1000000000001
 20
-864.3350963468032
 30
0.0
 11
1094.1000000000001
 21
-849.3350963468032
 31
0.0
  0
LINE
  5
E0B
330
17
100
AcDbEntity
  8
IV_INTERIOR_PROFILES
100
AcDbLine
 10
1094.5
 20
-864.3350963468032
 30
0.0
 11
1094.1000000000001
 21
-864.3350963468032
 31
0.0
  0
LINE
  5
E0C
330
17
100
AcDbEntity
  8
IV_INTERIOR_PROFILES
100
AcDbLine
 10
1094.5
 20
-849.3350963468032
 30
0.0
 11
1094.5
 21
-864.3350963468032
 31
0.0
  0
LINE
  5
E0D
330
17
100
AcDbEntity
  8
IV_INTERIOR_PROFILES
100
AcDbLine
 10
1103.1000000000001
 20
-849.3350963468032
 30
0.0
 11
1103.5
 21
-849.3350963468032
 31
0.0
  0
LINE
  5
E0E
330
17
100
AcDbEntity
  8
IV_INTERIOR_PROFILES
100
AcDbLine
 10
1103.1
 20
-864.3350963468032
 30
0.0
 11
1103.1000000000001
 21
-849.3350963468032
 31
0.0
  0
LINE
  5
E0F
330
17
100
AcDbEntity
  8
IV_INTERIOR_PROFILES
100
AcDbLine
 10
1103.5
 20
-864.3350963468032
 30
0.0
 11
1103.1
 21
-864.3350963468032
 31
0.0
  0
LINE
  5
E10
330
17
100
AcDbEntity
  8
IV_INTERIOR_PROFILES
100
AcDbLine
 10
1103.5
 20
-849.3350963468032
 30
0.0
 11
1103.5
 21
-864.3350963468032
 31
0.0
  0
LINE
  5
E11
330
17
100
AcDbEntity
  8
IV_INTERIOR_PROFILES
100
AcDbLine
 10
1112.1
 20
-849.3350963468032
 30
0.0
 11
1112.5
 21
-849.3350963468032
 31
0.0
  0
LINE
  5
E12
330
17
100
AcDbEntity
  8
IV_INTERIOR_PROFILES
100
AcDbLine
 10
1112.1
 20
-864.3350963468032
 30
0.0
 11
1112.1
 21
-849.3350963468032
 31
0.0
  0
LINE
  5
E13
330
17
100
AcDbEntity
  8
IV_INTERIOR_PROFILES
100
AcDbLine
 10
1112.5
 20
-864.3350963468032
 30
0.0
 11
1112.1
 21
-864.3350963468032
 31
0.0
  0
LINE
  5
E14
330
17
100
AcDbEntity
  8
IV_INTERIOR_PROFILES
100
AcDbLine
 10
1112.5
 20
-849.3350963468032
 30
0.0
 11
1112.5
 21
-864.3350963468032
 31
0.0
  0
LINE
  5
E15
330
17
100
AcDbEntity
  8
IV_INTERIOR_PROFILES
100
AcDbLine
 10
1121.1
 20
-849.3350963468032
 30
0.0
 11
1121.5
 21
-849.3350963468032
 31
0.0
  0
LINE
  5
E16
330
17
100
AcDbEntity
  8
IV_INTERIOR_PROFILES
100
AcDbLine
 10
1121.1
 20
-864.3350963468032
 30
0.0
 11
1121.1
 21
-849.3350963468032
 31
0.0
  0
LINE
  5
E17
330
17
100
AcDbEntity
  8
IV_INTERIOR_PROFILES
100
AcDbLine
 10
1121.5
 20
-864.3350963468032
 30
0.0
 11
1121.1
 21
-864.3350963468032
 31
0.0
  0
LINE
  5
E18
330
17
100
AcDbEntity
  8
IV_INTERIOR_PROFILES
100
AcDbLine
 10
1121.5
 20
-849.3350963468032
 30
0.0
 11
1121.5
 21
-864.3350963468032
 31
0.0
  0
LINE
  5
E19
330
17
100
AcDbEntity
  8
IV_INTERIOR_PROFILES
100
AcDbLine
 10
1130.1
 20
-849.3350963468032
 30
0.0
 11
1130.5
 21
-849.3350963468032
 31
0.0
  0
LINE
  5
E1A
330
17
100
AcDbEntity
  8
IV_INTERIOR_PROFILES
100
AcDbLine
 10
1130.1
 20
-864.3350963468032
 30
0.0
 11
1130.1
 21
-849.3350963468032
 31
0.0
  0
LINE
  5
E1B
330
17
100
AcDbEntity
  8
IV_INTERIOR_PROFILES
100
AcDbLine
 10
1130.5
 20
-864.3350963468032
 30
0.0
 11
1130.1
 21
-864.3350963468032
 31
0.0
  0
LINE
  5
E1C
330
17
100
AcDbEntity
  8
IV_INTERIOR_PROFILES
100
AcDbLine
 10
1130.5
 20
-849.3350963468032
 30
0.0
 11
1130.5
 21
-864.3350963468032
 31
0.0
  0
LINE
  5
E1D
330
17
100
AcDbEntity
  8
IV_INTERIOR_PROFILES
100
AcDbLine
 10
1139.1000000000001
 20
-849.3350963468032
 30
0.0
 11
1139.5
 21
-849.3350963468032
 31
0.0
  0
LINE
  5
E1E
330
17
100
AcDbEntity
  8
IV_INTERIOR_PROFILES
100
AcDbLine
 10
1139.1000000000001
 20
-864.3350963468032
 30
0.0
 11
1139.1000000000001
 21
-849.3350963468032
 31
0.0
  0
LINE
  5
E1F
330
17
100
AcDbEntity
  8
IV_INTERIOR_PROFILES
100
AcDbLine
 10
1139.5
 20
-864.3350963468032
 30
0.0
 11
1139.1000000000001
 21
-864.3350963468032
 31
0.0
  0
LINE
  5
E20
330
17
100
AcDbEntity
  8
IV_INTERIOR_PROFILES
100
AcDbLine
 10
1139.5
 20
-849.3350963468032
 30
0.0
 11
1139.5
 21
-864.3350963468032
 31
0.0
  0
LINE
  5
E21
330
17
100
AcDbEntity
  8
IV_INTERIOR_PROFILES
100
AcDbLine
 10
1148.1
 20
-849.3350963468032
 30
0.0
 11
1148.5
 21
-849.3350963468032
 31
0.0
  0
LINE
  5
E22
330
17
100
AcDbEntity
  8
IV_INTERIOR_PROFILES
100
AcDbLine
 10
1148.1
 20
-864.3350963468032
 30
0.0
 11
1148.1
 21
-849.3350963468032
 31
0.0
  0
LINE
  5
E23
330
17
100
AcDbEntity
  8
IV_INTERIOR_PROFILES
100
AcDbLine
 10
1148.5
 20
-864.3350963468032
 30
0.0
 11
1148.1
 21
-864.3350963468032
 31
0.0
  0
LINE
  5
E24
330
17
100
AcDbEntity
  8
IV_INTERIOR_PROFILES
100
AcDbLine
 10
1148.5
 20
-849.3350963468032
 30
0.0
 11
1148.5
 21
-864.3350963468032
 31
0.0
  0
LINE
  5
E25
330
17
100
AcDbEntity
  8
IV_INTERIOR_PROFILES
100
AcDbLine
 10
1157.1
 20
-849.3350963468032
 30
0.0
 11
1157.5
 21
-849.3350963468032
 31
0.0
  0
LINE
  5
E26
330
17
100
AcDbEntity
  8
IV_INTERIOR_PROFILES
100
AcDbLine
 10
1157.1
 20
-864.3350963468032
 30
0.0
 11
1157.1
 21
-849.3350963468032
 31
0.0
  0
LINE
  5
E27
330
17
100
AcDbEntity
  8
IV_INTERIOR_PROFILES
100
AcDbLine
 10
1157.5
 20
-864.3350963468032
 30
0.0
 11
1157.1
 21
-864.3350963468032
 31
0.0
  0
LINE
  5
E28
330
17
100
AcDbEntity
  8
IV_INTERIOR_PROFILES
100
AcDbLine
 10
1157.5
 20
-849.3350963468032
 30
0.0
 11
1157.5
 21
-864.3350963468032
 31
0.0
  0
LINE
  5
E29
330
17
100
AcDbEntity
  8
IV_INTERIOR_PROFILES
100
AcDbLine
 10
1166.1
 20
-849.3350963468032
 30
0.0
 11
1166.5
 21
-849.3350963468032
 31
0.0
  0
LINE
  5
E2A
330
17
100
AcDbEntity
  8
IV_INTERIOR_PROFILES
100
AcDbLine
 10
1166.1
 20
-864.3350963468032
 30
0.0
 11
1166.1
 21
-849.3350963468032
 31
0.0
  0
LINE
  5
E2B
330
17
100
AcDbEntity
  8
IV_INTERIOR_PROFILES
100
AcDbLine
 10
1166.5
 20
-864.3350963468032
 30
0.0
 11
1166.1
 21
-864.3350963468032
 31
0.0
  0
LINE
  5
E2C
330
17
100
AcDbEntity
  8
IV_INTERIOR_PROFILES
100
AcDbLine
 10
1166.5
 20
-849.3350963468032
 30
0.0
 11
1166.5
 21
-864.3350963468032
 31
0.0
  0
LINE
  5
E2D
330
17
100
AcDbEntity
  8
IV_INTERIOR_PROFILES
100
AcDbLine
 10
1175.1
 20
-849.3350963468032
 30
0.0
 11
1175.5
 21
-849.3350963468032
 31
0.0
  0
LINE
  5
E2E
330
17
100
AcDbEntity
  8
IV_INTERIOR_PROFILES
100
AcDbLine
 10
1175.1
 20
-864.3350963468032
 30
0.0
 11
1175.1
 21
-849.3350963468032
 31
0.0
  0
LINE
  5
E2F
330
17
100
AcDbEntity
  8
IV_INTERIOR_PROFILES
100
AcDbLine
 10
1175.5
 20
-864.3350963468032
 30
0.0
 11
1175.1
 21
-864.3350963468032
 31
0.0
  0
LINE
  5
E30
330
17
100
AcDbEntity
  8
IV_INTERIOR_PROFILES
100
AcDbLine
 10
1175.5
 20
-849.3350963468032
 30
0.0
 11
1175.5
 21
-864.3350963468032
 31
0.0
  0
LINE
  5
E31
330
17
100
AcDbEntity
  8
IV_INTERIOR_PROFILES
100
AcDbLine
 10
1184.1
 20
-849.3350963468032
 30
0.0
 11
1184.5
 21
-849.3350963468032
 31
0.0
  0
LINE
  5
E32
330
17
100
AcDbEntity
  8
IV_INTERIOR_PROFILES
100
AcDbLine
 10
1184.1
 20
-864.3350963468032
 30
0.0
 11
1184.1
 21
-849.3350963468032
 31
0.0
  0
LINE
  5
E33
330
17
100
AcDbEntity
  8
IV_INTERIOR_PROFILES
100
AcDbLine
 10
1184.5
 20
-864.3350963468032
 30
0.0
 11
1184.1
 21
-864.3350963468032
 31
0.0
  0
LINE
  5
E34
330
17
100
AcDbEntity
  8
IV_INTERIOR_PROFILES
100
AcDbLine
 10
1184.5
 20
-849.3350963468032
 30
0.0
 11
1184.5
 21
-864.3350963468032
 31
0.0
  0
LINE
  5
E35
330
17
100
AcDbEntity
  8
IV_INTERIOR_PROFILES
100
AcDbLine
 10
1193.1
 20
-849.3350963468032
 30
0.0
 11
1193.5
 21
-849.3350963468032
 31
0.0
  0
LINE
  5
E36
330
17
100
AcDbEntity
  8
IV_INTERIOR_PROFILES
100
AcDbLine
 10
1193.1
 20
-864.3350963468032
 30
0.0
 11
1193.1
 21
-849.3350963468032
 31
0.0
  0
LINE
  5
E37
330
17
100
AcDbEntity
  8
IV_INTERIOR_PROFILES
100
AcDbLine
 10
1193.5
 20
-864.3350963468032
 30
0.0
 11
1193.1
 21
-864.3350963468032
 31
0.0
  0
LINE
  5
E38
330
17
100
AcDbEntity
  8
IV_INTERIOR_PROFILES
100
AcDbLine
 10
1193.5
 20
-849.3350963468032
 30
0.0
 11
1193.5
 21
-864.3350963468032
 31
0.0
  0
LINE
  5
E39
330
17
100
AcDbEntity
  8
IV_INTERIOR_PROFILES
100
AcDbLine
 10
1202.1
 20
-849.3350963468032
 30
0.0
 11
1202.5
 21
-849.3350963468032
 31
0.0
  0
LINE
  5
E3A
330
17
100
AcDbEntity
  8
IV_INTERIOR_PROFILES
100
AcDbLine
 10
1202.1
 20
-864.3350963468032
 30
0.0
 11
1202.1
 21
-849.3350963468032
 31
0.0
  0
LINE
  5
E3B
330
17
100
AcDbEntity
  8
IV_INTERIOR_PROFILES
100
AcDbLine
 10
1202.5
 20
-864.3350963468032
 30
0.0
 11
1202.1
 21
-864.3350963468032
 31
0.0
  0
LINE
  5
E3C
330
17
100
AcDbEntity
  8
IV_INTERIOR_PROFILES
100
AcDbLine
 10
1202.5
 20
-849.3350963468032
 30
0.0
 11
1202.5
 21
-864.3350963468032
 31
0.0
  0
LINE
  5
E3D
330
17
100
AcDbEntity
  8
IV_INTERIOR_PROFILES
100
AcDbLine
 10
1211.1
 20
-849.3350963468032
 30
0.0
 11
1211.5
 21
-849.3350963468032
 31
0.0
  0
LINE
  5
E3E
330
17
100
AcDbEntity
  8
IV_INTERIOR_PROFILES
100
AcDbLine
 10
1211.1
 20
-864.3350963468032
 30
0.0
 11
1211.1
 21
-849.3350963468032
 31
0.0
  0
LINE
  5
E3F
330
17
100
AcDbEntity
  8
IV_INTERIOR_PROFILES
100
AcDbLine
 10
1211.5
 20
-864.3350963468032
 30
0.0
 11
1211.1
 21
-864.3350963468032
 31
0.0
  0
LINE
  5
E40
330
17
100
AcDbEntity
  8
IV_INTERIOR_PROFILES
100
AcDbLine
 10
1211.5
 20
-849.3350963468032
 30
0.0
 11
1211.5
 21
-864.3350963468032
 31
0.0
  0
LINE
  5
E41
330
17
100
AcDbEntity
  8
IV_INTERIOR_PROFILES
100
AcDbLine
 10
1220.1
 20
-849.3350963468032
 30
0.0
 11
1220.5
 21
-849.3350963468032
 31
0.0
  0
LINE
  5
E42
330
17
100
AcDbEntity
  8
IV_INTERIOR_PROFILES
100
AcDbLine
 10
1220.1
 20
-864.3350963468032
 30
0.0
 11
1220.1
 21
-849.3350963468032
 31
0.0
  0
LINE
  5
E43
330
17
100
AcDbEntity
  8
IV_INTERIOR_PROFILES
100
AcDbLine
 10
1220.5
 20
-864.3350963468032
 30
0.0
 11
1220.1
 21
-864.3350963468032
 31
0.0
  0
LINE
  5
E44
330
17
100
AcDbEntity
  8
IV_INTERIOR_PROFILES
100
AcDbLine
 10
1220.5
 20
-849.3350963468032
 30
0.0
 11
1220.5
 21
-864.3350963468032
 31
0.0
  0
LINE
  5
E45
330
17
100
AcDbEntity
  8
IV_INTERIOR_PROFILES
100
AcDbLine
 10
1229.1
 20
-849.3350963468032
 30
0.0
 11
1229.5
 21
-849.3350963468032
 31
0.0
  0
LINE
  5
E46
330
17
100
AcDbEntity
  8
IV_INTERIOR_PROFILES
100
AcDbLine
 10
1229.1
 20
-864.3350963468032
 30
0.0
 11
1229.1
 21
-849.3350963468032
 31
0.0
  0
LINE
  5
E47
330
17
100
AcDbEntity
  8
IV_INTERIOR_PROFILES
100
AcDbLine
 10
1229.5
 20
-864.3350963468032
 30
0.0
 11
1229.1
 21
-864.3350963468032
 31
0.0
  0
LINE
  5
E48
330
17
100
AcDbEntity
  8
IV_INTERIOR_PROFILES
100
AcDbLine
 10
1229.5
 20
-849.3350963468032
 30
0.0
 11
1229.5
 21
-864.3350963468032
 31
0.0
  0
LINE
  5
E49
330
17
100
AcDbEntity
  8
IV_INTERIOR_PROFILES
100
AcDbLine
 10
1238.1
 20
-849.3350963468032
 30
0.0
 11
1238.5
 21
-849.3350963468032
 31
0.0
  0
LINE
  5
E4A
330
17
100
AcDbEntity
  8
IV_INTERIOR_PROFILES
100
AcDbLine
 10
1238.1
 20
-864.3350963468032
 30
0.0
 11
1238.1
 21
-849.3350963468032
 31
0.0
  0
LINE
  5
E4B
330
17
100
AcDbEntity
  8
IV_INTERIOR_PROFILES
100
AcDbLine
 10
1238.5
 20
-864.3350963468032
 30
0.0
 11
1238.1
 21
-864.3350963468032
 31
0.0
  0
LINE
  5
E4C
330
17
100
AcDbEntity
  8
IV_INTERIOR_PROFILES
100
AcDbLine
 10
1238.5
 20
-849.3350963468032
 30
0.0
 11
1238.5
 21
-864.3350963468032
 31
0.0
  0
LINE
  5
E4D
330
17
100
AcDbEntity
  8
IV_INTERIOR_PROFILES
100
AcDbLine
 10
1247.1
 20
-849.3350963468032
 30
0.0
 11
1247.5
 21
-849.3350963468032
 31
0.0
  0
LINE
  5
E4E
330
17
100
AcDbEntity
  8
IV_INTERIOR_PROFILES
100
AcDbLine
 10
1247.1
 20
-864.3350963468032
 30
0.0
 11
1247.1
 21
-849.3350963468032
 31
0.0
  0
LINE
  5
E4F
330
17
100
AcDbEntity
  8
IV_INTERIOR_PROFILES
100
AcDbLine
 10
1247.5
 20
-864.3350963468032
 30
0.0
 11
1247.1
 21
-864.3350963468032
 31
0.0
  0
LINE
  5
E50
330
17
100
AcDbEntity
  8
IV_INTERIOR_PROFILES
100
AcDbLine
 10
1247.5
 20
-849.3350963468032
 30
0.0
 11
1247.5
 21
-864.3350963468032
 31
0.0
  0
LINE
  5
E51
330
17
100
AcDbEntity
  8
IV_INTERIOR_PROFILES
100
AcDbLine
 10
1256.1
 20
-849.3350963468032
 30
0.0
 11
1256.5
 21
-849.3350963468032
 31
0.0
  0
LINE
  5
E52
330
17
100
AcDbEntity
  8
IV_INTERIOR_PROFILES
100
AcDbLine
 10
1256.1
 20
-864.3350963468032
 30
0.0
 11
1256.1
 21
-849.3350963468032
 31
0.0
  0
LINE
  5
E53
330
17
100
AcDbEntity
  8
IV_INTERIOR_PROFILES
100
AcDbLine
 10
1256.5
 20
-864.3350963468032
 30
0.0
 11
1256.1
 21
-864.3350963468032
 31
0.0
  0
LINE
  5
E54
330
17
100
AcDbEntity
  8
IV_INTERIOR_PROFILES
100
AcDbLine
 10
1256.5
 20
-849.3350963468032
 30
0.0
 11
1256.5
 21
-864.3350963468032
 31
0.0
  0
LINE
  5
E55
330
17
100
AcDbEntity
  8
IV_INTERIOR_PROFILES
100
AcDbLine
 10
1265.1
 20
-849.3350963468032
 30
0.0
 11
1265.5
 21
-849.3350963468032
 31
0.0
  0
LINE
  5
E56
330
17
100
AcDbEntity
  8
IV_INTERIOR_PROFILES
100
AcDbLine
 10
1265.1
 20
-864.3350963468032
 30
0.0
 11
1265.1
 21
-849.3350963468032
 31
0.0
  0
LINE
  5
E57
330
17
100
AcDbEntity
  8
IV_INTERIOR_PROFILES
100
AcDbLine
 10
1265.5
 20
-864.3350963468032
 30
0.0
 11
1265.1
 21
-864.3350963468032
 31
0.0
  0
LINE
  5
E58
330
17
100
AcDbEntity
  8
IV_INTERIOR_PROFILES
100
AcDbLine
 10
1265.5
 20
-849.3350963468032
 30
0.0
 11
1265.5
 21
-864.3350963468032
 31
0.0
  0
LINE
  5
E59
330
17
100
AcDbEntity
  8
IV_INTERIOR_PROFILES
100
AcDbLine
 10
1274.1
 20
-849.3350963468032
 30
0.0
 11
1274.5
 21
-849.3350963468032
 31
0.0
  0
LINE
  5
E5A
330
17
100
AcDbEntity
  8
IV_INTERIOR_PROFILES
100
AcDbLine
 10
1274.1
 20
-864.3350963468033
 30
0.0
 11
1274.1
 21
-849.3350963468032
 31
0.0
  0
LINE
  5
E5B
330
17
100
AcDbEntity
  8
IV_INTERIOR_PROFILES
100
AcDbLine
 10
1274.5
 20
-864.3350963468033
 30
0.0
 11
1274.1
 21
-864.3350963468033
 31
0.0
  0
LINE
  5
E5C
330
17
100
AcDbEntity
  8
IV_INTERIOR_PROFILES
100
AcDbLine
 10
1274.5
 20
-849.3350963468032
 30
0.0
 11
1274.5
 21
-864.3350963468033
 31
0.0
  0
LINE
  5
E5D
330
17
100
AcDbEntity
  8
IV_INTERIOR_PROFILES
100
AcDbLine
 10
1283.1
 20
-849.3350963468032
 30
0.0
 11
1283.5
 21
-849.3350963468032
 31
0.0
  0
LINE
  5
E5E
330
17
100
AcDbEntity
  8
IV_INTERIOR_PROFILES
100
AcDbLine
 10
1283.1
 20
-864.3350963468033
 30
0.0
 11
1283.1
 21
-849.3350963468032
 31
0.0
  0
LINE
  5
E5F
330
17
100
AcDbEntity
  8
IV_INTERIOR_PROFILES
100
AcDbLine
 10
1283.5
 20
-864.3350963468033
 30
0.0
 11
1283.1
 21
-864.3350963468033
 31
0.0
  0
LINE
  5
E60
330
17
100
AcDbEntity
  8
IV_INTERIOR_PROFILES
100
AcDbLine
 10
1283.5
 20
-849.3350963468032
 30
0.0
 11
1283.5
 21
-864.3350963468033
 31
0.0
  0
LINE
  5
E61
330
17
100
AcDbEntity
  8
IV_INTERIOR_PROFILES
100
AcDbLine
 10
1292.1
 20
-849.3350963468033
 30
0.0
 11
1292.5
 21
-849.3350963468033
 31
0.0
  0
LINE
  5
E62
330
17
100
AcDbEntity
  8
IV_INTERIOR_PROFILES
100
AcDbLine
 10
1292.1
 20
-864.3350963468033
 30
0.0
 11
1292.1
 21
-849.3350963468033
 31
0.0
  0
LINE
  5
E63
330
17
100
AcDbEntity
  8
IV_INTERIOR_PROFILES
100
AcDbLine
 10
1292.5
 20
-864.3350963468033
 30
0.0
 11
1292.1
 21
-864.3350963468033
 31
0.0
  0
LINE
  5
E64
330
17
100
AcDbEntity
  8
IV_INTERIOR_PROFILES
100
AcDbLine
 10
1292.5
 20
-849.3350963468033
 30
0.0
 11
1292.5
 21
-864.3350963468033
 31
0.0
  0
LINE
  5
E65
330
17
100
AcDbEntity
  8
IV_INTERIOR_PROFILES
100
AcDbLine
 10
1301.1
 20
-849.3350963468033
 30
0.0
 11
1301.5
 21
-849.3350963468033
 31
0.0
  0
LINE
  5
E66
330
17
100
AcDbEntity
  8
IV_INTERIOR_PROFILES
100
AcDbLine
 10
1301.1
 20
-864.3350963468033
 30
0.0
 11
1301.1
 21
-849.3350963468033
 31
0.0
  0
LINE
  5
E67
330
17
100
AcDbEntity
  8
IV_INTERIOR_PROFILES
100
AcDbLine
 10
1301.5
 20
-864.3350963468033
 30
0.0
 11
1301.1
 21
-864.3350963468033
 31
0.0
  0
LINE
  5
E68
330
17
100
AcDbEntity
  8
IV_INTERIOR_PROFILES
100
AcDbLine
 10
1301.5
 20
-849.3350963468033
 30
0.0
 11
1301.5
 21
-864.3350963468033
 31
0.0
  0
LINE
  5
E69
330
17
100
AcDbEntity
  8
IV_INTERIOR_PROFILES
100
AcDbLine
 10
1310.1
 20
-849.3350963468033
 30
0.0
 11
1310.5
 21
-849.3350963468033
 31
0.0
  0
LINE
  5
E6A
330
17
100
AcDbEntity
  8
IV_INTERIOR_PROFILES
100
AcDbLine
 10
1310.1
 20
-864.3350963468033
 30
0.0
 11
1310.1
 21
-849.3350963468033
 31
0.0
  0
LINE
  5
E6B
330
17
100
AcDbEntity
  8
IV_INTERIOR_PROFILES
100
AcDbLine
 10
1310.5
 20
-864.3350963468033
 30
0.0
 11
1310.1
 21
-864.3350963468033
 31
0.0
  0
LINE
  5
E6C
330
17
100
AcDbEntity
  8
IV_INTERIOR_PROFILES
100
AcDbLine
 10
1310.5
 20
-849.3350963468033
 30
0.0
 11
1310.5
 21
-864.3350963468033
 31
0.0
  0
LINE
  5
E6D
330
17
100
AcDbEntity
  8
IV_INTERIOR_PROFILES
100
AcDbLine
 10
1319.1
 20
-849.3350963468033
 30
0.0
 11
1319.5
 21
-849.3350963468033
 31
0.0
  0
LINE
  5
E6E
330
17
100
AcDbEntity
  8
IV_INTERIOR_PROFILES
100
AcDbLine
 10
1319.1
 20
-864.3350963468033
 30
0.0
 11
1319.1
 21
-849.3350963468033
 31
0.0
  0
LINE
  5
E6F
330
17
100
AcDbEntity
  8
IV_INTERIOR_PROFILES
100
AcDbLine
 10
1319.5
 20
-864.3350963468033
 30
0.0
 11
1319.1
 21
-864.3350963468033
 31
0.0
  0
LINE
  5
E70
330
17
100
AcDbEntity
  8
IV_INTERIOR_PROFILES
100
AcDbLine
 10
1319.5
 20
-849.3350963468033
 30
0.0
 11
1319.5
 21
-864.3350963468033
 31
0.0
  0
LINE
  5
E71
330
17
100
AcDbEntity
  8
IV_INTERIOR_PROFILES
100
AcDbLine
 10
1328.1
 20
-849.3350963468033
 30
0.0
 11
1328.5
 21
-849.3350963468033
 31
0.0
  0
LINE
  5
E72
330
17
100
AcDbEntity
  8
IV_INTERIOR_PROFILES
100
AcDbLine
 10
1328.1
 20
-864.3350963468033
 30
0.0
 11
1328.1
 21
-849.3350963468033
 31
0.0
  0
LINE
  5
E73
330
17
100
AcDbEntity
  8
IV_INTERIOR_PROFILES
100
AcDbLine
 10
1328.5
 20
-864.3350963468033
 30
0.0
 11
1328.1
 21
-864.3350963468033
 31
0.0
  0
LINE
  5
E74
330
17
100
AcDbEntity
  8
IV_INTERIOR_PROFILES
100
AcDbLine
 10
1328.5
 20
-849.3350963468033
 30
0.0
 11
1328.5
 21
-864.3350963468033
 31
0.0
  0
LINE
  5
E75
330
17
100
AcDbEntity
  8
IV_INTERIOR_PROFILES
100
AcDbLine
 10
1337.1
 20
-849.3350963468033
 30
0.0
 11
1337.5
 21
-849.3350963468033
 31
0.0
  0
LINE
  5
E76
330
17
100
AcDbEntity
  8
IV_INTERIOR_PROFILES
100
AcDbLine
 10
1337.1
 20
-864.3350963468033
 30
0.0
 11
1337.1
 21
-849.3350963468033
 31
0.0
  0
LINE
  5
E77
330
17
100
AcDbEntity
  8
IV_INTERIOR_PROFILES
100
AcDbLine
 10
1337.5
 20
-864.3350963468033
 30
0.0
 11
1337.1
 21
-864.3350963468033
 31
0.0
  0
LINE
  5
E78
330
17
100
AcDbEntity
  8
IV_INTERIOR_PROFILES
100
AcDbLine
 10
1337.5
 20
-849.3350963468033
 30
0.0
 11
1337.5
 21
-864.3350963468033
 31
0.0
  0
LINE
  5
E79
330
17
100
AcDbEntity
  8
IV_INTERIOR_PROFILES
100
AcDbLine
 10
1346.1
 20
-849.3350963468033
 30
0.0
 11
1346.5
 21
-849.3350963468033
 31
0.0
  0
LINE
  5
E7A
330
17
100
AcDbEntity
  8
IV_INTERIOR_PROFILES
100
AcDbLine
 10
1346.1
 20
-864.3350963468033
 30
0.0
 11
1346.1
 21
-849.3350963468033
 31
0.0
  0
LINE
  5
E7B
330
17
100
AcDbEntity
  8
IV_INTERIOR_PROFILES
100
AcDbLine
 10
1346.5
 20
-864.3350963468033
 30
0.0
 11
1346.1
 21
-864.3350963468033
 31
0.0
  0
LINE
  5
E7C
330
17
100
AcDbEntity
  8
IV_INTERIOR_PROFILES
100
AcDbLine
 10
1346.5
 20
-849.3350963468033
 30
0.0
 11
1346.5
 21
-864.3350963468033
 31
0.0
  0
LINE
  5
E7D
330
17
100
AcDbEntity
  8
IV_INTERIOR_PROFILES
100
AcDbLine
 10
1355.1
 20
-849.3350963468033
 30
0.0
 11
1355.5
 21
-849.3350963468033
 31
0.0
  0
LINE
  5
E7E
330
17
100
AcDbEntity
  8
IV_INTERIOR_PROFILES
100
AcDbLine
 10
1355.1
 20
-864.3350963468033
 30
0.0
 11
1355.1
 21
-849.3350963468033
 31
0.0
  0
LINE
  5
E7F
330
17
100
AcDbEntity
  8
IV_INTERIOR_PROFILES
100
AcDbLine
 10
1355.5
 20
-864.3350963468033
 30
0.0
 11
1355.1
 21
-864.3350963468033
 31
0.0
  0
LINE
  5
E80
330
17
100
AcDbEntity
  8
IV_INTERIOR_PROFILES
100
AcDbLine
 10
1355.5
 20
-849.3350963468033
 30
0.0
 11
1355.5
 21
-864.3350963468033
 31
0.0
  0
LINE
  5
E81
330
17
100
AcDbEntity
  8
IV_INTERIOR_PROFILES
100
AcDbLine
 10
1364.1
 20
-849.3350963468033
 30
0.0
 11
1364.5
 21
-849.3350963468033
 31
0.0
  0
LINE
  5
E82
330
17
100
AcDbEntity
  8
IV_INTERIOR_PROFILES
100
AcDbLine
 10
1364.1
 20
-864.3350963468033
 30
0.0
 11
1364.1
 21
-849.3350963468033
 31
0.0
  0
LINE
  5
E83
330
17
100
AcDbEntity
  8
IV_INTERIOR_PROFILES
100
AcDbLine
 10
1364.5
 20
-864.3350963468033
 30
0.0
 11
1364.1
 21
-864.3350963468033
 31
0.0
  0
LINE
  5
E84
330
17
100
AcDbEntity
  8
IV_INTERIOR_PROFILES
100
AcDbLine
 10
1364.5
 20
-849.3350963468033
 30
0.0
 11
1364.5
 21
-864.3350963468033
 31
0.0
  0
LINE
  5
E85
330
17
100
AcDbEntity
  8
IV_INTERIOR_PROFILES
100
AcDbLine
 10
1373.1
 20
-849.3350963468033
 30
0.0
 11
1373.5
 21
-849.3350963468033
 31
0.0
  0
LINE
  5
E86
330
17
100
AcDbEntity
  8
IV_INTERIOR_PROFILES
100
AcDbLine
 10
1373.1
 20
-864.3350963468033
 30
0.0
 11
1373.1
 21
-849.3350963468033
 31
0.0
  0
LINE
  5
E87
330
17
100
AcDbEntity
  8
IV_INTERIOR_PROFILES
100
AcDbLine
 10
1373.5
 20
-864.3350963468033
 30
0.0
 11
1373.1
 21
-864.3350963468033
 31
0.0
  0
LINE
  5
E88
330
17
100
AcDbEntity
  8
IV_INTERIOR_PROFILES
100
AcDbLine
 10
1373.5
 20
-849.3350963468033
 30
0.0
 11
1373.5
 21
-864.3350963468033
 31
0.0
  0
LINE
  5
E89
330
17
100
AcDbEntity
  8
IV_INTERIOR_PROFILES
100
AcDbLine
 10
1382.1
 20
-849.3350963468033
 30
0.0
 11
1382.5
 21
-849.3350963468033
 31
0.0
  0
LINE
  5
E8A
330
17
100
AcDbEntity
  8
IV_INTERIOR_PROFILES
100
AcDbLine
 10
1382.1
 20
-864.3350963468033
 30
0.0
 11
1382.1
 21
-849.3350963468033
 31
0.0
  0
LINE
  5
E8B
330
17
100
AcDbEntity
  8
IV_INTERIOR_PROFILES
100
AcDbLine
 10
1382.5
 20
-864.3350963468033
 30
0.0
 11
1382.1
 21
-864.3350963468033
 31
0.0
  0
LINE
  5
E8C
330
17
100
AcDbEntity
  8
IV_INTERIOR_PROFILES
100
AcDbLine
 10
1382.5
 20
-849.3350963468033
 30
0.0
 11
1382.5
 21
-864.3350963468033
 31
0.0
  0
LINE
  5
E8D
330
17
100
AcDbEntity
  8
IV_INTERIOR_PROFILES
100
AcDbLine
 10
1391.1
 20
-849.3350963468033
 30
0.0
 11
1391.5
 21
-849.3350963468033
 31
0.0
  0
LINE
  5
E8E
330
17
100
AcDbEntity
  8
IV_INTERIOR_PROFILES
100
AcDbLine
 10
1391.1
 20
-864.3350963468033
 30
0.0
 11
1391.1
 21
-849.3350963468033
 31
0.0
  0
LINE
  5
E8F
330
17
100
AcDbEntity
  8
IV_INTERIOR_PROFILES
100
AcDbLine
 10
1391.5
 20
-864.3350963468033
 30
0.0
 11
1391.1
 21
-864.3350963468033
 31
0.0
  0
LINE
  5
E90
330
17
100
AcDbEntity
  8
IV_INTERIOR_PROFILES
100
AcDbLine
 10
1391.5
 20
-849.3350963468033
 30
0.0
 11
1391.5
 21
-864.3350963468033
 31
0.0
  0
LINE
  5
E91
330
17
100
AcDbEntity
  8
IV_INTERIOR_PROFILES
100
AcDbLine
 10
1400.1
 20
-849.3350963468033
 30
0.0
 11
1400.5
 21
-849.3350963468033
 31
0.0
  0
LINE
  5
E92
330
17
100
AcDbEntity
  8
IV_INTERIOR_PROFILES
100
AcDbLine
 10
1400.1
 20
-864.3350963468033
 30
0.0
 11
1400.1
 21
-849.3350963468033
 31
0.0
  0
LINE
  5
E93
330
17
100
AcDbEntity
  8
IV_INTERIOR_PROFILES
100
AcDbLine
 10
1400.5
 20
-864.3350963468033
 30
0.0
 11
1400.1
 21
-864.3350963468033
 31
0.0
  0
LINE
  5
E94
330
17
100
AcDbEntity
  8
IV_INTERIOR_PROFILES
100
AcDbLine
 10
1400.5
 20
-849.3350963468033
 30
0.0
 11
1400.5
 21
-864.3350963468033
 31
0.0
  0
LINE
  5
E95
330
17
100
AcDbEntity
  8
IV_INTERIOR_PROFILES
100
AcDbLine
 10
1409.1
 20
-849.3350963468033
 30
0.0
 11
1409.5
 21
-849.3350963468033
 31
0.0
  0
LINE
  5
E96
330
17
100
AcDbEntity
  8
IV_INTERIOR_PROFILES
100
AcDbLine
 10
1409.1
 20
-864.3350963468033
 30
0.0
 11
1409.1
 21
-849.3350963468033
 31
0.0
  0
LINE
  5
E97
330
17
100
AcDbEntity
  8
IV_INTERIOR_PROFILES
100
AcDbLine
 10
1409.5
 20
-864.3350963468033
 30
0.0
 11
1409.1
 21
-864.3350963468033
 31
0.0
  0
LINE
  5
E98
330
17
100
AcDbEntity
  8
IV_INTERIOR_PROFILES
100
AcDbLine
 10
1409.5
 20
-849.3350963468033
 30
0.0
 11
1409.5
 21
-864.3350963468033
 31
0.0
  0
LINE
  5
E99
330
17
100
AcDbEntity
  8
IV_INTERIOR_PROFILES
100
AcDbLine
 10
1418.1
 20
-849.3350963468033
 30
0.0
 11
1418.5
 21
-849.3350963468033
 31
0.0
  0
LINE
  5
E9A
330
17
100
AcDbEntity
  8
IV_INTERIOR_PROFILES
100
AcDbLine
 10
1418.1
 20
-864.3350963468033
 30
0.0
 11
1418.1
 21
-849.3350963468033
 31
0.0
  0
LINE
  5
E9B
330
17
100
AcDbEntity
  8
IV_INTERIOR_PROFILES
100
AcDbLine
 10
1418.5
 20
-864.3350963468033
 30
0.0
 11
1418.1
 21
-864.3350963468033
 31
0.0
  0
LINE
  5
E9C
330
17
100
AcDbEntity
  8
IV_INTERIOR_PROFILES
100
AcDbLine
 10
1418.5
 20
-849.3350963468033
 30
0.0
 11
1418.5
 21
-864.3350963468033
 31
0.0
  0
LINE
  5
E9D
330
17
100
AcDbEntity
  8
IV_INTERIOR_PROFILES
100
AcDbLine
 10
1427.1
 20
-849.3350963468033
 30
0.0
 11
1427.5
 21
-849.3350963468033
 31
0.0
  0
LINE
  5
E9E
330
17
100
AcDbEntity
  8
IV_INTERIOR_PROFILES
100
AcDbLine
 10
1427.1
 20
-864.3350963468033
 30
0.0
 11
1427.1
 21
-849.3350963468033
 31
0.0
  0
LINE
  5
E9F
330
17
100
AcDbEntity
  8
IV_INTERIOR_PROFILES
100
AcDbLine
 10
1427.5
 20
-864.3350963468033
 30
0.0
 11
1427.1
 21
-864.3350963468033
 31
0.0
  0
LINE
  5
EA0
330
17
100
AcDbEntity
  8
IV_INTERIOR_PROFILES
100
AcDbLine
 10
1427.5
 20
-849.3350963468033
 30
0.0
 11
1427.5
 21
-864.3350963468033
 31
0.0
  0
LINE
  5
EA1
330
17
100
AcDbEntity
  8
IV_INTERIOR_PROFILES
100
AcDbLine
 10
1436.1
 20
-849.3350963468033
 30
0.0
 11
1436.5
 21
-849.3350963468033
 31
0.0
  0
LINE
  5
EA2
330
17
100
AcDbEntity
  8
IV_INTERIOR_PROFILES
100
AcDbLine
 10
1436.1
 20
-864.3350963468033
 30
0.0
 11
1436.1
 21
-849.3350963468033
 31
0.0
  0
LINE
  5
EA3
330
17
100
AcDbEntity
  8
IV_INTERIOR_PROFILES
100
AcDbLine
 10
1436.5
 20
-864.3350963468033
 30
0.0
 11
1436.1
 21
-864.3350963468033
 31
0.0
  0
LINE
  5
EA4
330
17
100
AcDbEntity
  8
IV_INTERIOR_PROFILES
100
AcDbLine
 10
1436.5
 20
-849.3350963468033
 30
0.0
 11
1436.5
 21
-864.3350963468033
 31
0.0
  0
LINE
  5
EA5
330
17
100
AcDbEntity
  8
IV_INTERIOR_PROFILES
100
AcDbLine
 10
1445.1
 20
-849.3350963468033
 30
0.0
 11
1445.5
 21
-849.3350963468033
 31
0.0
  0
LINE
  5
EA6
330
17
100
AcDbEntity
  8
IV_INTERIOR_PROFILES
100
AcDbLine
 10
1445.1
 20
-864.3350963468033
 30
0.0
 11
1445.1
 21
-849.3350963468033
 31
0.0
  0
LINE
  5
EA7
330
17
100
AcDbEntity
  8
IV_INTERIOR_PROFILES
100
AcDbLine
 10
1445.5
 20
-864.3350963468033
 30
0.0
 11
1445.1
 21
-864.3350963468033
 31
0.0
  0
LINE
  5
EA8
330
17
100
AcDbEntity
  8
IV_INTERIOR_PROFILES
100
AcDbLine
 10
1445.5
 20
-849.3350963468033
 30
0.0
 11
1445.5
 21
-864.3350963468033
 31
0.0
  0
LINE
  5
EA9
330
17
100
AcDbEntity
  8
IV_INTERIOR_PROFILES
100
AcDbLine
 10
1454.1
 20
-849.3350963468033
 30
0.0
 11
1454.5
 21
-849.3350963468033
 31
0.0
  0
LINE
  5
EAA
330
17
100
AcDbEntity
  8
IV_INTERIOR_PROFILES
100
AcDbLine
 10
1454.1
 20
-864.3350963468033
 30
0.0
 11
1454.1
 21
-849.3350963468033
 31
0.0
  0
LINE
  5
EAB
330
17
100
AcDbEntity
  8
IV_INTERIOR_PROFILES
100
AcDbLine
 10
1454.5
 20
-864.3350963468033
 30
0.0
 11
1454.1
 21
-864.3350963468033
 31
0.0
  0
LINE
  5
EAC
330
17
100
AcDbEntity
  8
IV_INTERIOR_PROFILES
100
AcDbLine
 10
1454.5
 20
-849.3350963468033
 30
0.0
 11
1454.5
 21
-864.3350963468033
 31
0.0
  0
LINE
  5
EAD
330
17
100
AcDbEntity
  8
IV_INTERIOR_PROFILES
100
AcDbLine
 10
1463.1
 20
-849.3350963468033
 30
0.0
 11
1463.5
 21
-849.3350963468033
 31
0.0
  0
LINE
  5
EAE
330
17
100
AcDbEntity
  8
IV_INTERIOR_PROFILES
100
AcDbLine
 10
1463.1
 20
-864.3350963468033
 30
0.0
 11
1463.1
 21
-849.3350963468033
 31
0.0
  0
LINE
  5
EAF
330
17
100
AcDbEntity
  8
IV_INTERIOR_PROFILES
100
AcDbLine
 10
1463.5
 20
-864.3350963468033
 30
0.0
 11
1463.1
 21
-864.3350963468033
 31
0.0
  0
LINE
  5
EB0
330
17
100
AcDbEntity
  8
IV_INTERIOR_PROFILES
100
AcDbLine
 10
1463.5
 20
-849.3350963468033
 30
0.0
 11
1463.5
 21
-864.3350963468033
 31
0.0
  0
LINE
  5
EB1
330
17
100
AcDbEntity
  8
IV_INTERIOR_PROFILES
100
AcDbLine
 10
1472.1
 20
-849.3350963468033
 30
0.0
 11
1472.5
 21
-849.3350963468033
 31
0.0
  0
LINE
  5
EB2
330
17
100
AcDbEntity
  8
IV_INTERIOR_PROFILES
100
AcDbLine
 10
1472.1
 20
-864.3350963468033
 30
0.0
 11
1472.1
 21
-849.3350963468033
 31
0.0
  0
LINE
  5
EB3
330
17
100
AcDbEntity
  8
IV_INTERIOR_PROFILES
100
AcDbLine
 10
1472.5
 20
-864.3350963468033
 30
0.0
 11
1472.1
 21
-864.3350963468033
 31
0.0
  0
LINE
  5
EB4
330
17
100
AcDbEntity
  8
IV_INTERIOR_PROFILES
100
AcDbLine
 10
1472.5
 20
-849.3350963468033
 30
0.0
 11
1472.5
 21
-864.3350963468033
 31
0.0
  0
LINE
  5
EB5
330
17
100
AcDbEntity
  8
IV_INTERIOR_PROFILES
100
AcDbLine
 10
1481.1
 20
-849.3350963468033
 30
0.0
 11
1481.5
 21
-849.3350963468033
 31
0.0
  0
LINE
  5
EB6
330
17
100
AcDbEntity
  8
IV_INTERIOR_PROFILES
100
AcDbLine
 10
1481.1
 20
-864.3350963468033
 30
0.0
 11
1481.1
 21
-849.3350963468033
 31
0.0
  0
LINE
  5
EB7
330
17
100
AcDbEntity
  8
IV_INTERIOR_PROFILES
100
AcDbLine
 10
1481.5
 20
-864.3350963468033
 30
0.0
 11
1481.1
 21
-864.3350963468033
 31
0.0
  0
LINE
  5
EB8
330
17
100
AcDbEntity
  8
IV_INTERIOR_PROFILES
100
AcDbLine
 10
1481.5
 20
-849.3350963468033
 30
0.0
 11
1481.5
 21
-864.3350963468033
 31
0.0
  0
LINE
  5
EB9
330
17
100
AcDbEntity
  8
IV_INTERIOR_PROFILES
100
AcDbLine
 10
1490.1
 20
-849.3350963468033
 30
0.0
 11
1490.5
 21
-849.3350963468033
 31
0.0
  0
LINE
  5
EBA
330
17
100
AcDbEntity
  8
IV_INTERIOR_PROFILES
100
AcDbLine
 10
1490.1
 20
-864.3350963468033
 30
0.0
 11
1490.1
 21
-849.3350963468033
 31
0.0
  0
LINE
  5
EBB
330
17
100
AcDbEntity
  8
IV_INTERIOR_PROFILES
100
AcDbLine
 10
1490.5
 20
-864.3350963468033
 30
0.0
 11
1490.1
 21
-864.3350963468033
 31
0.0
  0
LINE
  5
EBC
330
17
100
AcDbEntity
  8
IV_INTERIOR_PROFILES
100
AcDbLine
 10
1490.5
 20
-849.3350963468033
 30
0.0
 11
1490.5
 21
-864.3350963468033
 31
0.0
  0
LINE
  5
EBD
330
17
100
AcDbEntity
  8
IV_INTERIOR_PROFILES
100
AcDbLine
 10
1499.1
 20
-849.3350963468033
 30
0.0
 11
1499.5
 21
-849.3350963468033
 31
0.0
  0
LINE
  5
EBE
330
17
100
AcDbEntity
  8
IV_INTERIOR_PROFILES
100
AcDbLine
 10
1499.1
 20
-864.3350963468033
 30
0.0
 11
1499.1
 21
-849.3350963468033
 31
0.0
  0
LINE
  5
EBF
330
17
100
AcDbEntity
  8
IV_INTERIOR_PROFILES
100
AcDbLine
 10
1499.5
 20
-864.3350963468033
 30
0.0
 11
1499.1
 21
-864.3350963468033
 31
0.0
  0
LINE
  5
EC0
330
17
100
AcDbEntity
  8
IV_INTERIOR_PROFILES
100
AcDbLine
 10
1499.5
 20
-849.3350963468033
 30
0.0
 11
1499.5
 21
-864.3350963468033
 31
0.0
  0
LINE
  5
EC1
330
17
100
AcDbEntity
  8
IV_INTERIOR_PROFILES
100
AcDbLine
 10
1508.1
 20
-849.3350963468033
 30
0.0
 11
1508.5
 21
-849.3350963468033
 31
0.0
  0
LINE
  5
EC2
330
17
100
AcDbEntity
  8
IV_INTERIOR_PROFILES
100
AcDbLine
 10
1508.1
 20
-864.3350963468033
 30
0.0
 11
1508.1
 21
-849.3350963468033
 31
0.0
  0
LINE
  5
EC3
330
17
100
AcDbEntity
  8
IV_INTERIOR_PROFILES
100
AcDbLine
 10
1508.5
 20
-864.3350963468033
 30
0.0
 11
1508.1
 21
-864.3350963468033
 31
0.0
  0
LINE
  5
EC4
330
17
100
AcDbEntity
  8
IV_INTERIOR_PROFILES
100
AcDbLine
 10
1508.5
 20
-849.3350963468033
 30
0.0
 11
1508.5
 21
-864.3350963468033
 31
0.0
  0
LINE
  5
EC5
330
17
100
AcDbEntity
  8
IV_INTERIOR_PROFILES
100
AcDbLine
 10
1517.1
 20
-849.3350963468033
 30
0.0
 11
1517.5
 21
-849.3350963468033
 31
0.0
  0
LINE
  5
EC6
330
17
100
AcDbEntity
  8
IV_INTERIOR_PROFILES
100
AcDbLine
 10
1517.1
 20
-864.3350963468033
 30
0.0
 11
1517.1
 21
-849.3350963468033
 31
0.0
  0
LINE
  5
EC7
330
17
100
AcDbEntity
  8
IV_INTERIOR_PROFILES
100
AcDbLine
 10
1517.5
 20
-864.3350963468033
 30
0.0
 11
1517.1
 21
-864.3350963468033
 31
0.0
  0
LINE
  5
EC8
330
17
100
AcDbEntity
  8
IV_INTERIOR_PROFILES
100
AcDbLine
 10
1517.5
 20
-849.3350963468033
 30
0.0
 11
1517.5
 21
-864.3350963468033
 31
0.0
  0
LINE
  5
EC9
330
17
100
AcDbEntity
  8
IV_INTERIOR_PROFILES
100
AcDbLine
 10
1526.1
 20
-849.3350963468033
 30
0.0
 11
1526.5
 21
-849.3350963468033
 31
0.0
  0
LINE
  5
ECA
330
17
100
AcDbEntity
  8
IV_INTERIOR_PROFILES
100
AcDbLine
 10
1526.1
 20
-864.3350963468033
 30
0.0
 11
1526.1
 21
-849.3350963468033
 31
0.0
  0
LINE
  5
ECB
330
17
100
AcDbEntity
  8
IV_INTERIOR_PROFILES
100
AcDbLine
 10
1526.5
 20
-864.3350963468033
 30
0.0
 11
1526.1
 21
-864.3350963468033
 31
0.0
  0
LINE
  5
ECC
330
17
100
AcDbEntity
  8
IV_INTERIOR_PROFILES
100
AcDbLine
 10
1526.5
 20
-849.3350963468033
 30
0.0
 11
1526.5
 21
-864.3350963468033
 31
0.0
  0
LINE
  5
ECD
330
17
100
AcDbEntity
  8
IV_INTERIOR_PROFILES
100
AcDbLine
 10
1535.1
 20
-849.3350963468033
 30
0.0
 11
1535.5
 21
-849.3350963468033
 31
0.0
  0
LINE
  5
ECE
330
17
100
AcDbEntity
  8
IV_INTERIOR_PROFILES
100
AcDbLine
 10
1535.1
 20
-864.3350963468033
 30
0.0
 11
1535.1
 21
-849.3350963468033
 31
0.0
  0
LINE
  5
ECF
330
17
100
AcDbEntity
  8
IV_INTERIOR_PROFILES
100
AcDbLine
 10
1535.5
 20
-864.3350963468033
 30
0.0
 11
1535.1
 21
-864.3350963468033
 31
0.0
  0
LINE
  5
ED0
330
17
100
AcDbEntity
  8
IV_INTERIOR_PROFILES
100
AcDbLine
 10
1535.5
 20
-849.3350963468033
 30
0.0
 11
1535.5
 21
-864.3350963468033
 31
0.0
  0
LINE
  5
ED1
330
17
100
AcDbEntity
  8
IV_INTERIOR_PROFILES
100
AcDbLine
 10
1544.1
 20
-849.3350963468033
 30
0.0
 11
1544.5
 21
-849.3350963468033
 31
0.0
  0
LINE
  5
ED2
330
17
100
AcDbEntity
  8
IV_INTERIOR_PROFILES
100
AcDbLine
 10
1544.1
 20
-864.3350963468033
 30
0.0
 11
1544.1
 21
-849.3350963468033
 31
0.0
  0
LINE
  5
ED3
330
17
100
AcDbEntity
  8
IV_INTERIOR_PROFILES
100
AcDbLine
 10
1544.5
 20
-864.3350963468033
 30
0.0
 11
1544.1
 21
-864.3350963468033
 31
0.0
  0
LINE
  5
ED4
330
17
100
AcDbEntity
  8
IV_INTERIOR_PROFILES
100
AcDbLine
 10
1544.5
 20
-849.3350963468033
 30
0.0
 11
1544.5
 21
-864.3350963468033
 31
0.0
  0
LINE
  5
ED5
330
17
100
AcDbEntity
  8
IV_INTERIOR_PROFILES
100
AcDbLine
 10
1553.1
 20
-849.3350963468033
 30
0.0
 11
1553.5
 21
-849.3350963468033
 31
0.0
  0
LINE
  5
ED6
330
17
100
AcDbEntity
  8
IV_INTERIOR_PROFILES
100
AcDbLine
 10
1553.1
 20
-864.3350963468033
 30
0.0
 11
1553.1
 21
-849.3350963468033
 31
0.0
  0
LINE
  5
ED7
330
17
100
AcDbEntity
  8
IV_INTERIOR_PROFILES
100
AcDbLine
 10
1553.5
 20
-864.3350963468033
 30
0.0
 11
1553.1
 21
-864.3350963468033
 31
0.0
  0
LINE
  5
ED8
330
17
100
AcDbEntity
  8
IV_INTERIOR_PROFILES
100
AcDbLine
 10
1553.5
 20
-849.3350963468033
 30
0.0
 11
1553.5
 21
-864.3350963468033
 31
0.0
  0
LINE
  5
ED9
330
17
100
AcDbEntity
  8
IV_INTERIOR_PROFILES
100
AcDbLine
 10
1562.1
 20
-849.3350963468033
 30
0.0
 11
1562.5
 21
-849.3350963468033
 31
0.0
  0
LINE
  5
EDA
330
17
100
AcDbEntity
  8
IV_INTERIOR_PROFILES
100
AcDbLine
 10
1562.1
 20
-864.3350963468033
 30
0.0
 11
1562.1
 21
-849.3350963468033
 31
0.0
  0
LINE
  5
EDB
330
17
100
AcDbEntity
  8
IV_INTERIOR_PROFILES
100
AcDbLine
 10
1562.5
 20
-864.3350963468033
 30
0.0
 11
1562.1
 21
-864.3350963468033
 31
0.0
  0
LINE
  5
EDC
330
17
100
AcDbEntity
  8
IV_INTERIOR_PROFILES
100
AcDbLine
 10
1562.5
 20
-849.3350963468033
 30
0.0
 11
1562.5
 21
-864.3350963468033
 31
0.0
  0
LINE
  5
EDD
330
17
100
AcDbEntity
  8
IV_INTERIOR_PROFILES
100
AcDbLine
 10
1571.1
 20
-849.3350963468033
 30
0.0
 11
1571.5
 21
-849.3350963468033
 31
0.0
  0
LINE
  5
EDE
330
17
100
AcDbEntity
  8
IV_INTERIOR_PROFILES
100
AcDbLine
 10
1571.1
 20
-864.3350963468033
 30
0.0
 11
1571.1
 21
-849.3350963468033
 31
0.0
  0
LINE
  5
EDF
330
17
100
AcDbEntity
  8
IV_INTERIOR_PROFILES
100
AcDbLine
 10
1571.5
 20
-864.3350963468033
 30
0.0
 11
1571.1
 21
-864.3350963468033
 31
0.0
  0
LINE
  5
EE0
330
17
100
AcDbEntity
  8
IV_INTERIOR_PROFILES
100
AcDbLine
 10
1571.5
 20
-849.3350963468033
 30
0.0
 11
1571.5
 21
-864.3350963468033
 31
0.0
  0
LINE
  5
EE1
330
17
100
AcDbEntity
  8
IV_INTERIOR_PROFILES
100
AcDbLine
 10
1580.1
 20
-849.3350963468033
 30
0.0
 11
1580.5
 21
-849.3350963468033
 31
0.0
  0
LINE
  5
EE2
330
17
100
AcDbEntity
  8
IV_INTERIOR_PROFILES
100
AcDbLine
 10
1580.1
 20
-864.3350963468033
 30
0.0
 11
1580.1
 21
-849.3350963468033
 31
0.0
  0
LINE
  5
EE3
330
17
100
AcDbEntity
  8
IV_INTERIOR_PROFILES
100
AcDbLine
 10
1580.5
 20
-864.3350963468033
 30
0.0
 11
1580.1
 21
-864.3350963468033
 31
0.0
  0
LINE
  5
EE4
330
17
100
AcDbEntity
  8
IV_INTERIOR_PROFILES
100
AcDbLine
 10
1580.5
 20
-849.3350963468033
 30
0.0
 11
1580.5
 21
-864.3350963468033
 31
0.0
  0
LINE
  5
EE5
330
17
100
AcDbEntity
  8
IV_INTERIOR_PROFILES
100
AcDbLine
 10
1589.1
 20
-849.3350963468033
 30
0.0
 11
1589.5
 21
-849.3350963468033
 31
0.0
  0
LINE
  5
EE6
330
17
100
AcDbEntity
  8
IV_INTERIOR_PROFILES
100
AcDbLine
 10
1589.1
 20
-864.3350963468033
 30
0.0
 11
1589.1
 21
-849.3350963468033
 31
0.0
  0
LINE
  5
EE7
330
17
100
AcDbEntity
  8
IV_INTERIOR_PROFILES
100
AcDbLine
 10
1589.5
 20
-864.3350963468033
 30
0.0
 11
1589.1
 21
-864.3350963468033
 31
0.0
  0
LINE
  5
EE8
330
17
100
AcDbEntity
  8
IV_INTERIOR_PROFILES
100
AcDbLine
 10
1589.5
 20
-849.3350963468033
 30
0.0
 11
1589.5
 21
-864.3350963468033
 31
0.0
  0
LINE
  5
EE9
330
17
100
AcDbEntity
  8
IV_INTERIOR_PROFILES
100
AcDbLine
 10
1598.1
 20
-849.3350963468033
 30
0.0
 11
1598.5
 21
-849.3350963468033
 31
0.0
  0
LINE
  5
EEA
330
17
100
AcDbEntity
  8
IV_INTERIOR_PROFILES
100
AcDbLine
 10
1598.1
 20
-864.3350963468033
 30
0.0
 11
1598.1
 21
-849.3350963468033
 31
0.0
  0
LINE
  5
EEB
330
17
100
AcDbEntity
  8
IV_INTERIOR_PROFILES
100
AcDbLine
 10
1598.5
 20
-864.3350963468033
 30
0.0
 11
1598.1
 21
-864.3350963468033
 31
0.0
  0
LINE
  5
EEC
330
17
100
AcDbEntity
  8
IV_INTERIOR_PROFILES
100
AcDbLine
 10
1598.5
 20
-849.3350963468033
 30
0.0
 11
1598.5
 21
-864.3350963468033
 31
0.0
  0
LINE
  5
EED
330
17
100
AcDbEntity
  8
IV_INTERIOR_PROFILES
100
AcDbLine
 10
1607.1
 20
-849.3350963468033
 30
0.0
 11
1607.5
 21
-849.3350963468033
 31
0.0
  0
LINE
  5
EEE
330
17
100
AcDbEntity
  8
IV_INTERIOR_PROFILES
100
AcDbLine
 10
1607.1
 20
-864.3350963468033
 30
0.0
 11
1607.1
 21
-849.3350963468033
 31
0.0
  0
LINE
  5
EEF
330
17
100
AcDbEntity
  8
IV_INTERIOR_PROFILES
100
AcDbLine
 10
1607.5
 20
-864.3350963468033
 30
0.0
 11
1607.1
 21
-864.3350963468033
 31
0.0
  0
LINE
  5
EF0
330
17
100
AcDbEntity
  8
IV_INTERIOR_PROFILES
100
AcDbLine
 10
1607.5
 20
-849.3350963468033
 30
0.0
 11
1607.5
 21
-864.3350963468033
 31
0.0
  0
LINE
  5
EF1
330
17
100
AcDbEntity
  8
IV_INTERIOR_PROFILES
100
AcDbLine
 10
1616.1
 20
-849.3350963468033
 30
0.0
 11
1616.5
 21
-849.3350963468033
 31
0.0
  0
LINE
  5
EF2
330
17
100
AcDbEntity
  8
IV_INTERIOR_PROFILES
100
AcDbLine
 10
1616.1
 20
-864.3350963468033
 30
0.0
 11
1616.1
 21
-849.3350963468033
 31
0.0
  0
LINE
  5
EF3
330
17
100
AcDbEntity
  8
IV_INTERIOR_PROFILES
100
AcDbLine
 10
1616.5
 20
-864.3350963468033
 30
0.0
 11
1616.1
 21
-864.3350963468033
 31
0.0
  0
LINE
  5
EF4
330
17
100
AcDbEntity
  8
IV_INTERIOR_PROFILES
100
AcDbLine
 10
1616.5
 20
-849.3350963468033
 30
0.0
 11
1616.5
 21
-864.3350963468033
 31
0.0
  0
LINE
  5
EF5
330
17
100
AcDbEntity
  8
IV_INTERIOR_PROFILES
100
AcDbLine
 10
1625.1
 20
-849.3350963468033
 30
0.0
 11
1625.5
 21
-849.3350963468033
 31
0.0
  0
LINE
  5
EF6
330
17
100
AcDbEntity
  8
IV_INTERIOR_PROFILES
100
AcDbLine
 10
1625.1
 20
-864.3350963468033
 30
0.0
 11
1625.1
 21
-849.3350963468033
 31
0.0
  0
LINE
  5
EF7
330
17
100
AcDbEntity
  8
IV_INTERIOR_PROFILES
100
AcDbLine
 10
1625.5
 20
-864.3350963468033
 30
0.0
 11
1625.1
 21
-864.3350963468033
 31
0.0
  0
LINE
  5
EF8
330
17
100
AcDbEntity
  8
IV_INTERIOR_PROFILES
100
AcDbLine
 10
1625.5
 20
-849.3350963468033
 30
0.0
 11
1625.5
 21
-864.3350963468033
 31
0.0
  0
LINE
  5
EF9
330
17
100
AcDbEntity
  8
IV_INTERIOR_PROFILES
100
AcDbLine
 10
1634.1
 20
-849.3350963468033
 30
0.0
 11
1634.5
 21
-849.3350963468033
 31
0.0
  0
LINE
  5
EFA
330
17
100
AcDbEntity
  8
IV_INTERIOR_PROFILES
100
AcDbLine
 10
1634.1
 20
-864.3350963468033
 30
0.0
 11
1634.1
 21
-849.3350963468033
 31
0.0
  0
LINE
  5
EFB
330
17
100
AcDbEntity
  8
IV_INTERIOR_PROFILES
100
AcDbLine
 10
1634.5
 20
-864.3350963468033
 30
0.0
 11
1634.1
 21
-864.3350963468033
 31
0.0
  0
LINE
  5
EFC
330
17
100
AcDbEntity
  8
IV_INTERIOR_PROFILES
100
AcDbLine
 10
1634.5
 20
-849.3350963468033
 30
0.0
 11
1634.5
 21
-864.3350963468033
 31
0.0
  0
LINE
  5
EFD
330
17
100
AcDbEntity
  8
IV_INTERIOR_PROFILES
100
AcDbLine
 10
1049.1000000000001
 20
-849.3350963468032
 30
0.0
 11
1049.5
 21
-849.3350963468032
 31
0.0
  0
LINE
  5
EFE
330
17
100
AcDbEntity
  8
IV_INTERIOR_PROFILES
100
AcDbLine
 10
1049.1000000000001
 20
-864.3350963468032
 30
0.0
 11
1049.1000000000001
 21
-849.3350963468032
 31
0.0
  0
LINE
  5
EFF
330
17
100
AcDbEntity
  8
IV_INTERIOR_PROFILES
100
AcDbLine
 10
1049.5
 20
-864.3350963468032
 30
0.0
 11
1049.1000000000001
 21
-864.3350963468032
 31
0.0
  0
LINE
  5
F00
330
17
100
AcDbEntity
  8
IV_INTERIOR_PROFILES
100
AcDbLine
 10
1049.5
 20
-849.3350963468032
 30
0.0
 11
1049.5
 21
-864.3350963468032
 31
0.0
  0
LINE
  5
F01
330
17
100
AcDbEntity
  8
IV_INTERIOR_PROFILES
100
AcDbLine
 10
1643.1
 20
-849.3350963468033
 30
0.0
 11
1643.5
 21
-849.3350963468033
 31
0.0
  0
LINE
  5
F02
330
17
100
AcDbEntity
  8
IV_INTERIOR_PROFILES
100
AcDbLine
 10
1643.1
 20
-864.3350963468033
 30
0.0
 11
1643.1
 21
-849.3350963468033
 31
0.0
  0
LINE
  5
F03
330
17
100
AcDbEntity
  8
IV_INTERIOR_PROFILES
100
AcDbLine
 10
1643.5
 20
-864.3350963468033
 30
0.0
 11
1643.1
 21
-864.3350963468033
 31
0.0
  0
LINE
  5
F04
330
17
100
AcDbEntity
  8
IV_INTERIOR_PROFILES
100
AcDbLine
 10
1643.5
 20
-849.3350963468033
 30
0.0
 11
1643.5
 21
-864.3350963468033
 31
0.0
  0
LINE
  5
F05
330
17
100
AcDbEntity
  8
IV_INTERIOR_PROFILES
100
AcDbLine
 10
1058.1000000000001
 20
-822.9105080717649
 30
0.0
 11
1058.5
 21
-822.9105080717649
 31
0.0
  0
LINE
  5
F06
330
17
100
AcDbEntity
  8
IV_INTERIOR_PROFILES
100
AcDbLine
 10
1058.1000000000001
 20
-837.9105080717649
 30
0.0
 11
1058.1000000000001
 21
-822.9105080717649
 31
0.0
  0
LINE
  5
F07
330
17
100
AcDbEntity
  8
IV_INTERIOR_PROFILES
100
AcDbLine
 10
1058.5
 20
-837.9105080717649
 30
0.0
 11
1058.1000000000001
 21
-837.9105080717649
 31
0.0
  0
LINE
  5
F08
330
17
100
AcDbEntity
  8
IV_INTERIOR_PROFILES
100
AcDbLine
 10
1058.5
 20
-822.9105080717649
 30
0.0
 11
1058.5
 21
-837.9105080717649
 31
0.0
  0
LINE
  5
F09
330
17
100
AcDbEntity
  8
IV_INTERIOR_PROFILES
100
AcDbLine
 10
1067.1
 20
-822.9105080717649
 30
0.0
 11
1067.5
 21
-822.9105080717649
 31
0.0
  0
LINE
  5
F0A
330
17
100
AcDbEntity
  8
IV_INTERIOR_PROFILES
100
AcDbLine
 10
1067.1
 20
-837.9105080717649
 30
0.0
 11
1067.1
 21
-822.9105080717649
 31
0.0
  0
LINE
  5
F0B
330
17
100
AcDbEntity
  8
IV_INTERIOR_PROFILES
100
AcDbLine
 10
1067.5
 20
-837.9105080717649
 30
0.0
 11
1067.1
 21
-837.9105080717649
 31
0.0
  0
LINE
  5
F0C
330
17
100
AcDbEntity
  8
IV_INTERIOR_PROFILES
100
AcDbLine
 10
1067.5
 20
-822.9105080717649
 30
0.0
 11
1067.5
 21
-837.9105080717649
 31
0.0
  0
LINE
  5
F0D
330
17
100
AcDbEntity
  8
IV_INTERIOR_PROFILES
100
AcDbLine
 10
1076.1
 20
-822.9105080717649
 30
0.0
 11
1076.5
 21
-822.9105080717649
 31
0.0
  0
LINE
  5
F0E
330
17
100
AcDbEntity
  8
IV_INTERIOR_PROFILES
100
AcDbLine
 10
1076.1
 20
-837.9105080717649
 30
0.0
 11
1076.1
 21
-822.9105080717649
 31
0.0
  0
LINE
  5
F0F
330
17
100
AcDbEntity
  8
IV_INTERIOR_PROFILES
100
AcDbLine
 10
1076.5
 20
-837.9105080717649
 30
0.0
 11
1076.1
 21
-837.9105080717649
 31
0.0
  0
LINE
  5
F10
330
17
100
AcDbEntity
  8
IV_INTERIOR_PROFILES
100
AcDbLine
 10
1076.5
 20
-822.9105080717649
 30
0.0
 11
1076.5
 21
-837.9105080717649
 31
0.0
  0
LINE
  5
F11
330
17
100
AcDbEntity
  8
IV_INTERIOR_PROFILES
100
AcDbLine
 10
1085.1
 20
-822.9105080717649
 30
0.0
 11
1085.5
 21
-822.9105080717649
 31
0.0
  0
LINE
  5
F12
330
17
100
AcDbEntity
  8
IV_INTERIOR_PROFILES
100
AcDbLine
 10
1085.1
 20
-837.9105080717649
 30
0.0
 11
1085.1
 21
-822.9105080717649
 31
0.0
  0
LINE
  5
F13
330
17
100
AcDbEntity
  8
IV_INTERIOR_PROFILES
100
AcDbLine
 10
1085.5
 20
-837.9105080717649
 30
0.0
 11
1085.1
 21
-837.9105080717649
 31
0.0
  0
LINE
  5
F14
330
17
100
AcDbEntity
  8
IV_INTERIOR_PROFILES
100
AcDbLine
 10
1085.5
 20
-822.9105080717649
 30
0.0
 11
1085.5
 21
-837.9105080717649
 31
0.0
  0
LINE
  5
F15
330
17
100
AcDbEntity
  8
IV_INTERIOR_PROFILES
100
AcDbLine
 10
1094.1000000000001
 20
-822.9105080717649
 30
0.0
 11
1094.5
 21
-822.9105080717649
 31
0.0
  0
LINE
  5
F16
330
17
100
AcDbEntity
  8
IV_INTERIOR_PROFILES
100
AcDbLine
 10
1094.1000000000001
 20
-837.9105080717649
 30
0.0
 11
1094.1000000000001
 21
-822.9105080717649
 31
0.0
  0
LINE
  5
F17
330
17
100
AcDbEntity
  8
IV_INTERIOR_PROFILES
100
AcDbLine
 10
1094.5
 20
-837.9105080717649
 30
0.0
 11
1094.1000000000001
 21
-837.9105080717649
 31
0.0
  0
LINE
  5
F18
330
17
100
AcDbEntity
  8
IV_INTERIOR_PROFILES
100
AcDbLine
 10
1094.5
 20
-822.9105080717649
 30
0.0
 11
1094.5
 21
-837.9105080717649
 31
0.0
  0
LINE
  5
F19
330
17
100
AcDbEntity
  8
IV_INTERIOR_PROFILES
100
AcDbLine
 10
1103.1000000000001
 20
-822.9105080717649
 30
0.0
 11
1103.5
 21
-822.9105080717649
 31
0.0
  0
LINE
  5
F1A
330
17
100
AcDbEntity
  8
IV_INTERIOR_PROFILES
100
AcDbLine
 10
1103.1000000000001
 20
-837.9105080717649
 30
0.0
 11
1103.1000000000001
 21
-822.9105080717649
 31
0.0
  0
LINE
  5
F1B
330
17
100
AcDbEntity
  8
IV_INTERIOR_PROFILES
100
AcDbLine
 10
1103.5
 20
-837.9105080717649
 30
0.0
 11
1103.1000000000001
 21
-837.9105080717649
 31
0.0
  0
LINE
  5
F1C
330
17
100
AcDbEntity
  8
IV_INTERIOR_PROFILES
100
AcDbLine
 10
1103.5
 20
-822.9105080717649
 30
0.0
 11
1103.5
 21
-837.9105080717649
 31
0.0
  0
LINE
  5
F1D
330
17
100
AcDbEntity
  8
IV_INTERIOR_PROFILES
100
AcDbLine
 10
1112.1
 20
-822.9105080717649
 30
0.0
 11
1112.5
 21
-822.9105080717649
 31
0.0
  0
LINE
  5
F1E
330
17
100
AcDbEntity
  8
IV_INTERIOR_PROFILES
100
AcDbLine
 10
1112.1
 20
-837.9105080717649
 30
0.0
 11
1112.1
 21
-822.9105080717649
 31
0.0
  0
LINE
  5
F1F
330
17
100
AcDbEntity
  8
IV_INTERIOR_PROFILES
100
AcDbLine
 10
1112.5
 20
-837.9105080717649
 30
0.0
 11
1112.1
 21
-837.9105080717649
 31
0.0
  0
LINE
  5
F20
330
17
100
AcDbEntity
  8
IV_INTERIOR_PROFILES
100
AcDbLine
 10
1112.5
 20
-822.9105080717649
 30
0.0
 11
1112.5
 21
-837.9105080717649
 31
0.0
  0
LINE
  5
F21
330
17
100
AcDbEntity
  8
IV_INTERIOR_PROFILES
100
AcDbLine
 10
1121.1
 20
-822.9105080717649
 30
0.0
 11
1121.5
 21
-822.9105080717649
 31
0.0
  0
LINE
  5
F22
330
17
100
AcDbEntity
  8
IV_INTERIOR_PROFILES
100
AcDbLine
 10
1121.1
 20
-837.9105080717649
 30
0.0
 11
1121.1
 21
-822.9105080717649
 31
0.0
  0
LINE
  5
F23
330
17
100
AcDbEntity
  8
IV_INTERIOR_PROFILES
100
AcDbLine
 10
1121.5
 20
-837.9105080717649
 30
0.0
 11
1121.1
 21
-837.9105080717649
 31
0.0
  0
LINE
  5
F24
330
17
100
AcDbEntity
  8
IV_INTERIOR_PROFILES
100
AcDbLine
 10
1121.5
 20
-822.9105080717649
 30
0.0
 11
1121.5
 21
-837.9105080717649
 31
0.0
  0
LINE
  5
F25
330
17
100
AcDbEntity
  8
IV_INTERIOR_PROFILES
100
AcDbLine
 10
1130.1
 20
-822.9105080717649
 30
0.0
 11
1130.5
 21
-822.9105080717649
 31
0.0
  0
LINE
  5
F26
330
17
100
AcDbEntity
  8
IV_INTERIOR_PROFILES
100
AcDbLine
 10
1130.1
 20
-837.9105080717649
 30
0.0
 11
1130.1
 21
-822.9105080717649
 31
0.0
  0
LINE
  5
F27
330
17
100
AcDbEntity
  8
IV_INTERIOR_PROFILES
100
AcDbLine
 10
1130.5
 20
-837.9105080717649
 30
0.0
 11
1130.1
 21
-837.9105080717649
 31
0.0
  0
LINE
  5
F28
330
17
100
AcDbEntity
  8
IV_INTERIOR_PROFILES
100
AcDbLine
 10
1130.5
 20
-822.9105080717649
 30
0.0
 11
1130.5
 21
-837.9105080717649
 31
0.0
  0
LINE
  5
F29
330
17
100
AcDbEntity
  8
IV_INTERIOR_PROFILES
100
AcDbLine
 10
1139.1000000000001
 20
-822.9105080717649
 30
0.0
 11
1139.5
 21
-822.9105080717649
 31
0.0
  0
LINE
  5
F2A
330
17
100
AcDbEntity
  8
IV_INTERIOR_PROFILES
100
AcDbLine
 10
1139.1000000000001
 20
-837.9105080717649
 30
0.0
 11
1139.1000000000001
 21
-822.9105080717649
 31
0.0
  0
LINE
  5
F2B
330
17
100
AcDbEntity
  8
IV_INTERIOR_PROFILES
100
AcDbLine
 10
1139.5
 20
-837.9105080717649
 30
0.0
 11
1139.1000000000001
 21
-837.9105080717649
 31
0.0
  0
LINE
  5
F2C
330
17
100
AcDbEntity
  8
IV_INTERIOR_PROFILES
100
AcDbLine
 10
1139.5
 20
-822.9105080717649
 30
0.0
 11
1139.5
 21
-837.9105080717649
 31
0.0
  0
LINE
  5
F2D
330
17
100
AcDbEntity
  8
IV_INTERIOR_PROFILES
100
AcDbLine
 10
1148.1
 20
-822.9105080717649
 30
0.0
 11
1148.5
 21
-822.9105080717649
 31
0.0
  0
LINE
  5
F2E
330
17
100
AcDbEntity
  8
IV_INTERIOR_PROFILES
100
AcDbLine
 10
1148.1
 20
-837.9105080717649
 30
0.0
 11
1148.1
 21
-822.9105080717649
 31
0.0
  0
LINE
  5
F2F
330
17
100
AcDbEntity
  8
IV_INTERIOR_PROFILES
100
AcDbLine
 10
1148.5
 20
-837.9105080717649
 30
0.0
 11
1148.1
 21
-837.9105080717649
 31
0.0
  0
LINE
  5
F30
330
17
100
AcDbEntity
  8
IV_INTERIOR_PROFILES
100
AcDbLine
 10
1148.5
 20
-822.9105080717649
 30
0.0
 11
1148.5
 21
-837.9105080717649
 31
0.0
  0
LINE
  5
F31
330
17
100
AcDbEntity
  8
IV_INTERIOR_PROFILES
100
AcDbLine
 10
1157.1
 20
-822.9105080717649
 30
0.0
 11
1157.5
 21
-822.9105080717649
 31
0.0
  0
LINE
  5
F32
330
17
100
AcDbEntity
  8
IV_INTERIOR_PROFILES
100
AcDbLine
 10
1157.1
 20
-837.9105080717649
 30
0.0
 11
1157.1
 21
-822.9105080717649
 31
0.0
  0
LINE
  5
F33
330
17
100
AcDbEntity
  8
IV_INTERIOR_PROFILES
100
AcDbLine
 10
1157.5
 20
-837.9105080717649
 30
0.0
 11
1157.1
 21
-837.9105080717649
 31
0.0
  0
LINE
  5
F34
330
17
100
AcDbEntity
  8
IV_INTERIOR_PROFILES
100
AcDbLine
 10
1157.5
 20
-822.9105080717649
 30
0.0
 11
1157.5
 21
-837.9105080717649
 31
0.0
  0
LINE
  5
F35
330
17
100
AcDbEntity
  8
IV_INTERIOR_PROFILES
100
AcDbLine
 10
1166.1
 20
-822.9105080717649
 30
0.0
 11
1166.5
 21
-822.9105080717649
 31
0.0
  0
LINE
  5
F36
330
17
100
AcDbEntity
  8
IV_INTERIOR_PROFILES
100
AcDbLine
 10
1166.1
 20
-837.9105080717649
 30
0.0
 11
1166.1
 21
-822.9105080717649
 31
0.0
  0
LINE
  5
F37
330
17
100
AcDbEntity
  8
IV_INTERIOR_PROFILES
100
AcDbLine
 10
1166.5
 20
-837.9105080717649
 30
0.0
 11
1166.1
 21
-837.9105080717649
 31
0.0
  0
LINE
  5
F38
330
17
100
AcDbEntity
  8
IV_INTERIOR_PROFILES
100
AcDbLine
 10
1166.5
 20
-822.9105080717649
 30
0.0
 11
1166.5
 21
-837.9105080717649
 31
0.0
  0
LINE
  5
F39
330
17
100
AcDbEntity
  8
IV_INTERIOR_PROFILES
100
AcDbLine
 10
1175.1
 20
-822.9105080717649
 30
0.0
 11
1175.5
 21
-822.9105080717649
 31
0.0
  0
LINE
  5
F3A
330
17
100
AcDbEntity
  8
IV_INTERIOR_PROFILES
100
AcDbLine
 10
1175.1
 20
-837.9105080717649
 30
0.0
 11
1175.1
 21
-822.9105080717649
 31
0.0
  0
LINE
  5
F3B
330
17
100
AcDbEntity
  8
IV_INTERIOR_PROFILES
100
AcDbLine
 10
1175.5
 20
-837.9105080717649
 30
0.0
 11
1175.1
 21
-837.9105080717649
 31
0.0
  0
LINE
  5
F3C
330
17
100
AcDbEntity
  8
IV_INTERIOR_PROFILES
100
AcDbLine
 10
1175.5
 20
-822.9105080717649
 30
0.0
 11
1175.5
 21
-837.9105080717649
 31
0.0
  0
LINE
  5
F3D
330
17
100
AcDbEntity
  8
IV_INTERIOR_PROFILES
100
AcDbLine
 10
1184.1
 20
-822.9105080717649
 30
0.0
 11
1184.5
 21
-822.9105080717649
 31
0.0
  0
LINE
  5
F3E
330
17
100
AcDbEntity
  8
IV_INTERIOR_PROFILES
100
AcDbLine
 10
1184.1
 20
-837.9105080717649
 30
0.0
 11
1184.1
 21
-822.9105080717649
 31
0.0
  0
LINE
  5
F3F
330
17
100
AcDbEntity
  8
IV_INTERIOR_PROFILES
100
AcDbLine
 10
1184.5
 20
-837.9105080717649
 30
0.0
 11
1184.1
 21
-837.9105080717649
 31
0.0
  0
LINE
  5
F40
330
17
100
AcDbEntity
  8
IV_INTERIOR_PROFILES
100
AcDbLine
 10
1184.5
 20
-822.9105080717649
 30
0.0
 11
1184.5
 21
-837.9105080717649
 31
0.0
  0
LINE
  5
F41
330
17
100
AcDbEntity
  8
IV_INTERIOR_PROFILES
100
AcDbLine
 10
1193.1
 20
-822.9105080717649
 30
0.0
 11
1193.5
 21
-822.9105080717649
 31
0.0
  0
LINE
  5
F42
330
17
100
AcDbEntity
  8
IV_INTERIOR_PROFILES
100
AcDbLine
 10
1193.1
 20
-837.9105080717649
 30
0.0
 11
1193.1
 21
-822.9105080717649
 31
0.0
  0
LINE
  5
F43
330
17
100
AcDbEntity
  8
IV_INTERIOR_PROFILES
100
AcDbLine
 10
1193.5
 20
-837.9105080717649
 30
0.0
 11
1193.1
 21
-837.9105080717649
 31
0.0
  0
LINE
  5
F44
330
17
100
AcDbEntity
  8
IV_INTERIOR_PROFILES
100
AcDbLine
 10
1193.5
 20
-822.9105080717649
 30
0.0
 11
1193.5
 21
-837.9105080717649
 31
0.0
  0
LINE
  5
F45
330
17
100
AcDbEntity
  8
IV_INTERIOR_PROFILES
100
AcDbLine
 10
1202.1
 20
-822.9105080717649
 30
0.0
 11
1202.5
 21
-822.9105080717649
 31
0.0
  0
LINE
  5
F46
330
17
100
AcDbEntity
  8
IV_INTERIOR_PROFILES
100
AcDbLine
 10
1202.1
 20
-837.9105080717649
 30
0.0
 11
1202.1
 21
-822.9105080717649
 31
0.0
  0
LINE
  5
F47
330
17
100
AcDbEntity
  8
IV_INTERIOR_PROFILES
100
AcDbLine
 10
1202.5
 20
-837.9105080717649
 30
0.0
 11
1202.1
 21
-837.9105080717649
 31
0.0
  0
LINE
  5
F48
330
17
100
AcDbEntity
  8
IV_INTERIOR_PROFILES
100
AcDbLine
 10
1202.5
 20
-822.9105080717649
 30
0.0
 11
1202.5
 21
-837.9105080717649
 31
0.0
  0
LINE
  5
F49
330
17
100
AcDbEntity
  8
IV_INTERIOR_PROFILES
100
AcDbLine
 10
1211.1
 20
-822.9105080717649
 30
0.0
 11
1211.5
 21
-822.9105080717649
 31
0.0
  0
LINE
  5
F4A
330
17
100
AcDbEntity
  8
IV_INTERIOR_PROFILES
100
AcDbLine
 10
1211.1
 20
-837.9105080717649
 30
0.0
 11
1211.1
 21
-822.9105080717649
 31
0.0
  0
LINE
  5
F4B
330
17
100
AcDbEntity
  8
IV_INTERIOR_PROFILES
100
AcDbLine
 10
1211.5
 20
-837.9105080717649
 30
0.0
 11
1211.1
 21
-837.9105080717649
 31
0.0
  0
LINE
  5
F4C
330
17
100
AcDbEntity
  8
IV_INTERIOR_PROFILES
100
AcDbLine
 10
1211.5
 20
-822.9105080717649
 30
0.0
 11
1211.5
 21
-837.9105080717649
 31
0.0
  0
LINE
  5
F4D
330
17
100
AcDbEntity
  8
IV_INTERIOR_PROFILES
100
AcDbLine
 10
1220.1
 20
-822.9105080717649
 30
0.0
 11
1220.5
 21
-822.9105080717649
 31
0.0
  0
LINE
  5
F4E
330
17
100
AcDbEntity
  8
IV_INTERIOR_PROFILES
100
AcDbLine
 10
1220.1
 20
-837.9105080717649
 30
0.0
 11
1220.1
 21
-822.9105080717649
 31
0.0
  0
LINE
  5
F4F
330
17
100
AcDbEntity
  8
IV_INTERIOR_PROFILES
100
AcDbLine
 10
1220.5
 20
-837.9105080717649
 30
0.0
 11
1220.1
 21
-837.9105080717649
 31
0.0
  0
LINE
  5
F50
330
17
100
AcDbEntity
  8
IV_INTERIOR_PROFILES
100
AcDbLine
 10
1220.5
 20
-822.9105080717649
 30
0.0
 11
1220.5
 21
-837.9105080717649
 31
0.0
  0
LINE
  5
F51
330
17
100
AcDbEntity
  8
IV_INTERIOR_PROFILES
100
AcDbLine
 10
1229.1
 20
-822.9105080717649
 30
0.0
 11
1229.5
 21
-822.9105080717649
 31
0.0
  0
LINE
  5
F52
330
17
100
AcDbEntity
  8
IV_INTERIOR_PROFILES
100
AcDbLine
 10
1229.1
 20
-837.9105080717649
 30
0.0
 11
1229.1
 21
-822.9105080717649
 31
0.0
  0
LINE
  5
F53
330
17
100
AcDbEntity
  8
IV_INTERIOR_PROFILES
100
AcDbLine
 10
1229.5
 20
-837.9105080717649
 30
0.0
 11
1229.1
 21
-837.9105080717649
 31
0.0
  0
LINE
  5
F54
330
17
100
AcDbEntity
  8
IV_INTERIOR_PROFILES
100
AcDbLine
 10
1229.5
 20
-822.9105080717649
 30
0.0
 11
1229.5
 21
-837.9105080717649
 31
0.0
  0
LINE
  5
F55
330
17
100
AcDbEntity
  8
IV_INTERIOR_PROFILES
100
AcDbLine
 10
1238.1
 20
-822.9105080717649
 30
0.0
 11
1238.5
 21
-822.9105080717649
 31
0.0
  0
LINE
  5
F56
330
17
100
AcDbEntity
  8
IV_INTERIOR_PROFILES
100
AcDbLine
 10
1238.1
 20
-837.9105080717649
 30
0.0
 11
1238.1
 21
-822.9105080717649
 31
0.0
  0
LINE
  5
F57
330
17
100
AcDbEntity
  8
IV_INTERIOR_PROFILES
100
AcDbLine
 10
1238.5
 20
-837.9105080717649
 30
0.0
 11
1238.1
 21
-837.9105080717649
 31
0.0
  0
LINE
  5
F58
330
17
100
AcDbEntity
  8
IV_INTERIOR_PROFILES
100
AcDbLine
 10
1238.5
 20
-822.9105080717649
 30
0.0
 11
1238.5
 21
-837.9105080717649
 31
0.0
  0
LINE
  5
F59
330
17
100
AcDbEntity
  8
IV_INTERIOR_PROFILES
100
AcDbLine
 10
1247.1
 20
-822.9105080717649
 30
0.0
 11
1247.5
 21
-822.9105080717649
 31
0.0
  0
LINE
  5
F5A
330
17
100
AcDbEntity
  8
IV_INTERIOR_PROFILES
100
AcDbLine
 10
1247.1
 20
-837.9105080717649
 30
0.0
 11
1247.1
 21
-822.9105080717649
 31
0.0
  0
LINE
  5
F5B
330
17
100
AcDbEntity
  8
IV_INTERIOR_PROFILES
100
AcDbLine
 10
1247.5
 20
-837.9105080717649
 30
0.0
 11
1247.1
 21
-837.9105080717649
 31
0.0
  0
LINE
  5
F5C
330
17
100
AcDbEntity
  8
IV_INTERIOR_PROFILES
100
AcDbLine
 10
1247.5
 20
-822.9105080717649
 30
0.0
 11
1247.5
 21
-837.9105080717649
 31
0.0
  0
LINE
  5
F5D
330
17
100
AcDbEntity
  8
IV_INTERIOR_PROFILES
100
AcDbLine
 10
1256.1
 20
-822.9105080717649
 30
0.0
 11
1256.5
 21
-822.9105080717649
 31
0.0
  0
LINE
  5
F5E
330
17
100
AcDbEntity
  8
IV_INTERIOR_PROFILES
100
AcDbLine
 10
1256.1
 20
-837.9105080717649
 30
0.0
 11
1256.1
 21
-822.9105080717649
 31
0.0
  0
LINE
  5
F5F
330
17
100
AcDbEntity
  8
IV_INTERIOR_PROFILES
100
AcDbLine
 10
1256.5
 20
-837.9105080717649
 30
0.0
 11
1256.1
 21
-837.9105080717649
 31
0.0
  0
LINE
  5
F60
330
17
100
AcDbEntity
  8
IV_INTERIOR_PROFILES
100
AcDbLine
 10
1256.5
 20
-822.9105080717649
 30
0.0
 11
1256.5
 21
-837.9105080717649
 31
0.0
  0
LINE
  5
F61
330
17
100
AcDbEntity
  8
IV_INTERIOR_PROFILES
100
AcDbLine
 10
1265.1
 20
-822.9105080717649
 30
0.0
 11
1265.5
 21
-822.9105080717649
 31
0.0
  0
LINE
  5
F62
330
17
100
AcDbEntity
  8
IV_INTERIOR_PROFILES
100
AcDbLine
 10
1265.1
 20
-837.9105080717649
 30
0.0
 11
1265.1
 21
-822.9105080717649
 31
0.0
  0
LINE
  5
F63
330
17
100
AcDbEntity
  8
IV_INTERIOR_PROFILES
100
AcDbLine
 10
1265.5
 20
-837.9105080717649
 30
0.0
 11
1265.1
 21
-837.9105080717649
 31
0.0
  0
LINE
  5
F64
330
17
100
AcDbEntity
  8
IV_INTERIOR_PROFILES
100
AcDbLine
 10
1265.5
 20
-822.9105080717649
 30
0.0
 11
1265.5
 21
-837.9105080717649
 31
0.0
  0
LINE
  5
F65
330
17
100
AcDbEntity
  8
IV_INTERIOR_PROFILES
100
AcDbLine
 10
1274.1
 20
-822.9105080717649
 30
0.0
 11
1274.5
 21
-822.9105080717649
 31
0.0
  0
LINE
  5
F66
330
17
100
AcDbEntity
  8
IV_INTERIOR_PROFILES
100
AcDbLine
 10
1274.1
 20
-837.9105080717649
 30
0.0
 11
1274.1
 21
-822.9105080717649
 31
0.0
  0
LINE
  5
F67
330
17
100
AcDbEntity
  8
IV_INTERIOR_PROFILES
100
AcDbLine
 10
1274.5
 20
-837.9105080717649
 30
0.0
 11
1274.1
 21
-837.9105080717649
 31
0.0
  0
LINE
  5
F68
330
17
100
AcDbEntity
  8
IV_INTERIOR_PROFILES
100
AcDbLine
 10
1274.5
 20
-822.9105080717649
 30
0.0
 11
1274.5
 21
-837.9105080717649
 31
0.0
  0
LINE
  5
F69
330
17
100
AcDbEntity
  8
IV_INTERIOR_PROFILES
100
AcDbLine
 10
1283.1
 20
-822.9105080717649
 30
0.0
 11
1283.5
 21
-822.9105080717649
 31
0.0
  0
LINE
  5
F6A
330
17
100
AcDbEntity
  8
IV_INTERIOR_PROFILES
100
AcDbLine
 10
1283.1
 20
-837.9105080717649
 30
0.0
 11
1283.1
 21
-822.9105080717649
 31
0.0
  0
LINE
  5
F6B
330
17
100
AcDbEntity
  8
IV_INTERIOR_PROFILES
100
AcDbLine
 10
1283.5
 20
-837.9105080717649
 30
0.0
 11
1283.1
 21
-837.9105080717649
 31
0.0
  0
LINE
  5
F6C
330
17
100
AcDbEntity
  8
IV_INTERIOR_PROFILES
100
AcDbLine
 10
1283.5
 20
-822.9105080717649
 30
0.0
 11
1283.5
 21
-837.9105080717649
 31
0.0
  0
LINE
  5
F6D
330
17
100
AcDbEntity
  8
IV_INTERIOR_PROFILES
100
AcDbLine
 10
1292.1
 20
-822.9105080717649
 30
0.0
 11
1292.5
 21
-822.9105080717649
 31
0.0
  0
LINE
  5
F6E
330
17
100
AcDbEntity
  8
IV_INTERIOR_PROFILES
100
AcDbLine
 10
1292.1
 20
-837.9105080717649
 30
0.0
 11
1292.1
 21
-822.9105080717649
 31
0.0
  0
LINE
  5
F6F
330
17
100
AcDbEntity
  8
IV_INTERIOR_PROFILES
100
AcDbLine
 10
1292.5
 20
-837.9105080717649
 30
0.0
 11
1292.1
 21
-837.9105080717649
 31
0.0
  0
LINE
  5
F70
330
17
100
AcDbEntity
  8
IV_INTERIOR_PROFILES
100
AcDbLine
 10
1292.5
 20
-822.9105080717649
 30
0.0
 11
1292.5
 21
-837.9105080717649
 31
0.0
  0
LINE
  5
F71
330
17
100
AcDbEntity
  8
IV_INTERIOR_PROFILES
100
AcDbLine
 10
1301.1
 20
-822.9105080717649
 30
0.0
 11
1301.5
 21
-822.9105080717649
 31
0.0
  0
LINE
  5
F72
330
17
100
AcDbEntity
  8
IV_INTERIOR_PROFILES
100
AcDbLine
 10
1301.1
 20
-837.9105080717649
 30
0.0
 11
1301.1
 21
-822.9105080717649
 31
0.0
  0
LINE
  5
F73
330
17
100
AcDbEntity
  8
IV_INTERIOR_PROFILES
100
AcDbLine
 10
1301.5
 20
-837.9105080717649
 30
0.0
 11
1301.1
 21
-837.9105080717649
 31
0.0
  0
LINE
  5
F74
330
17
100
AcDbEntity
  8
IV_INTERIOR_PROFILES
100
AcDbLine
 10
1301.5
 20
-822.9105080717649
 30
0.0
 11
1301.5
 21
-837.9105080717649
 31
0.0
  0
LINE
  5
F75
330
17
100
AcDbEntity
  8
IV_INTERIOR_PROFILES
100
AcDbLine
 10
1310.1
 20
-822.9105080717649
 30
0.0
 11
1310.5
 21
-822.9105080717649
 31
0.0
  0
LINE
  5
F76
330
17
100
AcDbEntity
  8
IV_INTERIOR_PROFILES
100
AcDbLine
 10
1310.1
 20
-837.9105080717649
 30
0.0
 11
1310.1
 21
-822.9105080717649
 31
0.0
  0
LINE
  5
F77
330
17
100
AcDbEntity
  8
IV_INTERIOR_PROFILES
100
AcDbLine
 10
1310.5
 20
-837.9105080717649
 30
0.0
 11
1310.1
 21
-837.9105080717649
 31
0.0
  0
LINE
  5
F78
330
17
100
AcDbEntity
  8
IV_INTERIOR_PROFILES
100
AcDbLine
 10
1310.5
 20
-822.9105080717649
 30
0.0
 11
1310.5
 21
-837.9105080717649
 31
0.0
  0
LINE
  5
F79
330
17
100
AcDbEntity
  8
IV_INTERIOR_PROFILES
100
AcDbLine
 10
1319.1
 20
-822.910508071765
 30
0.0
 11
1319.5
 21
-822.910508071765
 31
0.0
  0
LINE
  5
F7A
330
17
100
AcDbEntity
  8
IV_INTERIOR_PROFILES
100
AcDbLine
 10
1319.1
 20
-837.9105080717649
 30
0.0
 11
1319.1
 21
-822.910508071765
 31
0.0
  0
LINE
  5
F7B
330
17
100
AcDbEntity
  8
IV_INTERIOR_PROFILES
100
AcDbLine
 10
1319.5
 20
-837.9105080717649
 30
0.0
 11
1319.1
 21
-837.9105080717649
 31
0.0
  0
LINE
  5
F7C
330
17
100
AcDbEntity
  8
IV_INTERIOR_PROFILES
100
AcDbLine
 10
1319.5
 20
-822.910508071765
 30
0.0
 11
1319.5
 21
-837.9105080717649
 31
0.0
  0
LINE
  5
F7D
330
17
100
AcDbEntity
  8
IV_INTERIOR_PROFILES
100
AcDbLine
 10
1328.1
 20
-822.910508071765
 30
0.0
 11
1328.5
 21
-822.910508071765
 31
0.0
  0
LINE
  5
F7E
330
17
100
AcDbEntity
  8
IV_INTERIOR_PROFILES
100
AcDbLine
 10
1328.1
 20
-837.910508071765
 30
0.0
 11
1328.1
 21
-822.910508071765
 31
0.0
  0
LINE
  5
F7F
330
17
100
AcDbEntity
  8
IV_INTERIOR_PROFILES
100
AcDbLine
 10
1328.5
 20
-837.910508071765
 30
0.0
 11
1328.1
 21
-837.910508071765
 31
0.0
  0
LINE
  5
F80
330
17
100
AcDbEntity
  8
IV_INTERIOR_PROFILES
100
AcDbLine
 10
1328.5
 20
-822.910508071765
 30
0.0
 11
1328.5
 21
-837.910508071765
 31
0.0
  0
LINE
  5
F81
330
17
100
AcDbEntity
  8
IV_INTERIOR_PROFILES
100
AcDbLine
 10
1337.1
 20
-822.910508071765
 30
0.0
 11
1337.5
 21
-822.910508071765
 31
0.0
  0
LINE
  5
F82
330
17
100
AcDbEntity
  8
IV_INTERIOR_PROFILES
100
AcDbLine
 10
1337.1
 20
-837.910508071765
 30
0.0
 11
1337.1
 21
-822.910508071765
 31
0.0
  0
LINE
  5
F83
330
17
100
AcDbEntity
  8
IV_INTERIOR_PROFILES
100
AcDbLine
 10
1337.5
 20
-837.910508071765
 30
0.0
 11
1337.1
 21
-837.910508071765
 31
0.0
  0
LINE
  5
F84
330
17
100
AcDbEntity
  8
IV_INTERIOR_PROFILES
100
AcDbLine
 10
1337.5
 20
-822.910508071765
 30
0.0
 11
1337.5
 21
-837.910508071765
 31
0.0
  0
LINE
  5
F85
330
17
100
AcDbEntity
  8
IV_INTERIOR_PROFILES
100
AcDbLine
 10
1346.1
 20
-822.910508071765
 30
0.0
 11
1346.5
 21
-822.910508071765
 31
0.0
  0
LINE
  5
F86
330
17
100
AcDbEntity
  8
IV_INTERIOR_PROFILES
100
AcDbLine
 10
1346.1
 20
-837.910508071765
 30
0.0
 11
1346.1
 21
-822.910508071765
 31
0.0
  0
LINE
  5
F87
330
17
100
AcDbEntity
  8
IV_INTERIOR_PROFILES
100
AcDbLine
 10
1346.5
 20
-837.910508071765
 30
0.0
 11
1346.1
 21
-837.910508071765
 31
0.0
  0
LINE
  5
F88
330
17
100
AcDbEntity
  8
IV_INTERIOR_PROFILES
100
AcDbLine
 10
1346.5
 20
-822.910508071765
 30
0.0
 11
1346.5
 21
-837.910508071765
 31
0.0
  0
LINE
  5
F89
330
17
100
AcDbEntity
  8
IV_INTERIOR_PROFILES
100
AcDbLine
 10
1355.1
 20
-822.910508071765
 30
0.0
 11
1355.5
 21
-822.910508071765
 31
0.0
  0
LINE
  5
F8A
330
17
100
AcDbEntity
  8
IV_INTERIOR_PROFILES
100
AcDbLine
 10
1355.1
 20
-837.910508071765
 30
0.0
 11
1355.1
 21
-822.910508071765
 31
0.0
  0
LINE
  5
F8B
330
17
100
AcDbEntity
  8
IV_INTERIOR_PROFILES
100
AcDbLine
 10
1355.5
 20
-837.910508071765
 30
0.0
 11
1355.1
 21
-837.910508071765
 31
0.0
  0
LINE
  5
F8C
330
17
100
AcDbEntity
  8
IV_INTERIOR_PROFILES
100
AcDbLine
 10
1355.5
 20
-822.910508071765
 30
0.0
 11
1355.5
 21
-837.910508071765
 31
0.0
  0
LINE
  5
F8D
330
17
100
AcDbEntity
  8
IV_INTERIOR_PROFILES
100
AcDbLine
 10
1364.1
 20
-822.910508071765
 30
0.0
 11
1364.5
 21
-822.910508071765
 31
0.0
  0
LINE
  5
F8E
330
17
100
AcDbEntity
  8
IV_INTERIOR_PROFILES
100
AcDbLine
 10
1364.1
 20
-837.910508071765
 30
0.0
 11
1364.1
 21
-822.910508071765
 31
0.0
  0
LINE
  5
F8F
330
17
100
AcDbEntity
  8
IV_INTERIOR_PROFILES
100
AcDbLine
 10
1364.5
 20
-837.910508071765
 30
0.0
 11
1364.1
 21
-837.910508071765
 31
0.0
  0
LINE
  5
F90
330
17
100
AcDbEntity
  8
IV_INTERIOR_PROFILES
100
AcDbLine
 10
1364.5
 20
-822.910508071765
 30
0.0
 11
1364.5
 21
-837.910508071765
 31
0.0
  0
LINE
  5
F91
330
17
100
AcDbEntity
  8
IV_INTERIOR_PROFILES
100
AcDbLine
 10
1373.1
 20
-822.910508071765
 30
0.0
 11
1373.5
 21
-822.910508071765
 31
0.0
  0
LINE
  5
F92
330
17
100
AcDbEntity
  8
IV_INTERIOR_PROFILES
100
AcDbLine
 10
1373.1
 20
-837.910508071765
 30
0.0
 11
1373.1
 21
-822.910508071765
 31
0.0
  0
LINE
  5
F93
330
17
100
AcDbEntity
  8
IV_INTERIOR_PROFILES
100
AcDbLine
 10
1373.5
 20
-837.910508071765
 30
0.0
 11
1373.1
 21
-837.910508071765
 31
0.0
  0
LINE
  5
F94
330
17
100
AcDbEntity
  8
IV_INTERIOR_PROFILES
100
AcDbLine
 10
1373.5
 20
-822.910508071765
 30
0.0
 11
1373.5
 21
-837.910508071765
 31
0.0
  0
LINE
  5
F95
330
17
100
AcDbEntity
  8
IV_INTERIOR_PROFILES
100
AcDbLine
 10
1382.1
 20
-822.910508071765
 30
0.0
 11
1382.5
 21
-822.910508071765
 31
0.0
  0
LINE
  5
F96
330
17
100
AcDbEntity
  8
IV_INTERIOR_PROFILES
100
AcDbLine
 10
1382.1
 20
-837.910508071765
 30
0.0
 11
1382.1
 21
-822.910508071765
 31
0.0
  0
LINE
  5
F97
330
17
100
AcDbEntity
  8
IV_INTERIOR_PROFILES
100
AcDbLine
 10
1382.5
 20
-837.910508071765
 30
0.0
 11
1382.1
 21
-837.910508071765
 31
0.0
  0
LINE
  5
F98
330
17
100
AcDbEntity
  8
IV_INTERIOR_PROFILES
100
AcDbLine
 10
1382.5
 20
-822.910508071765
 30
0.0
 11
1382.5
 21
-837.910508071765
 31
0.0
  0
LINE
  5
F99
330
17
100
AcDbEntity
  8
IV_INTERIOR_PROFILES
100
AcDbLine
 10
1391.1
 20
-822.910508071765
 30
0.0
 11
1391.5
 21
-822.910508071765
 31
0.0
  0
LINE
  5
F9A
330
17
100
AcDbEntity
  8
IV_INTERIOR_PROFILES
100
AcDbLine
 10
1391.1
 20
-837.910508071765
 30
0.0
 11
1391.1
 21
-822.910508071765
 31
0.0
  0
LINE
  5
F9B
330
17
100
AcDbEntity
  8
IV_INTERIOR_PROFILES
100
AcDbLine
 10
1391.5
 20
-837.910508071765
 30
0.0
 11
1391.1
 21
-837.910508071765
 31
0.0
  0
LINE
  5
F9C
330
17
100
AcDbEntity
  8
IV_INTERIOR_PROFILES
100
AcDbLine
 10
1391.5
 20
-822.910508071765
 30
0.0
 11
1391.5
 21
-837.910508071765
 31
0.0
  0
LINE
  5
F9D
330
17
100
AcDbEntity
  8
IV_INTERIOR_PROFILES
100
AcDbLine
 10
1400.1
 20
-822.910508071765
 30
0.0
 11
1400.5
 21
-822.910508071765
 31
0.0
  0
LINE
  5
F9E
330
17
100
AcDbEntity
  8
IV_INTERIOR_PROFILES
100
AcDbLine
 10
1400.1
 20
-837.910508071765
 30
0.0
 11
1400.1
 21
-822.910508071765
 31
0.0
  0
LINE
  5
F9F
330
17
100
AcDbEntity
  8
IV_INTERIOR_PROFILES
100
AcDbLine
 10
1400.5
 20
-837.910508071765
 30
0.0
 11
1400.1
 21
-837.910508071765
 31
0.0
  0
LINE
  5
FA0
330
17
100
AcDbEntity
  8
IV_INTERIOR_PROFILES
100
AcDbLine
 10
1400.5
 20
-822.910508071765
 30
0.0
 11
1400.5
 21
-837.910508071765
 31
0.0
  0
LINE
  5
FA1
330
17
100
AcDbEntity
  8
IV_INTERIOR_PROFILES
100
AcDbLine
 10
1409.1
 20
-822.910508071765
 30
0.0
 11
1409.5
 21
-822.910508071765
 31
0.0
  0
LINE
  5
FA2
330
17
100
AcDbEntity
  8
IV_INTERIOR_PROFILES
100
AcDbLine
 10
1409.1
 20
-837.910508071765
 30
0.0
 11
1409.1
 21
-822.910508071765
 31
0.0
  0
LINE
  5
FA3
330
17
100
AcDbEntity
  8
IV_INTERIOR_PROFILES
100
AcDbLine
 10
1409.5
 20
-837.910508071765
 30
0.0
 11
1409.1
 21
-837.910508071765
 31
0.0
  0
LINE
  5
FA4
330
17
100
AcDbEntity
  8
IV_INTERIOR_PROFILES
100
AcDbLine
 10
1409.5
 20
-822.910508071765
 30
0.0
 11
1409.5
 21
-837.910508071765
 31
0.0
  0
LINE
  5
FA5
330
17
100
AcDbEntity
  8
IV_INTERIOR_PROFILES
100
AcDbLine
 10
1418.1
 20
-822.910508071765
 30
0.0
 11
1418.5
 21
-822.910508071765
 31
0.0
  0
LINE
  5
FA6
330
17
100
AcDbEntity
  8
IV_INTERIOR_PROFILES
100
AcDbLine
 10
1418.1
 20
-837.910508071765
 30
0.0
 11
1418.1
 21
-822.910508071765
 31
0.0
  0
LINE
  5
FA7
330
17
100
AcDbEntity
  8
IV_INTERIOR_PROFILES
100
AcDbLine
 10
1418.5
 20
-837.910508071765
 30
0.0
 11
1418.1
 21
-837.910508071765
 31
0.0
  0
LINE
  5
FA8
330
17
100
AcDbEntity
  8
IV_INTERIOR_PROFILES
100
AcDbLine
 10
1418.5
 20
-822.910508071765
 30
0.0
 11
1418.5
 21
-837.910508071765
 31
0.0
  0
LINE
  5
FA9
330
17
100
AcDbEntity
  8
IV_INTERIOR_PROFILES
100
AcDbLine
 10
1427.1
 20
-822.910508071765
 30
0.0
 11
1427.5
 21
-822.910508071765
 31
0.0
  0
LINE
  5
FAA
330
17
100
AcDbEntity
  8
IV_INTERIOR_PROFILES
100
AcDbLine
 10
1427.1
 20
-837.910508071765
 30
0.0
 11
1427.1
 21
-822.910508071765
 31
0.0
  0
LINE
  5
FAB
330
17
100
AcDbEntity
  8
IV_INTERIOR_PROFILES
100
AcDbLine
 10
1427.5
 20
-837.910508071765
 30
0.0
 11
1427.1
 21
-837.910508071765
 31
0.0
  0
LINE
  5
FAC
330
17
100
AcDbEntity
  8
IV_INTERIOR_PROFILES
100
AcDbLine
 10
1427.5
 20
-822.910508071765
 30
0.0
 11
1427.5
 21
-837.910508071765
 31
0.0
  0
LINE
  5
FAD
330
17
100
AcDbEntity
  8
IV_INTERIOR_PROFILES
100
AcDbLine
 10
1436.1
 20
-822.910508071765
 30
0.0
 11
1436.5
 21
-822.910508071765
 31
0.0
  0
LINE
  5
FAE
330
17
100
AcDbEntity
  8
IV_INTERIOR_PROFILES
100
AcDbLine
 10
1436.1
 20
-837.910508071765
 30
0.0
 11
1436.1
 21
-822.910508071765
 31
0.0
  0
LINE
  5
FAF
330
17
100
AcDbEntity
  8
IV_INTERIOR_PROFILES
100
AcDbLine
 10
1436.5
 20
-837.910508071765
 30
0.0
 11
1436.1
 21
-837.910508071765
 31
0.0
  0
LINE
  5
FB0
330
17
100
AcDbEntity
  8
IV_INTERIOR_PROFILES
100
AcDbLine
 10
1436.5
 20
-822.910508071765
 30
0.0
 11
1436.5
 21
-837.910508071765
 31
0.0
  0
LINE
  5
FB1
330
17
100
AcDbEntity
  8
IV_INTERIOR_PROFILES
100
AcDbLine
 10
1445.1
 20
-822.910508071765
 30
0.0
 11
1445.5
 21
-822.910508071765
 31
0.0
  0
LINE
  5
FB2
330
17
100
AcDbEntity
  8
IV_INTERIOR_PROFILES
100
AcDbLine
 10
1445.1
 20
-837.910508071765
 30
0.0
 11
1445.1
 21
-822.910508071765
 31
0.0
  0
LINE
  5
FB3
330
17
100
AcDbEntity
  8
IV_INTERIOR_PROFILES
100
AcDbLine
 10
1445.5
 20
-837.910508071765
 30
0.0
 11
1445.1
 21
-837.910508071765
 31
0.0
  0
LINE
  5
FB4
330
17
100
AcDbEntity
  8
IV_INTERIOR_PROFILES
100
AcDbLine
 10
1445.5
 20
-822.910508071765
 30
0.0
 11
1445.5
 21
-837.910508071765
 31
0.0
  0
LINE
  5
FB5
330
17
100
AcDbEntity
  8
IV_INTERIOR_PROFILES
100
AcDbLine
 10
1454.1
 20
-822.910508071765
 30
0.0
 11
1454.5
 21
-822.910508071765
 31
0.0
  0
LINE
  5
FB6
330
17
100
AcDbEntity
  8
IV_INTERIOR_PROFILES
100
AcDbLine
 10
1454.1
 20
-837.910508071765
 30
0.0
 11
1454.1
 21
-822.910508071765
 31
0.0
  0
LINE
  5
FB7
330
17
100
AcDbEntity
  8
IV_INTERIOR_PROFILES
100
AcDbLine
 10
1454.5
 20
-837.910508071765
 30
0.0
 11
1454.1
 21
-837.910508071765
 31
0.0
  0
LINE
  5
FB8
330
17
100
AcDbEntity
  8
IV_INTERIOR_PROFILES
100
AcDbLine
 10
1454.5
 20
-822.910508071765
 30
0.0
 11
1454.5
 21
-837.910508071765
 31
0.0
  0
LINE
  5
FB9
330
17
100
AcDbEntity
  8
IV_INTERIOR_PROFILES
100
AcDbLine
 10
1463.1
 20
-822.910508071765
 30
0.0
 11
1463.5
 21
-822.910508071765
 31
0.0
  0
LINE
  5
FBA
330
17
100
AcDbEntity
  8
IV_INTERIOR_PROFILES
100
AcDbLine
 10
1463.1
 20
-837.910508071765
 30
0.0
 11
1463.1
 21
-822.910508071765
 31
0.0
  0
LINE
  5
FBB
330
17
100
AcDbEntity
  8
IV_INTERIOR_PROFILES
100
AcDbLine
 10
1463.5
 20
-837.910508071765
 30
0.0
 11
1463.1
 21
-837.910508071765
 31
0.0
  0
LINE
  5
FBC
330
17
100
AcDbEntity
  8
IV_INTERIOR_PROFILES
100
AcDbLine
 10
1463.5
 20
-822.910508071765
 30
0.0
 11
1463.5
 21
-837.910508071765
 31
0.0
  0
LINE
  5
FBD
330
17
100
AcDbEntity
  8
IV_INTERIOR_PROFILES
100
AcDbLine
 10
1472.1
 20
-822.910508071765
 30
0.0
 11
1472.5
 21
-822.910508071765
 31
0.0
  0
LINE
  5
FBE
330
17
100
AcDbEntity
  8
IV_INTERIOR_PROFILES
100
AcDbLine
 10
1472.1
 20
-837.910508071765
 30
0.0
 11
1472.1
 21
-822.910508071765
 31
0.0
  0
LINE
  5
FBF
330
17
100
AcDbEntity
  8
IV_INTERIOR_PROFILES
100
AcDbLine
 10
1472.5
 20
-837.910508071765
 30
0.0
 11
1472.1
 21
-837.910508071765
 31
0.0
  0
LINE
  5
FC0
330
17
100
AcDbEntity
  8
IV_INTERIOR_PROFILES
100
AcDbLine
 10
1472.5
 20
-822.910508071765
 30
0.0
 11
1472.5
 21
-837.910508071765
 31
0.0
  0
LINE
  5
FC1
330
17
100
AcDbEntity
  8
IV_INTERIOR_PROFILES
100
AcDbLine
 10
1481.1
 20
-822.910508071765
 30
0.0
 11
1481.5
 21
-822.910508071765
 31
0.0
  0
LINE
  5
FC2
330
17
100
AcDbEntity
  8
IV_INTERIOR_PROFILES
100
AcDbLine
 10
1481.1
 20
-837.910508071765
 30
0.0
 11
1481.1
 21
-822.910508071765
 31
0.0
  0
LINE
  5
FC3
330
17
100
AcDbEntity
  8
IV_INTERIOR_PROFILES
100
AcDbLine
 10
1481.5
 20
-837.910508071765
 30
0.0
 11
1481.1
 21
-837.910508071765
 31
0.0
  0
LINE
  5
FC4
330
17
100
AcDbEntity
  8
IV_INTERIOR_PROFILES
100
AcDbLine
 10
1481.5
 20
-822.910508071765
 30
0.0
 11
1481.5
 21
-837.910508071765
 31
0.0
  0
LINE
  5
FC5
330
17
100
AcDbEntity
  8
IV_INTERIOR_PROFILES
100
AcDbLine
 10
1490.1
 20
-822.910508071765
 30
0.0
 11
1490.5
 21
-822.910508071765
 31
0.0
  0
LINE
  5
FC6
330
17
100
AcDbEntity
  8
IV_INTERIOR_PROFILES
100
AcDbLine
 10
1490.1
 20
-837.910508071765
 30
0.0
 11
1490.1
 21
-822.910508071765
 31
0.0
  0
LINE
  5
FC7
330
17
100
AcDbEntity
  8
IV_INTERIOR_PROFILES
100
AcDbLine
 10
1490.5
 20
-837.910508071765
 30
0.0
 11
1490.1
 21
-837.910508071765
 31
0.0
  0
LINE
  5
FC8
330
17
100
AcDbEntity
  8
IV_INTERIOR_PROFILES
100
AcDbLine
 10
1490.5
 20
-822.910508071765
 30
0.0
 11
1490.5
 21
-837.910508071765
 31
0.0
  0
LINE
  5
FC9
330
17
100
AcDbEntity
  8
IV_INTERIOR_PROFILES
100
AcDbLine
 10
1499.1
 20
-822.910508071765
 30
0.0
 11
1499.5
 21
-822.910508071765
 31
0.0
  0
LINE
  5
FCA
330
17
100
AcDbEntity
  8
IV_INTERIOR_PROFILES
100
AcDbLine
 10
1499.1
 20
-837.910508071765
 30
0.0
 11
1499.1
 21
-822.910508071765
 31
0.0
  0
LINE
  5
FCB
330
17
100
AcDbEntity
  8
IV_INTERIOR_PROFILES
100
AcDbLine
 10
1499.5
 20
-837.910508071765
 30
0.0
 11
1499.1
 21
-837.910508071765
 31
0.0
  0
LINE
  5
FCC
330
17
100
AcDbEntity
  8
IV_INTERIOR_PROFILES
100
AcDbLine
 10
1499.5
 20
-822.910508071765
 30
0.0
 11
1499.5
 21
-837.910508071765
 31
0.0
  0
LINE
  5
FCD
330
17
100
AcDbEntity
  8
IV_INTERIOR_PROFILES
100
AcDbLine
 10
1508.1
 20
-822.910508071765
 30
0.0
 11
1508.5
 21
-822.910508071765
 31
0.0
  0
LINE
  5
FCE
330
17
100
AcDbEntity
  8
IV_INTERIOR_PROFILES
100
AcDbLine
 10
1508.1
 20
-837.910508071765
 30
0.0
 11
1508.1
 21
-822.910508071765
 31
0.0
  0
LINE
  5
FCF
330
17
100
AcDbEntity
  8
IV_INTERIOR_PROFILES
100
AcDbLine
 10
1508.5
 20
-837.910508071765
 30
0.0
 11
1508.1
 21
-837.910508071765
 31
0.0
  0
LINE
  5
FD0
330
17
100
AcDbEntity
  8
IV_INTERIOR_PROFILES
100
AcDbLine
 10
1508.5
 20
-822.910508071765
 30
0.0
 11
1508.5
 21
-837.910508071765
 31
0.0
  0
LINE
  5
FD1
330
17
100
AcDbEntity
  8
IV_INTERIOR_PROFILES
100
AcDbLine
 10
1517.1
 20
-822.910508071765
 30
0.0
 11
1517.5
 21
-822.910508071765
 31
0.0
  0
LINE
  5
FD2
330
17
100
AcDbEntity
  8
IV_INTERIOR_PROFILES
100
AcDbLine
 10
1517.1
 20
-837.910508071765
 30
0.0
 11
1517.1
 21
-822.910508071765
 31
0.0
  0
LINE
  5
FD3
330
17
100
AcDbEntity
  8
IV_INTERIOR_PROFILES
100
AcDbLine
 10
1517.5
 20
-837.910508071765
 30
0.0
 11
1517.1
 21
-837.910508071765
 31
0.0
  0
LINE
  5
FD4
330
17
100
AcDbEntity
  8
IV_INTERIOR_PROFILES
100
AcDbLine
 10
1517.5
 20
-822.910508071765
 30
0.0
 11
1517.5
 21
-837.910508071765
 31
0.0
  0
LINE
  5
FD5
330
17
100
AcDbEntity
  8
IV_INTERIOR_PROFILES
100
AcDbLine
 10
1526.1
 20
-822.910508071765
 30
0.0
 11
1526.5
 21
-822.910508071765
 31
0.0
  0
LINE
  5
FD6
330
17
100
AcDbEntity
  8
IV_INTERIOR_PROFILES
100
AcDbLine
 10
1526.1
 20
-837.910508071765
 30
0.0
 11
1526.1
 21
-822.910508071765
 31
0.0
  0
LINE
  5
FD7
330
17
100
AcDbEntity
  8
IV_INTERIOR_PROFILES
100
AcDbLine
 10
1526.5
 20
-837.910508071765
 30
0.0
 11
1526.1
 21
-837.910508071765
 31
0.0
  0
LINE
  5
FD8
330
17
100
AcDbEntity
  8
IV_INTERIOR_PROFILES
100
AcDbLine
 10
1526.5
 20
-822.910508071765
 30
0.0
 11
1526.5
 21
-837.910508071765
 31
0.0
  0
LINE
  5
FD9
330
17
100
AcDbEntity
  8
IV_INTERIOR_PROFILES
100
AcDbLine
 10
1535.1
 20
-822.910508071765
 30
0.0
 11
1535.5
 21
-822.910508071765
 31
0.0
  0
LINE
  5
FDA
330
17
100
AcDbEntity
  8
IV_INTERIOR_PROFILES
100
AcDbLine
 10
1535.1
 20
-837.910508071765
 30
0.0
 11
1535.1
 21
-822.910508071765
 31
0.0
  0
LINE
  5
FDB
330
17
100
AcDbEntity
  8
IV_INTERIOR_PROFILES
100
AcDbLine
 10
1535.5
 20
-837.910508071765
 30
0.0
 11
1535.1
 21
-837.910508071765
 31
0.0
  0
LINE
  5
FDC
330
17
100
AcDbEntity
  8
IV_INTERIOR_PROFILES
100
AcDbLine
 10
1535.5
 20
-822.910508071765
 30
0.0
 11
1535.5
 21
-837.910508071765
 31
0.0
  0
LINE
  5
FDD
330
17
100
AcDbEntity
  8
IV_INTERIOR_PROFILES
100
AcDbLine
 10
1544.1
 20
-822.910508071765
 30
0.0
 11
1544.5
 21
-822.910508071765
 31
0.0
  0
LINE
  5
FDE
330
17
100
AcDbEntity
  8
IV_INTERIOR_PROFILES
100
AcDbLine
 10
1544.1
 20
-837.910508071765
 30
0.0
 11
1544.1
 21
-822.910508071765
 31
0.0
  0
LINE
  5
FDF
330
17
100
AcDbEntity
  8
IV_INTERIOR_PROFILES
100
AcDbLine
 10
1544.5
 20
-837.910508071765
 30
0.0
 11
1544.1
 21
-837.910508071765
 31
0.0
  0
LINE
  5
FE0
330
17
100
AcDbEntity
  8
IV_INTERIOR_PROFILES
100
AcDbLine
 10
1544.5
 20
-822.910508071765
 30
0.0
 11
1544.5
 21
-837.910508071765
 31
0.0
  0
LINE
  5
FE1
330
17
100
AcDbEntity
  8
IV_INTERIOR_PROFILES
100
AcDbLine
 10
1553.1
 20
-822.910508071765
 30
0.0
 11
1553.5
 21
-822.910508071765
 31
0.0
  0
LINE
  5
FE2
330
17
100
AcDbEntity
  8
IV_INTERIOR_PROFILES
100
AcDbLine
 10
1553.1
 20
-837.910508071765
 30
0.0
 11
1553.1
 21
-822.910508071765
 31
0.0
  0
LINE
  5
FE3
330
17
100
AcDbEntity
  8
IV_INTERIOR_PROFILES
100
AcDbLine
 10
1553.5
 20
-837.910508071765
 30
0.0
 11
1553.1
 21
-837.910508071765
 31
0.0
  0
LINE
  5
FE4
330
17
100
AcDbEntity
  8
IV_INTERIOR_PROFILES
100
AcDbLine
 10
1553.5
 20
-822.910508071765
 30
0.0
 11
1553.5
 21
-837.910508071765
 31
0.0
  0
LINE
  5
FE5
330
17
100
AcDbEntity
  8
IV_INTERIOR_PROFILES
100
AcDbLine
 10
1562.1
 20
-822.910508071765
 30
0.0
 11
1562.5
 21
-822.910508071765
 31
0.0
  0
LINE
  5
FE6
330
17
100
AcDbEntity
  8
IV_INTERIOR_PROFILES
100
AcDbLine
 10
1562.1
 20
-837.910508071765
 30
0.0
 11
1562.1
 21
-822.910508071765
 31
0.0
  0
LINE
  5
FE7
330
17
100
AcDbEntity
  8
IV_INTERIOR_PROFILES
100
AcDbLine
 10
1562.5
 20
-837.910508071765
 30
0.0
 11
1562.1
 21
-837.910508071765
 31
0.0
  0
LINE
  5
FE8
330
17
100
AcDbEntity
  8
IV_INTERIOR_PROFILES
100
AcDbLine
 10
1562.5
 20
-822.910508071765
 30
0.0
 11
1562.5
 21
-837.910508071765
 31
0.0
  0
LINE
  5
FE9
330
17
100
AcDbEntity
  8
IV_INTERIOR_PROFILES
100
AcDbLine
 10
1571.1
 20
-822.910508071765
 30
0.0
 11
1571.5
 21
-822.910508071765
 31
0.0
  0
LINE
  5
FEA
330
17
100
AcDbEntity
  8
IV_INTERIOR_PROFILES
100
AcDbLine
 10
1571.1
 20
-837.910508071765
 30
0.0
 11
1571.1
 21
-822.910508071765
 31
0.0
  0
LINE
  5
FEB
330
17
100
AcDbEntity
  8
IV_INTERIOR_PROFILES
100
AcDbLine
 10
1571.5
 20
-837.910508071765
 30
0.0
 11
1571.1
 21
-837.910508071765
 31
0.0
  0
LINE
  5
FEC
330
17
100
AcDbEntity
  8
IV_INTERIOR_PROFILES
100
AcDbLine
 10
1571.5
 20
-822.910508071765
 30
0.0
 11
1571.5
 21
-837.910508071765
 31
0.0
  0
LINE
  5
FED
330
17
100
AcDbEntity
  8
IV_INTERIOR_PROFILES
100
AcDbLine
 10
1580.1
 20
-822.910508071765
 30
0.0
 11
1580.5
 21
-822.910508071765
 31
0.0
  0
LINE
  5
FEE
330
17
100
AcDbEntity
  8
IV_INTERIOR_PROFILES
100
AcDbLine
 10
1580.1
 20
-837.910508071765
 30
0.0
 11
1580.1
 21
-822.910508071765
 31
0.0
  0
LINE
  5
FEF
330
17
100
AcDbEntity
  8
IV_INTERIOR_PROFILES
100
AcDbLine
 10
1580.5
 20
-837.910508071765
 30
0.0
 11
1580.1
 21
-837.910508071765
 31
0.0
  0
LINE
  5
FF0
330
17
100
AcDbEntity
  8
IV_INTERIOR_PROFILES
100
AcDbLine
 10
1580.5
 20
-822.910508071765
 30
0.0
 11
1580.5
 21
-837.910508071765
 31
0.0
  0
LINE
  5
FF1
330
17
100
AcDbEntity
  8
IV_INTERIOR_PROFILES
100
AcDbLine
 10
1589.1
 20
-822.910508071765
 30
0.0
 11
1589.5
 21
-822.910508071765
 31
0.0
  0
LINE
  5
FF2
330
17
100
AcDbEntity
  8
IV_INTERIOR_PROFILES
100
AcDbLine
 10
1589.1
 20
-837.910508071765
 30
0.0
 11
1589.1
 21
-822.910508071765
 31
0.0
  0
LINE
  5
FF3
330
17
100
AcDbEntity
  8
IV_INTERIOR_PROFILES
100
AcDbLine
 10
1589.5
 20
-837.910508071765
 30
0.0
 11
1589.1
 21
-837.910508071765
 31
0.0
  0
LINE
  5
FF4
330
17
100
AcDbEntity
  8
IV_INTERIOR_PROFILES
100
AcDbLine
 10
1589.5
 20
-822.910508071765
 30
0.0
 11
1589.5
 21
-837.910508071765
 31
0.0
  0
LINE
  5
FF5
330
17
100
AcDbEntity
  8
IV_INTERIOR_PROFILES
100
AcDbLine
 10
1598.1
 20
-822.910508071765
 30
0.0
 11
1598.5
 21
-822.910508071765
 31
0.0
  0
LINE
  5
FF6
330
17
100
AcDbEntity
  8
IV_INTERIOR_PROFILES
100
AcDbLine
 10
1598.1
 20
-837.910508071765
 30
0.0
 11
1598.1
 21
-822.910508071765
 31
0.0
  0
LINE
  5
FF7
330
17
100
AcDbEntity
  8
IV_INTERIOR_PROFILES
100
AcDbLine
 10
1598.5
 20
-837.910508071765
 30
0.0
 11
1598.1
 21
-837.910508071765
 31
0.0
  0
LINE
  5
FF8
330
17
100
AcDbEntity
  8
IV_INTERIOR_PROFILES
100
AcDbLine
 10
1598.5
 20
-822.910508071765
 30
0.0
 11
1598.5
 21
-837.910508071765
 31
0.0
  0
LINE
  5
FF9
330
17
100
AcDbEntity
  8
IV_INTERIOR_PROFILES
100
AcDbLine
 10
1607.1
 20
-822.910508071765
 30
0.0
 11
1607.5
 21
-822.910508071765
 31
0.0
  0
LINE
  5
FFA
330
17
100
AcDbEntity
  8
IV_INTERIOR_PROFILES
100
AcDbLine
 10
1607.1
 20
-837.910508071765
 30
0.0
 11
1607.1
 21
-822.910508071765
 31
0.0
  0
LINE
  5
FFB
330
17
100
AcDbEntity
  8
IV_INTERIOR_PROFILES
100
AcDbLine
 10
1607.5
 20
-837.910508071765
 30
0.0
 11
1607.1
 21
-837.910508071765
 31
0.0
  0
LINE
  5
FFC
330
17
100
AcDbEntity
  8
IV_INTERIOR_PROFILES
100
AcDbLine
 10
1607.5
 20
-822.910508071765
 30
0.0
 11
1607.5
 21
-837.910508071765
 31
0.0
  0
LINE
  5
FFD
330
17
100
AcDbEntity
  8
IV_INTERIOR_PROFILES
100
AcDbLine
 10
1616.1
 20
-822.910508071765
 30
0.0
 11
1616.5
 21
-822.910508071765
 31
0.0
  0
LINE
  5
FFE
330
17
100
AcDbEntity
  8
IV_INTERIOR_PROFILES
100
AcDbLine
 10
1616.1
 20
-837.910508071765
 30
0.0
 11
1616.1
 21
-822.910508071765
 31
0.0
  0
LINE
  5
FFF
330
17
100
AcDbEntity
  8
IV_INTERIOR_PROFILES
100
AcDbLine
 10
1616.5
 20
-837.910508071765
 30
0.0
 11
1616.1
 21
-837.910508071765
 31
0.0
  0
LINE
  5
1000
330
17
100
AcDbEntity
  8
IV_INTERIOR_PROFILES
100
AcDbLine
 10
1616.5
 20
-822.910508071765
 30
0.0
 11
1616.5
 21
-837.910508071765
 31
0.0
  0
LINE
  5
1001
330
17
100
AcDbEntity
  8
IV_INTERIOR_PROFILES
100
AcDbLine
 10
1625.1
 20
-822.910508071765
 30
0.0
 11
1625.5
 21
-822.910508071765
 31
0.0
  0
LINE
  5
1002
330
17
100
AcDbEntity
  8
IV_INTERIOR_PROFILES
100
AcDbLine
 10
1625.1
 20
-837.910508071765
 30
0.0
 11
1625.1
 21
-822.910508071765
 31
0.0
  0
LINE
  5
1003
330
17
100
AcDbEntity
  8
IV_INTERIOR_PROFILES
100
AcDbLine
 10
1625.5
 20
-837.910508071765
 30
0.0
 11
1625.1
 21
-837.910508071765
 31
0.0
  0
LINE
  5
1004
330
17
100
AcDbEntity
  8
IV_INTERIOR_PROFILES
100
AcDbLine
 10
1625.5
 20
-822.910508071765
 30
0.0
 11
1625.5
 21
-837.910508071765
 31
0.0
  0
LINE
  5
1005
330
17
100
AcDbEntity
  8
IV_INTERIOR_PROFILES
100
AcDbLine
 10
1634.1
 20
-822.910508071765
 30
0.0
 11
1634.5
 21
-822.910508071765
 31
0.0
  0
LINE
  5
1006
330
17
100
AcDbEntity
  8
IV_INTERIOR_PROFILES
100
AcDbLine
 10
1634.1
 20
-837.910508071765
 30
0.0
 11
1634.1
 21
-822.910508071765
 31
0.0
  0
LINE
  5
1007
330
17
100
AcDbEntity
  8
IV_INTERIOR_PROFILES
100
AcDbLine
 10
1634.5
 20
-837.910508071765
 30
0.0
 11
1634.1
 21
-837.910508071765
 31
0.0
  0
LINE
  5
1008
330
17
100
AcDbEntity
  8
IV_INTERIOR_PROFILES
100
AcDbLine
 10
1634.5
 20
-822.910508071765
 30
0.0
 11
1634.5
 21
-837.910508071765
 31
0.0
  0
LINE
  5
1009
330
17
100
AcDbEntity
  8
IV_INTERIOR_PROFILES
100
AcDbLine
 10
1049.1000000000001
 20
-822.9105080717649
 30
0.0
 11
1049.5
 21
-822.9105080717649
 31
0.0
  0
LINE
  5
100A
330
17
100
AcDbEntity
  8
IV_INTERIOR_PROFILES
100
AcDbLine
 10
1049.1000000000001
 20
-837.9105080717649
 30
0.0
 11
1049.1000000000001
 21
-822.9105080717649
 31
0.0
  0
LINE
  5
100B
330
17
100
AcDbEntity
  8
IV_INTERIOR_PROFILES
100
AcDbLine
 10
1049.5
 20
-837.9105080717649
 30
0.0
 11
1049.1000000000001
 21
-837.9105080717649
 31
0.0
  0
LINE
  5
100C
330
17
100
AcDbEntity
  8
IV_INTERIOR_PROFILES
100
AcDbLine
 10
1049.5
 20
-822.9105080717649
 30
0.0
 11
1049.5
 21
-837.9105080717649
 31
0.0
  0
LINE
  5
100D
330
17
100
AcDbEntity
  8
IV_INTERIOR_PROFILES
100
AcDbLine
 10
1643.1
 20
-822.910508071765
 30
0.0
 11
1643.5
 21
-822.910508071765
 31
0.0
  0
LINE
  5
100E
330
17
100
AcDbEntity
  8
IV_INTERIOR_PROFILES
100
AcDbLine
 10
1643.1
 20
-837.910508071765
 30
0.0
 11
1643.1
 21
-822.910508071765
 31
0.0
  0
LINE
  5
100F
330
17
100
AcDbEntity
  8
IV_INTERIOR_PROFILES
100
AcDbLine
 10
1643.5
 20
-837.910508071765
 30
0.0
 11
1643.1
 21
-837.910508071765
 31
0.0
  0
LINE
  5
1010
330
17
100
AcDbEntity
  8
IV_INTERIOR_PROFILES
100
AcDbLine
 10
1643.5
 20
-822.910508071765
 30
0.0
 11
1643.5
 21
-837.910508071765
 31
0.0
  0
LINE
  5
1011
330
17
100
AcDbEntity
  8
IV_OUTER_PROFILE
100
AcDbLine
 10
1650.0
 20
-808.8281281155328
 30
0.0
 11
1650.0
 21
-878.5351601444158
 31
0.0
  0
LINE
  5
1012
330
17
100
AcDbEntity
  8
IV_OUTER_PROFILE
100
AcDbLine
 10
1040.0
 20
-878.5351601444156
 30
0.0
 11
1040.0
 21
-808.8281281155326
 31
0.0
  0
LINE
  5
1013
330
17
100
AcDbEntity
  8
IV_OUTER_PROFILE
100
AcDbLine
 10
1650.0
 20
-878.5351601444158
 30
0.0
 11
1040.0
 21
-878.5351601444156
 31
0.0
  0
LINE
  5
1014
330
17
100
AcDbEntity
  8
IV_OUTER_PROFILE
100
AcDbLine
 10
1040.0
 20
-808.8281281155326
 30
0.0
 11
1650.0
 21
-808.8281281155328
 31
0.0
  0
TEXT
  5
1015
330
17
100
AcDbEntity
  8
LABELS
100
AcDbText
 10
0.0
 20
-858.6816441299742
 30
0.0
 40
30.0
  1
NDV-3502 s0.8mm x12
 11
0.0
 21
-858.6816441299742
 31
0.0
100
AcDbText
  0
LINE
  5
1016
330
17
100
AcDbEntity
  8
IV_BEND_DOWN
100
AcDbLine
 10
1040.0
 20
-1013.3298342381672
 30
0.0
 11
1300.0
 21
-1013.3298342381672
 31
0.0
  0
LINE
  5
1017
330
17
100
AcDbEntity
  8
IV_BEND_DOWN
100
AcDbLine
 10
1040.0
 20
-1038.3973983561405
 30
0.0
 11
1300.0
 21
-1038.3973983561405
 31
0.0
  0
LINE
  5
1018
330
17
100
AcDbEntity
  8
IV_BEND_DOWN
100
AcDbLine
 10
1040.0
 20
-988.2597155801094
 30
0.0
 11
1300.0
 21
-988.2597155801095
 31
0.0
  0
LINE
  5
1019
330
17
100
AcDbEntity
  8
IV_INTERIOR_PROFILES
100
AcDbLine
 10
1059.1
 20
-1019.0421283756864
 30
0.0
 11
1059.5
 21
-1019.0421283756864
 31
0.0
  0
LINE
  5
101A
330
17
100
AcDbEntity
  8
IV_INTERIOR_PROFILES
100
AcDbLine
 10
1059.1
 20
-1034.0421283756864
 30
0.0
 11
1059.1
 21
-1019.0421283756864
 31
0.0
  0
LINE
  5
101B
330
17
100
AcDbEntity
  8
IV_INTERIOR_PROFILES
100
AcDbLine
 10
1059.5
 20
-1034.0421283756864
 30
0.0
 11
1059.1
 21
-1034.0421283756864
 31
0.0
  0
LINE
  5
101C
330
17
100
AcDbEntity
  8
IV_INTERIOR_PROFILES
100
AcDbLine
 10
1059.5
 20
-1019.0421283756864
 30
0.0
 11
1059.5
 21
-1034.0421283756864
 31
0.0
  0
LINE
  5
101D
330
17
100
AcDbEntity
  8
IV_INTERIOR_PROFILES
100
AcDbLine
 10
1068.1
 20
-1019.0421283756864
 30
0.0
 11
1068.5
 21
-1019.0421283756864
 31
0.0
  0
LINE
  5
101E
330
17
100
AcDbEntity
  8
IV_INTERIOR_PROFILES
100
AcDbLine
 10
1068.1
 20
-1034.0421283756864
 30
0.0
 11
1068.1
 21
-1019.0421283756864
 31
0.0
  0
LINE
  5
101F
330
17
100
AcDbEntity
  8
IV_INTERIOR_PROFILES
100
AcDbLine
 10
1068.5
 20
-1034.0421283756864
 30
0.0
 11
1068.1
 21
-1034.0421283756864
 31
0.0
  0
LINE
  5
1020
330
17
100
AcDbEntity
  8
IV_INTERIOR_PROFILES
100
AcDbLine
 10
1068.5
 20
-1019.0421283756864
 30
0.0
 11
1068.5
 21
-1034.0421283756864
 31
0.0
  0
LINE
  5
1021
330
17
100
AcDbEntity
  8
IV_INTERIOR_PROFILES
100
AcDbLine
 10
1077.1
 20
-1019.0421283756864
 30
0.0
 11
1077.5
 21
-1019.0421283756864
 31
0.0
  0
LINE
  5
1022
330
17
100
AcDbEntity
  8
IV_INTERIOR_PROFILES
100
AcDbLine
 10
1077.1
 20
-1034.0421283756864
 30
0.0
 11
1077.1
 21
-1019.0421283756864
 31
0.0
  0
LINE
  5
1023
330
17
100
AcDbEntity
  8
IV_INTERIOR_PROFILES
100
AcDbLine
 10
1077.5
 20
-1034.0421283756864
 30
0.0
 11
1077.1
 21
-1034.0421283756864
 31
0.0
  0
LINE
  5
1024
330
17
100
AcDbEntity
  8
IV_INTERIOR_PROFILES
100
AcDbLine
 10
1077.5
 20
-1019.0421283756864
 30
0.0
 11
1077.5
 21
-1034.0421283756864
 31
0.0
  0
LINE
  5
1025
330
17
100
AcDbEntity
  8
IV_INTERIOR_PROFILES
100
AcDbLine
 10
1086.1
 20
-1019.0421283756864
 30
0.0
 11
1086.5
 21
-1019.0421283756864
 31
0.0
  0
LINE
  5
1026
330
17
100
AcDbEntity
  8
IV_INTERIOR_PROFILES
100
AcDbLine
 10
1086.1
 20
-1034.0421283756864
 30
0.0
 11
1086.1
 21
-1019.0421283756864
 31
0.0
  0
LINE
  5
1027
330
17
100
AcDbEntity
  8
IV_INTERIOR_PROFILES
100
AcDbLine
 10
1086.5
 20
-1034.0421283756864
 30
0.0
 11
1086.1
 21
-1034.0421283756864
 31
0.0
  0
LINE
  5
1028
330
17
100
AcDbEntity
  8
IV_INTERIOR_PROFILES
100
AcDbLine
 10
1086.5
 20
-1019.0421283756864
 30
0.0
 11
1086.5
 21
-1034.0421283756864
 31
0.0
  0
LINE
  5
1029
330
17
100
AcDbEntity
  8
IV_INTERIOR_PROFILES
100
AcDbLine
 10
1095.1
 20
-1019.0421283756864
 30
0.0
 11
1095.5
 21
-1019.0421283756864
 31
0.0
  0
LINE
  5
102A
330
17
100
AcDbEntity
  8
IV_INTERIOR_PROFILES
100
AcDbLine
 10
1095.1
 20
-1034.0421283756864
 30
0.0
 11
1095.1
 21
-1019.0421283756864
 31
0.0
  0
LINE
  5
102B
330
17
100
AcDbEntity
  8
IV_INTERIOR_PROFILES
100
AcDbLine
 10
1095.5
 20
-1034.0421283756864
 30
0.0
 11
1095.1
 21
-1034.0421283756864
 31
0.0
  0
LINE
  5
102C
330
17
100
AcDbEntity
  8
IV_INTERIOR_PROFILES
100
AcDbLine
 10
1095.5
 20
-1019.0421283756864
 30
0.0
 11
1095.5
 21
-1034.0421283756864
 31
0.0
  0
LINE
  5
102D
330
17
100
AcDbEntity
  8
IV_INTERIOR_PROFILES
100
AcDbLine
 10
1104.1
 20
-1019.0421283756864
 30
0.0
 11
1104.5
 21
-1019.0421283756864
 31
0.0
  0
LINE
  5
102E
330
17
100
AcDbEntity
  8
IV_INTERIOR_PROFILES
100
AcDbLine
 10
1104.1
 20
-1034.0421283756864
 30
0.0
 11
1104.1
 21
-1019.0421283756864
 31
0.0
  0
LINE
  5
102F
330
17
100
AcDbEntity
  8
IV_INTERIOR_PROFILES
100
AcDbLine
 10
1104.5
 20
-1034.0421283756864
 30
0.0
 11
1104.1
 21
-1034.0421283756864
 31
0.0
  0
LINE
  5
1030
330
17
100
AcDbEntity
  8
IV_INTERIOR_PROFILES
100
AcDbLine
 10
1104.5
 20
-1019.0421283756864
 30
0.0
 11
1104.5
 21
-1034.0421283756864
 31
0.0
  0
LINE
  5
1031
330
17
100
AcDbEntity
  8
IV_INTERIOR_PROFILES
100
AcDbLine
 10
1113.1
 20
-1019.0421283756864
 30
0.0
 11
1113.5
 21
-1019.0421283756864
 31
0.0
  0
LINE
  5
1032
330
17
100
AcDbEntity
  8
IV_INTERIOR_PROFILES
100
AcDbLine
 10
1113.1
 20
-1034.0421283756864
 30
0.0
 11
1113.1
 21
-1019.0421283756864
 31
0.0
  0
LINE
  5
1033
330
17
100
AcDbEntity
  8
IV_INTERIOR_PROFILES
100
AcDbLine
 10
1113.5
 20
-1034.0421283756864
 30
0.0
 11
1113.1
 21
-1034.0421283756864
 31
0.0
  0
LINE
  5
1034
330
17
100
AcDbEntity
  8
IV_INTERIOR_PROFILES
100
AcDbLine
 10
1113.5
 20
-1019.0421283756864
 30
0.0
 11
1113.5
 21
-1034.0421283756864
 31
0.0
  0
LINE
  5
1035
330
17
100
AcDbEntity
  8
IV_INTERIOR_PROFILES
100
AcDbLine
 10
1122.1
 20
-1019.0421283756864
 30
0.0
 11
1122.5
 21
-1019.0421283756864
 31
0.0
  0
LINE
  5
1036
330
17
100
AcDbEntity
  8
IV_INTERIOR_PROFILES
100
AcDbLine
 10
1122.1
 20
-1034.0421283756864
 30
0.0
 11
1122.1
 21
-1019.0421283756864
 31
0.0
  0
LINE
  5
1037
330
17
100
AcDbEntity
  8
IV_INTERIOR_PROFILES
100
AcDbLine
 10
1122.5
 20
-1034.0421283756864
 30
0.0
 11
1122.1
 21
-1034.0421283756864
 31
0.0
  0
LINE
  5
1038
330
17
100
AcDbEntity
  8
IV_INTERIOR_PROFILES
100
AcDbLine
 10
1122.5
 20
-1019.0421283756864
 30
0.0
 11
1122.5
 21
-1034.0421283756864
 31
0.0
  0
LINE
  5
1039
330
17
100
AcDbEntity
  8
IV_INTERIOR_PROFILES
100
AcDbLine
 10
1131.1
 20
-1019.0421283756864
 30
0.0
 11
1131.5
 21
-1019.0421283756864
 31
0.0
  0
LINE
  5
103A
330
17
100
AcDbEntity
  8
IV_INTERIOR_PROFILES
100
AcDbLine
 10
1131.1
 20
-1034.0421283756864
 30
0.0
 11
1131.1
 21
-1019.0421283756864
 31
0.0
  0
LINE
  5
103B
330
17
100
AcDbEntity
  8
IV_INTERIOR_PROFILES
100
AcDbLine
 10
1131.5
 20
-1034.0421283756864
 30
0.0
 11
1131.1
 21
-1034.0421283756864
 31
0.0
  0
LINE
  5
103C
330
17
100
AcDbEntity
  8
IV_INTERIOR_PROFILES
100
AcDbLine
 10
1131.5
 20
-1019.0421283756864
 30
0.0
 11
1131.5
 21
-1034.0421283756864
 31
0.0
  0
LINE
  5
103D
330
17
100
AcDbEntity
  8
IV_INTERIOR_PROFILES
100
AcDbLine
 10
1140.1
 20
-1019.0421283756864
 30
0.0
 11
1140.5
 21
-1019.0421283756864
 31
0.0
  0
LINE
  5
103E
330
17
100
AcDbEntity
  8
IV_INTERIOR_PROFILES
100
AcDbLine
 10
1140.1
 20
-1034.0421283756864
 30
0.0
 11
1140.1
 21
-1019.0421283756864
 31
0.0
  0
LINE
  5
103F
330
17
100
AcDbEntity
  8
IV_INTERIOR_PROFILES
100
AcDbLine
 10
1140.5
 20
-1034.0421283756864
 30
0.0
 11
1140.1
 21
-1034.0421283756864
 31
0.0
  0
LINE
  5
1040
330
17
100
AcDbEntity
  8
IV_INTERIOR_PROFILES
100
AcDbLine
 10
1140.5
 20
-1019.0421283756864
 30
0.0
 11
1140.5
 21
-1034.0421283756864
 31
0.0
  0
LINE
  5
1041
330
17
100
AcDbEntity
  8
IV_INTERIOR_PROFILES
100
AcDbLine
 10
1149.1
 20
-1019.0421283756864
 30
0.0
 11
1149.5
 21
-1019.0421283756864
 31
0.0
  0
LINE
  5
1042
330
17
100
AcDbEntity
  8
IV_INTERIOR_PROFILES
100
AcDbLine
 10
1149.1
 20
-1034.0421283756864
 30
0.0
 11
1149.1
 21
-1019.0421283756864
 31
0.0
  0
LINE
  5
1043
330
17
100
AcDbEntity
  8
IV_INTERIOR_PROFILES
100
AcDbLine
 10
1149.5
 20
-1034.0421283756864
 30
0.0
 11
1149.1
 21
-1034.0421283756864
 31
0.0
  0
LINE
  5
1044
330
17
100
AcDbEntity
  8
IV_INTERIOR_PROFILES
100
AcDbLine
 10
1149.5
 20
-1019.0421283756864
 30
0.0
 11
1149.5
 21
-1034.0421283756864
 31
0.0
  0
LINE
  5
1045
330
17
100
AcDbEntity
  8
IV_INTERIOR_PROFILES
100
AcDbLine
 10
1158.1
 20
-1019.0421283756864
 30
0.0
 11
1158.5
 21
-1019.0421283756864
 31
0.0
  0
LINE
  5
1046
330
17
100
AcDbEntity
  8
IV_INTERIOR_PROFILES
100
AcDbLine
 10
1158.1
 20
-1034.0421283756864
 30
0.0
 11
1158.1
 21
-1019.0421283756864
 31
0.0
  0
LINE
  5
1047
330
17
100
AcDbEntity
  8
IV_INTERIOR_PROFILES
100
AcDbLine
 10
1158.5
 20
-1034.0421283756864
 30
0.0
 11
1158.1
 21
-1034.0421283756864
 31
0.0
  0
LINE
  5
1048
330
17
100
AcDbEntity
  8
IV_INTERIOR_PROFILES
100
AcDbLine
 10
1158.5
 20
-1019.0421283756864
 30
0.0
 11
1158.5
 21
-1034.0421283756864
 31
0.0
  0
LINE
  5
1049
330
17
100
AcDbEntity
  8
IV_INTERIOR_PROFILES
100
AcDbLine
 10
1167.1
 20
-1019.0421283756864
 30
0.0
 11
1167.5
 21
-1019.0421283756864
 31
0.0
  0
LINE
  5
104A
330
17
100
AcDbEntity
  8
IV_INTERIOR_PROFILES
100
AcDbLine
 10
1167.1
 20
-1034.0421283756864
 30
0.0
 11
1167.1
 21
-1019.0421283756864
 31
0.0
  0
LINE
  5
104B
330
17
100
AcDbEntity
  8
IV_INTERIOR_PROFILES
100
AcDbLine
 10
1167.5
 20
-1034.0421283756864
 30
0.0
 11
1167.1
 21
-1034.0421283756864
 31
0.0
  0
LINE
  5
104C
330
17
100
AcDbEntity
  8
IV_INTERIOR_PROFILES
100
AcDbLine
 10
1167.5
 20
-1019.0421283756864
 30
0.0
 11
1167.5
 21
-1034.0421283756864
 31
0.0
  0
LINE
  5
104D
330
17
100
AcDbEntity
  8
IV_INTERIOR_PROFILES
100
AcDbLine
 10
1176.1
 20
-1019.0421283756864
 30
0.0
 11
1176.5
 21
-1019.0421283756864
 31
0.0
  0
LINE
  5
104E
330
17
100
AcDbEntity
  8
IV_INTERIOR_PROFILES
100
AcDbLine
 10
1176.1
 20
-1034.0421283756864
 30
0.0
 11
1176.1
 21
-1019.0421283756864
 31
0.0
  0
LINE
  5
104F
330
17
100
AcDbEntity
  8
IV_INTERIOR_PROFILES
100
AcDbLine
 10
1176.5
 20
-1034.0421283756864
 30
0.0
 11
1176.1
 21
-1034.0421283756864
 31
0.0
  0
LINE
  5
1050
330
17
100
AcDbEntity
  8
IV_INTERIOR_PROFILES
100
AcDbLine
 10
1176.5
 20
-1019.0421283756864
 30
0.0
 11
1176.5
 21
-1034.0421283756864
 31
0.0
  0
LINE
  5
1051
330
17
100
AcDbEntity
  8
IV_INTERIOR_PROFILES
100
AcDbLine
 10
1185.1
 20
-1019.0421283756864
 30
0.0
 11
1185.5
 21
-1019.0421283756864
 31
0.0
  0
LINE
  5
1052
330
17
100
AcDbEntity
  8
IV_INTERIOR_PROFILES
100
AcDbLine
 10
1185.1
 20
-1034.0421283756864
 30
0.0
 11
1185.1
 21
-1019.0421283756864
 31
0.0
  0
LINE
  5
1053
330
17
100
AcDbEntity
  8
IV_INTERIOR_PROFILES
100
AcDbLine
 10
1185.5
 20
-1034.0421283756864
 30
0.0
 11
1185.1
 21
-1034.0421283756864
 31
0.0
  0
LINE
  5
1054
330
17
100
AcDbEntity
  8
IV_INTERIOR_PROFILES
100
AcDbLine
 10
1185.5
 20
-1019.0421283756864
 30
0.0
 11
1185.5
 21
-1034.0421283756864
 31
0.0
  0
LINE
  5
1055
330
17
100
AcDbEntity
  8
IV_INTERIOR_PROFILES
100
AcDbLine
 10
1194.1
 20
-1019.0421283756864
 30
0.0
 11
1194.5
 21
-1019.0421283756864
 31
0.0
  0
LINE
  5
1056
330
17
100
AcDbEntity
  8
IV_INTERIOR_PROFILES
100
AcDbLine
 10
1194.1
 20
-1034.0421283756864
 30
0.0
 11
1194.1
 21
-1019.0421283756864
 31
0.0
  0
LINE
  5
1057
330
17
100
AcDbEntity
  8
IV_INTERIOR_PROFILES
100
AcDbLine
 10
1194.5
 20
-1034.0421283756864
 30
0.0
 11
1194.1
 21
-1034.0421283756864
 31
0.0
  0
LINE
  5
1058
330
17
100
AcDbEntity
  8
IV_INTERIOR_PROFILES
100
AcDbLine
 10
1194.5
 20
-1019.0421283756864
 30
0.0
 11
1194.5
 21
-1034.0421283756864
 31
0.0
  0
LINE
  5
1059
330
17
100
AcDbEntity
  8
IV_INTERIOR_PROFILES
100
AcDbLine
 10
1203.1
 20
-1019.0421283756864
 30
0.0
 11
1203.5
 21
-1019.0421283756864
 31
0.0
  0
LINE
  5
105A
330
17
100
AcDbEntity
  8
IV_INTERIOR_PROFILES
100
AcDbLine
 10
1203.1
 20
-1034.0421283756864
 30
0.0
 11
1203.1
 21
-1019.0421283756864
 31
0.0
  0
LINE
  5
105B
330
17
100
AcDbEntity
  8
IV_INTERIOR_PROFILES
100
AcDbLine
 10
1203.5
 20
-1034.0421283756864
 30
0.0
 11
1203.1
 21
-1034.0421283756864
 31
0.0
  0
LINE
  5
105C
330
17
100
AcDbEntity
  8
IV_INTERIOR_PROFILES
100
AcDbLine
 10
1203.5
 20
-1019.0421283756864
 30
0.0
 11
1203.5
 21
-1034.0421283756864
 31
0.0
  0
LINE
  5
105D
330
17
100
AcDbEntity
  8
IV_INTERIOR_PROFILES
100
AcDbLine
 10
1212.1
 20
-1019.0421283756864
 30
0.0
 11
1212.5
 21
-1019.0421283756864
 31
0.0
  0
LINE
  5
105E
330
17
100
AcDbEntity
  8
IV_INTERIOR_PROFILES
100
AcDbLine
 10
1212.1
 20
-1034.0421283756864
 30
0.0
 11
1212.1
 21
-1019.0421283756864
 31
0.0
  0
LINE
  5
105F
330
17
100
AcDbEntity
  8
IV_INTERIOR_PROFILES
100
AcDbLine
 10
1212.5
 20
-1034.0421283756864
 30
0.0
 11
1212.1
 21
-1034.0421283756864
 31
0.0
  0
LINE
  5
1060
330
17
100
AcDbEntity
  8
IV_INTERIOR_PROFILES
100
AcDbLine
 10
1212.5
 20
-1019.0421283756864
 30
0.0
 11
1212.5
 21
-1034.0421283756864
 31
0.0
  0
LINE
  5
1061
330
17
100
AcDbEntity
  8
IV_INTERIOR_PROFILES
100
AcDbLine
 10
1221.1
 20
-1019.0421283756864
 30
0.0
 11
1221.5
 21
-1019.0421283756864
 31
0.0
  0
LINE
  5
1062
330
17
100
AcDbEntity
  8
IV_INTERIOR_PROFILES
100
AcDbLine
 10
1221.1
 20
-1034.0421283756864
 30
0.0
 11
1221.1
 21
-1019.0421283756864
 31
0.0
  0
LINE
  5
1063
330
17
100
AcDbEntity
  8
IV_INTERIOR_PROFILES
100
AcDbLine
 10
1221.5
 20
-1034.0421283756864
 30
0.0
 11
1221.1
 21
-1034.0421283756864
 31
0.0
  0
LINE
  5
1064
330
17
100
AcDbEntity
  8
IV_INTERIOR_PROFILES
100
AcDbLine
 10
1221.5
 20
-1019.0421283756864
 30
0.0
 11
1221.5
 21
-1034.0421283756864
 31
0.0
  0
LINE
  5
1065
330
17
100
AcDbEntity
  8
IV_INTERIOR_PROFILES
100
AcDbLine
 10
1230.1
 20
-1019.0421283756864
 30
0.0
 11
1230.5
 21
-1019.0421283756864
 31
0.0
  0
LINE
  5
1066
330
17
100
AcDbEntity
  8
IV_INTERIOR_PROFILES
100
AcDbLine
 10
1230.1
 20
-1034.0421283756864
 30
0.0
 11
1230.1
 21
-1019.0421283756864
 31
0.0
  0
LINE
  5
1067
330
17
100
AcDbEntity
  8
IV_INTERIOR_PROFILES
100
AcDbLine
 10
1230.5
 20
-1034.0421283756864
 30
0.0
 11
1230.1
 21
-1034.0421283756864
 31
0.0
  0
LINE
  5
1068
330
17
100
AcDbEntity
  8
IV_INTERIOR_PROFILES
100
AcDbLine
 10
1230.5
 20
-1019.0421283756864
 30
0.0
 11
1230.5
 21
-1034.0421283756864
 31
0.0
  0
LINE
  5
1069
330
17
100
AcDbEntity
  8
IV_INTERIOR_PROFILES
100
AcDbLine
 10
1239.1
 20
-1019.0421283756864
 30
0.0
 11
1239.5
 21
-1019.0421283756864
 31
0.0
  0
LINE
  5
106A
330
17
100
AcDbEntity
  8
IV_INTERIOR_PROFILES
100
AcDbLine
 10
1239.1
 20
-1034.0421283756864
 30
0.0
 11
1239.1
 21
-1019.0421283756864
 31
0.0
  0
LINE
  5
106B
330
17
100
AcDbEntity
  8
IV_INTERIOR_PROFILES
100
AcDbLine
 10
1239.5
 20
-1034.0421283756864
 30
0.0
 11
1239.1
 21
-1034.0421283756864
 31
0.0
  0
LINE
  5
106C
330
17
100
AcDbEntity
  8
IV_INTERIOR_PROFILES
100
AcDbLine
 10
1239.5
 20
-1019.0421283756864
 30
0.0
 11
1239.5
 21
-1034.0421283756864
 31
0.0
  0
LINE
  5
106D
330
17
100
AcDbEntity
  8
IV_INTERIOR_PROFILES
100
AcDbLine
 10
1248.1
 20
-1019.0421283756864
 30
0.0
 11
1248.5
 21
-1019.0421283756864
 31
0.0
  0
LINE
  5
106E
330
17
100
AcDbEntity
  8
IV_INTERIOR_PROFILES
100
AcDbLine
 10
1248.1
 20
-1034.0421283756864
 30
0.0
 11
1248.1
 21
-1019.0421283756864
 31
0.0
  0
LINE
  5
106F
330
17
100
AcDbEntity
  8
IV_INTERIOR_PROFILES
100
AcDbLine
 10
1248.5
 20
-1034.0421283756864
 30
0.0
 11
1248.1
 21
-1034.0421283756864
 31
0.0
  0
LINE
  5
1070
330
17
100
AcDbEntity
  8
IV_INTERIOR_PROFILES
100
AcDbLine
 10
1248.5
 20
-1019.0421283756864
 30
0.0
 11
1248.5
 21
-1034.0421283756864
 31
0.0
  0
LINE
  5
1071
330
17
100
AcDbEntity
  8
IV_INTERIOR_PROFILES
100
AcDbLine
 10
1257.1
 20
-1019.0421283756864
 30
0.0
 11
1257.5
 21
-1019.0421283756864
 31
0.0
  0
LINE
  5
1072
330
17
100
AcDbEntity
  8
IV_INTERIOR_PROFILES
100
AcDbLine
 10
1257.1
 20
-1034.0421283756864
 30
0.0
 11
1257.1
 21
-1019.0421283756864
 31
0.0
  0
LINE
  5
1073
330
17
100
AcDbEntity
  8
IV_INTERIOR_PROFILES
100
AcDbLine
 10
1257.5
 20
-1034.0421283756864
 30
0.0
 11
1257.1
 21
-1034.0421283756864
 31
0.0
  0
LINE
  5
1074
330
17
100
AcDbEntity
  8
IV_INTERIOR_PROFILES
100
AcDbLine
 10
1257.5
 20
-1019.0421283756864
 30
0.0
 11
1257.5
 21
-1034.0421283756864
 31
0.0
  0
LINE
  5
1075
330
17
100
AcDbEntity
  8
IV_INTERIOR_PROFILES
100
AcDbLine
 10
1266.1
 20
-1019.0421283756864
 30
0.0
 11
1266.5
 21
-1019.0421283756864
 31
0.0
  0
LINE
  5
1076
330
17
100
AcDbEntity
  8
IV_INTERIOR_PROFILES
100
AcDbLine
 10
1266.1
 20
-1034.0421283756864
 30
0.0
 11
1266.1
 21
-1019.0421283756864
 31
0.0
  0
LINE
  5
1077
330
17
100
AcDbEntity
  8
IV_INTERIOR_PROFILES
100
AcDbLine
 10
1266.5
 20
-1034.0421283756864
 30
0.0
 11
1266.1
 21
-1034.0421283756864
 31
0.0
  0
LINE
  5
1078
330
17
100
AcDbEntity
  8
IV_INTERIOR_PROFILES
100
AcDbLine
 10
1266.5
 20
-1019.0421283756864
 30
0.0
 11
1266.5
 21
-1034.0421283756864
 31
0.0
  0
LINE
  5
1079
330
17
100
AcDbEntity
  8
IV_INTERIOR_PROFILES
100
AcDbLine
 10
1275.1
 20
-1019.0421283756864
 30
0.0
 11
1275.5
 21
-1019.0421283756864
 31
0.0
  0
LINE
  5
107A
330
17
100
AcDbEntity
  8
IV_INTERIOR_PROFILES
100
AcDbLine
 10
1275.1
 20
-1034.0421283756864
 30
0.0
 11
1275.1
 21
-1019.0421283756864
 31
0.0
  0
LINE
  5
107B
330
17
100
AcDbEntity
  8
IV_INTERIOR_PROFILES
100
AcDbLine
 10
1275.5
 20
-1034.0421283756864
 30
0.0
 11
1275.1
 21
-1034.0421283756864
 31
0.0
  0
LINE
  5
107C
330
17
100
AcDbEntity
  8
IV_INTERIOR_PROFILES
100
AcDbLine
 10
1275.5
 20
-1019.0421283756864
 30
0.0
 11
1275.5
 21
-1034.0421283756864
 31
0.0
  0
LINE
  5
107D
330
17
100
AcDbEntity
  8
IV_INTERIOR_PROFILES
100
AcDbLine
 10
1284.1
 20
-1019.0421283756864
 30
0.0
 11
1284.5
 21
-1019.0421283756864
 31
0.0
  0
LINE
  5
107E
330
17
100
AcDbEntity
  8
IV_INTERIOR_PROFILES
100
AcDbLine
 10
1284.1
 20
-1034.0421283756864
 30
0.0
 11
1284.1
 21
-1019.0421283756864
 31
0.0
  0
LINE
  5
107F
330
17
100
AcDbEntity
  8
IV_INTERIOR_PROFILES
100
AcDbLine
 10
1284.5
 20
-1034.0421283756864
 30
0.0
 11
1284.1
 21
-1034.0421283756864
 31
0.0
  0
LINE
  5
1080
330
17
100
AcDbEntity
  8
IV_INTERIOR_PROFILES
100
AcDbLine
 10
1284.5
 20
-1019.0421283756864
 30
0.0
 11
1284.5
 21
-1034.0421283756864
 31
0.0
  0
LINE
  5
1081
330
17
100
AcDbEntity
  8
IV_INTERIOR_PROFILES
100
AcDbLine
 10
1050.1
 20
-1019.0421283756864
 30
0.0
 11
1050.5
 21
-1019.0421283756864
 31
0.0
  0
LINE
  5
1082
330
17
100
AcDbEntity
  8
IV_INTERIOR_PROFILES
100
AcDbLine
 10
1050.1
 20
-1034.0421283756864
 30
0.0
 11
1050.1
 21
-1019.0421283756864
 31
0.0
  0
LINE
  5
1083
330
17
100
AcDbEntity
  8
IV_INTERIOR_PROFILES
100
AcDbLine
 10
1050.5
 20
-1034.0421283756864
 30
0.0
 11
1050.1
 21
-1034.0421283756864
 31
0.0
  0
LINE
  5
1084
330
17
100
AcDbEntity
  8
IV_INTERIOR_PROFILES
100
AcDbLine
 10
1050.5
 20
-1019.0421283756864
 30
0.0
 11
1050.5
 21
-1034.0421283756864
 31
0.0
  0
LINE
  5
1085
330
17
100
AcDbEntity
  8
IV_INTERIOR_PROFILES
100
AcDbLine
 10
1293.1
 20
-1019.0421283756864
 30
0.0
 11
1293.5
 21
-1019.0421283756864
 31
0.0
  0
LINE
  5
1086
330
17
100
AcDbEntity
  8
IV_INTERIOR_PROFILES
100
AcDbLine
 10
1293.1
 20
-1034.0421283756864
 30
0.0
 11
1293.1
 21
-1019.0421283756864
 31
0.0
  0
LINE
  5
1087
330
17
100
AcDbEntity
  8
IV_INTERIOR_PROFILES
100
AcDbLine
 10
1293.5
 20
-1034.0421283756864
 30
0.0
 11
1293.1
 21
-1034.0421283756864
 31
0.0
  0
LINE
  5
1088
330
17
100
AcDbEntity
  8
IV_INTERIOR_PROFILES
100
AcDbLine
 10
1293.5
 20
-1019.0421283756864
 30
0.0
 11
1293.5
 21
-1034.0421283756864
 31
0.0
  0
LINE
  5
1089
330
17
100
AcDbEntity
  8
IV_INTERIOR_PROFILES
100
AcDbLine
 10
1059.1
 20
-992.6175401006481
 30
0.0
 11
1059.5
 21
-992.6175401006481
 31
0.0
  0
LINE
  5
108A
330
17
100
AcDbEntity
  8
IV_INTERIOR_PROFILES
100
AcDbLine
 10
1059.1
 20
-1007.6175401006481
 30
0.0
 11
1059.1
 21
-992.6175401006481
 31
0.0
  0
LINE
  5
108B
330
17
100
AcDbEntity
  8
IV_INTERIOR_PROFILES
100
AcDbLine
 10
1059.5
 20
-1007.6175401006481
 30
0.0
 11
1059.1
 21
-1007.6175401006481
 31
0.0
  0
LINE
  5
108C
330
17
100
AcDbEntity
  8
IV_INTERIOR_PROFILES
100
AcDbLine
 10
1059.5
 20
-992.6175401006481
 30
0.0
 11
1059.5
 21
-1007.6175401006481
 31
0.0
  0
LINE
  5
108D
330
17
100
AcDbEntity
  8
IV_INTERIOR_PROFILES
100
AcDbLine
 10
1068.1
 20
-992.6175401006481
 30
0.0
 11
1068.5
 21
-992.6175401006481
 31
0.0
  0
LINE
  5
108E
330
17
100
AcDbEntity
  8
IV_INTERIOR_PROFILES
100
AcDbLine
 10
1068.1
 20
-1007.6175401006481
 30
0.0
 11
1068.1
 21
-992.6175401006481
 31
0.0
  0
LINE
  5
108F
330
17
100
AcDbEntity
  8
IV_INTERIOR_PROFILES
100
AcDbLine
 10
1068.5
 20
-1007.6175401006481
 30
0.0
 11
1068.1
 21
-1007.6175401006481
 31
0.0
  0
LINE
  5
1090
330
17
100
AcDbEntity
  8
IV_INTERIOR_PROFILES
100
AcDbLine
 10
1068.5
 20
-992.6175401006481
 30
0.0
 11
1068.5
 21
-1007.6175401006481
 31
0.0
  0
LINE
  5
1091
330
17
100
AcDbEntity
  8
IV_INTERIOR_PROFILES
100
AcDbLine
 10
1077.1
 20
-992.6175401006481
 30
0.0
 11
1077.5
 21
-992.6175401006481
 31
0.0
  0
LINE
  5
1092
330
17
100
AcDbEntity
  8
IV_INTERIOR_PROFILES
100
AcDbLine
 10
1077.1
 20
-1007.6175401006481
 30
0.0
 11
1077.1
 21
-992.6175401006481
 31
0.0
  0
LINE
  5
1093
330
17
100
AcDbEntity
  8
IV_INTERIOR_PROFILES
100
AcDbLine
 10
1077.5
 20
-1007.6175401006481
 30
0.0
 11
1077.1
 21
-1007.6175401006481
 31
0.0
  0
LINE
  5
1094
330
17
100
AcDbEntity
  8
IV_INTERIOR_PROFILES
100
AcDbLine
 10
1077.5
 20
-992.6175401006481
 30
0.0
 11
1077.5
 21
-1007.6175401006481
 31
0.0
  0
LINE
  5
1095
330
17
100
AcDbEntity
  8
IV_INTERIOR_PROFILES
100
AcDbLine
 10
1086.1
 20
-992.6175401006481
 30
0.0
 11
1086.5
 21
-992.6175401006481
 31
0.0
  0
LINE
  5
1096
330
17
100
AcDbEntity
  8
IV_INTERIOR_PROFILES
100
AcDbLine
 10
1086.1
 20
-1007.6175401006481
 30
0.0
 11
1086.1
 21
-992.6175401006481
 31
0.0
  0
LINE
  5
1097
330
17
100
AcDbEntity
  8
IV_INTERIOR_PROFILES
100
AcDbLine
 10
1086.5
 20
-1007.6175401006481
 30
0.0
 11
1086.1
 21
-1007.6175401006481
 31
0.0
  0
LINE
  5
1098
330
17
100
AcDbEntity
  8
IV_INTERIOR_PROFILES
100
AcDbLine
 10
1086.5
 20
-992.6175401006481
 30
0.0
 11
1086.5
 21
-1007.6175401006481
 31
0.0
  0
LINE
  5
1099
330
17
100
AcDbEntity
  8
IV_INTERIOR_PROFILES
100
AcDbLine
 10
1095.1
 20
-992.6175401006481
 30
0.0
 11
1095.5
 21
-992.6175401006481
 31
0.0
  0
LINE
  5
109A
330
17
100
AcDbEntity
  8
IV_INTERIOR_PROFILES
100
AcDbLine
 10
1095.1
 20
-1007.6175401006481
 30
0.0
 11
1095.1
 21
-992.6175401006481
 31
0.0
  0
LINE
  5
109B
330
17
100
AcDbEntity
  8
IV_INTERIOR_PROFILES
100
AcDbLine
 10
1095.5
 20
-1007.6175401006481
 30
0.0
 11
1095.1
 21
-1007.6175401006481
 31
0.0
  0
LINE
  5
109C
330
17
100
AcDbEntity
  8
IV_INTERIOR_PROFILES
100
AcDbLine
 10
1095.5
 20
-992.6175401006481
 30
0.0
 11
1095.5
 21
-1007.6175401006481
 31
0.0
  0
LINE
  5
109D
330
17
100
AcDbEntity
  8
IV_INTERIOR_PROFILES
100
AcDbLine
 10
1104.1
 20
-992.6175401006481
 30
0.0
 11
1104.5
 21
-992.6175401006481
 31
0.0
  0
LINE
  5
109E
330
17
100
AcDbEntity
  8
IV_INTERIOR_PROFILES
100
AcDbLine
 10
1104.1
 20
-1007.6175401006481
 30
0.0
 11
1104.1
 21
-992.6175401006481
 31
0.0
  0
LINE
  5
109F
330
17
100
AcDbEntity
  8
IV_INTERIOR_PROFILES
100
AcDbLine
 10
1104.5
 20
-1007.6175401006481
 30
0.0
 11
1104.1
 21
-1007.6175401006481
 31
0.0
  0
LINE
  5
10A0
330
17
100
AcDbEntity
  8
IV_INTERIOR_PROFILES
100
AcDbLine
 10
1104.5
 20
-992.6175401006481
 30
0.0
 11
1104.5
 21
-1007.6175401006481
 31
0.0
  0
LINE
  5
10A1
330
17
100
AcDbEntity
  8
IV_INTERIOR_PROFILES
100
AcDbLine
 10
1113.1
 20
-992.6175401006481
 30
0.0
 11
1113.5
 21
-992.6175401006481
 31
0.0
  0
LINE
  5
10A2
330
17
100
AcDbEntity
  8
IV_INTERIOR_PROFILES
100
AcDbLine
 10
1113.1
 20
-1007.6175401006481
 30
0.0
 11
1113.1
 21
-992.6175401006481
 31
0.0
  0
LINE
  5
10A3
330
17
100
AcDbEntity
  8
IV_INTERIOR_PROFILES
100
AcDbLine
 10
1113.5
 20
-1007.6175401006481
 30
0.0
 11
1113.1
 21
-1007.6175401006481
 31
0.0
  0
LINE
  5
10A4
330
17
100
AcDbEntity
  8
IV_INTERIOR_PROFILES
100
AcDbLine
 10
1113.5
 20
-992.6175401006481
 30
0.0
 11
1113.5
 21
-1007.6175401006481
 31
0.0
  0
LINE
  5
10A5
330
17
100
AcDbEntity
  8
IV_INTERIOR_PROFILES
100
AcDbLine
 10
1122.1
 20
-992.6175401006481
 30
0.0
 11
1122.5
 21
-992.6175401006481
 31
0.0
  0
LINE
  5
10A6
330
17
100
AcDbEntity
  8
IV_INTERIOR_PROFILES
100
AcDbLine
 10
1122.1
 20
-1007.6175401006481
 30
0.0
 11
1122.1
 21
-992.6175401006481
 31
0.0
  0
LINE
  5
10A7
330
17
100
AcDbEntity
  8
IV_INTERIOR_PROFILES
100
AcDbLine
 10
1122.5
 20
-1007.6175401006481
 30
0.0
 11
1122.1
 21
-1007.6175401006481
 31
0.0
  0
LINE
  5
10A8
330
17
100
AcDbEntity
  8
IV_INTERIOR_PROFILES
100
AcDbLine
 10
1122.5
 20
-992.6175401006481
 30
0.0
 11
1122.5
 21
-1007.6175401006481
 31
0.0
  0
LINE
  5
10A9
330
17
100
AcDbEntity
  8
IV_INTERIOR_PROFILES
100
AcDbLine
 10
1131.1
 20
-992.6175401006481
 30
0.0
 11
1131.5
 21
-992.6175401006481
 31
0.0
  0
LINE
  5
10AA
330
17
100
AcDbEntity
  8
IV_INTERIOR_PROFILES
100
AcDbLine
 10
1131.1
 20
-1007.6175401006481
 30
0.0
 11
1131.1
 21
-992.6175401006481
 31
0.0
  0
LINE
  5
10AB
330
17
100
AcDbEntity
  8
IV_INTERIOR_PROFILES
100
AcDbLine
 10
1131.5
 20
-1007.6175401006481
 30
0.0
 11
1131.1
 21
-1007.6175401006481
 31
0.0
  0
LINE
  5
10AC
330
17
100
AcDbEntity
  8
IV_INTERIOR_PROFILES
100
AcDbLine
 10
1131.5
 20
-992.6175401006481
 30
0.0
 11
1131.5
 21
-1007.6175401006481
 31
0.0
  0
LINE
  5
10AD
330
17
100
AcDbEntity
  8
IV_INTERIOR_PROFILES
100
AcDbLine
 10
1140.1
 20
-992.6175401006481
 30
0.0
 11
1140.5
 21
-992.6175401006481
 31
0.0
  0
LINE
  5
10AE
330
17
100
AcDbEntity
  8
IV_INTERIOR_PROFILES
100
AcDbLine
 10
1140.1
 20
-1007.6175401006481
 30
0.0
 11
1140.1
 21
-992.6175401006481
 31
0.0
  0
LINE
  5
10AF
330
17
100
AcDbEntity
  8
IV_INTERIOR_PROFILES
100
AcDbLine
 10
1140.5
 20
-1007.6175401006481
 30
0.0
 11
1140.1
 21
-1007.6175401006481
 31
0.0
  0
LINE
  5
10B0
330
17
100
AcDbEntity
  8
IV_INTERIOR_PROFILES
100
AcDbLine
 10
1140.5
 20
-992.6175401006481
 30
0.0
 11
1140.5
 21
-1007.6175401006481
 31
0.0
  0
LINE
  5
10B1
330
17
100
AcDbEntity
  8
IV_INTERIOR_PROFILES
100
AcDbLine
 10
1149.1
 20
-992.6175401006481
 30
0.0
 11
1149.5
 21
-992.6175401006481
 31
0.0
  0
LINE
  5
10B2
330
17
100
AcDbEntity
  8
IV_INTERIOR_PROFILES
100
AcDbLine
 10
1149.1
 20
-1007.6175401006481
 30
0.0
 11
1149.1
 21
-992.6175401006481
 31
0.0
  0
LINE
  5
10B3
330
17
100
AcDbEntity
  8
IV_INTERIOR_PROFILES
100
AcDbLine
 10
1149.5
 20
-1007.6175401006481
 30
0.0
 11
1149.1
 21
-1007.6175401006481
 31
0.0
  0
LINE
  5
10B4
330
17
100
AcDbEntity
  8
IV_INTERIOR_PROFILES
100
AcDbLine
 10
1149.5
 20
-992.6175401006481
 30
0.0
 11
1149.5
 21
-1007.6175401006481
 31
0.0
  0
LINE
  5
10B5
330
17
100
AcDbEntity
  8
IV_INTERIOR_PROFILES
100
AcDbLine
 10
1158.1
 20
-992.6175401006481
 30
0.0
 11
1158.5
 21
-992.6175401006481
 31
0.0
  0
LINE
  5
10B6
330
17
100
AcDbEntity
  8
IV_INTERIOR_PROFILES
100
AcDbLine
 10
1158.1
 20
-1007.6175401006481
 30
0.0
 11
1158.1
 21
-992.6175401006481
 31
0.0
  0
LINE
  5
10B7
330
17
100
AcDbEntity
  8
IV_INTERIOR_PROFILES
100
AcDbLine
 10
1158.5
 20
-1007.6175401006481
 30
0.0
 11
1158.1
 21
-1007.6175401006481
 31
0.0
  0
LINE
  5
10B8
330
17
100
AcDbEntity
  8
IV_INTERIOR_PROFILES
100
AcDbLine
 10
1158.5
 20
-992.6175401006481
 30
0.0
 11
1158.5
 21
-1007.6175401006481
 31
0.0
  0
LINE
  5
10B9
330
17
100
AcDbEntity
  8
IV_INTERIOR_PROFILES
100
AcDbLine
 10
1167.1
 20
-992.6175401006481
 30
0.0
 11
1167.5
 21
-992.6175401006481
 31
0.0
  0
LINE
  5
10BA
330
17
100
AcDbEntity
  8
IV_INTERIOR_PROFILES
100
AcDbLine
 10
1167.1
 20
-1007.6175401006481
 30
0.0
 11
1167.1
 21
-992.6175401006481
 31
0.0
  0
LINE
  5
10BB
330
17
100
AcDbEntity
  8
IV_INTERIOR_PROFILES
100
AcDbLine
 10
1167.5
 20
-1007.6175401006481
 30
0.0
 11
1167.1
 21
-1007.6175401006481
 31
0.0
  0
LINE
  5
10BC
330
17
100
AcDbEntity
  8
IV_INTERIOR_PROFILES
100
AcDbLine
 10
1167.5
 20
-992.6175401006481
 30
0.0
 11
1167.5
 21
-1007.6175401006481
 31
0.0
  0
LINE
  5
10BD
330
17
100
AcDbEntity
  8
IV_INTERIOR_PROFILES
100
AcDbLine
 10
1176.1
 20
-992.6175401006481
 30
0.0
 11
1176.5
 21
-992.6175401006481
 31
0.0
  0
LINE
  5
10BE
330
17
100
AcDbEntity
  8
IV_INTERIOR_PROFILES
100
AcDbLine
 10
1176.1
 20
-1007.6175401006481
 30
0.0
 11
1176.1
 21
-992.6175401006481
 31
0.0
  0
LINE
  5
10BF
330
17
100
AcDbEntity
  8
IV_INTERIOR_PROFILES
100
AcDbLine
 10
1176.5
 20
-1007.6175401006481
 30
0.0
 11
1176.1
 21
-1007.6175401006481
 31
0.0
  0
LINE
  5
10C0
330
17
100
AcDbEntity
  8
IV_INTERIOR_PROFILES
100
AcDbLine
 10
1176.5
 20
-992.6175401006481
 30
0.0
 11
1176.5
 21
-1007.6175401006481
 31
0.0
  0
LINE
  5
10C1
330
17
100
AcDbEntity
  8
IV_INTERIOR_PROFILES
100
AcDbLine
 10
1185.1
 20
-992.6175401006481
 30
0.0
 11
1185.5
 21
-992.6175401006481
 31
0.0
  0
LINE
  5
10C2
330
17
100
AcDbEntity
  8
IV_INTERIOR_PROFILES
100
AcDbLine
 10
1185.1
 20
-1007.6175401006481
 30
0.0
 11
1185.1
 21
-992.6175401006481
 31
0.0
  0
LINE
  5
10C3
330
17
100
AcDbEntity
  8
IV_INTERIOR_PROFILES
100
AcDbLine
 10
1185.5
 20
-1007.6175401006481
 30
0.0
 11
1185.1
 21
-1007.6175401006481
 31
0.0
  0
LINE
  5
10C4
330
17
100
AcDbEntity
  8
IV_INTERIOR_PROFILES
100
AcDbLine
 10
1185.5
 20
-992.6175401006481
 30
0.0
 11
1185.5
 21
-1007.6175401006481
 31
0.0
  0
LINE
  5
10C5
330
17
100
AcDbEntity
  8
IV_INTERIOR_PROFILES
100
AcDbLine
 10
1194.1
 20
-992.6175401006481
 30
0.0
 11
1194.5
 21
-992.6175401006481
 31
0.0
  0
LINE
  5
10C6
330
17
100
AcDbEntity
  8
IV_INTERIOR_PROFILES
100
AcDbLine
 10
1194.1
 20
-1007.6175401006481
 30
0.0
 11
1194.1
 21
-992.6175401006481
 31
0.0
  0
LINE
  5
10C7
330
17
100
AcDbEntity
  8
IV_INTERIOR_PROFILES
100
AcDbLine
 10
1194.5
 20
-1007.6175401006481
 30
0.0
 11
1194.1
 21
-1007.6175401006481
 31
0.0
  0
LINE
  5
10C8
330
17
100
AcDbEntity
  8
IV_INTERIOR_PROFILES
100
AcDbLine
 10
1194.5
 20
-992.6175401006481
 30
0.0
 11
1194.5
 21
-1007.6175401006481
 31
0.0
  0
LINE
  5
10C9
330
17
100
AcDbEntity
  8
IV_INTERIOR_PROFILES
100
AcDbLine
 10
1203.1
 20
-992.6175401006481
 30
0.0
 11
1203.5
 21
-992.6175401006481
 31
0.0
  0
LINE
  5
10CA
330
17
100
AcDbEntity
  8
IV_INTERIOR_PROFILES
100
AcDbLine
 10
1203.1
 20
-1007.6175401006481
 30
0.0
 11
1203.1
 21
-992.6175401006481
 31
0.0
  0
LINE
  5
10CB
330
17
100
AcDbEntity
  8
IV_INTERIOR_PROFILES
100
AcDbLine
 10
1203.5
 20
-1007.6175401006481
 30
0.0
 11
1203.1
 21
-1007.6175401006481
 31
0.0
  0
LINE
  5
10CC
330
17
100
AcDbEntity
  8
IV_INTERIOR_PROFILES
100
AcDbLine
 10
1203.5
 20
-992.6175401006481
 30
0.0
 11
1203.5
 21
-1007.6175401006481
 31
0.0
  0
LINE
  5
10CD
330
17
100
AcDbEntity
  8
IV_INTERIOR_PROFILES
100
AcDbLine
 10
1212.1
 20
-992.6175401006481
 30
0.0
 11
1212.5
 21
-992.6175401006481
 31
0.0
  0
LINE
  5
10CE
330
17
100
AcDbEntity
  8
IV_INTERIOR_PROFILES
100
AcDbLine
 10
1212.1
 20
-1007.6175401006481
 30
0.0
 11
1212.1
 21
-992.6175401006481
 31
0.0
  0
LINE
  5
10CF
330
17
100
AcDbEntity
  8
IV_INTERIOR_PROFILES
100
AcDbLine
 10
1212.5
 20
-1007.6175401006481
 30
0.0
 11
1212.1
 21
-1007.6175401006481
 31
0.0
  0
LINE
  5
10D0
330
17
100
AcDbEntity
  8
IV_INTERIOR_PROFILES
100
AcDbLine
 10
1212.5
 20
-992.6175401006481
 30
0.0
 11
1212.5
 21
-1007.6175401006481
 31
0.0
  0
LINE
  5
10D1
330
17
100
AcDbEntity
  8
IV_INTERIOR_PROFILES
100
AcDbLine
 10
1221.1
 20
-992.6175401006481
 30
0.0
 11
1221.5
 21
-992.6175401006481
 31
0.0
  0
LINE
  5
10D2
330
17
100
AcDbEntity
  8
IV_INTERIOR_PROFILES
100
AcDbLine
 10
1221.1
 20
-1007.6175401006481
 30
0.0
 11
1221.1
 21
-992.6175401006481
 31
0.0
  0
LINE
  5
10D3
330
17
100
AcDbEntity
  8
IV_INTERIOR_PROFILES
100
AcDbLine
 10
1221.5
 20
-1007.6175401006481
 30
0.0
 11
1221.1
 21
-1007.6175401006481
 31
0.0
  0
LINE
  5
10D4
330
17
100
AcDbEntity
  8
IV_INTERIOR_PROFILES
100
AcDbLine
 10
1221.5
 20
-992.6175401006481
 30
0.0
 11
1221.5
 21
-1007.6175401006481
 31
0.0
  0
LINE
  5
10D5
330
17
100
AcDbEntity
  8
IV_INTERIOR_PROFILES
100
AcDbLine
 10
1230.1
 20
-992.6175401006481
 30
0.0
 11
1230.5
 21
-992.6175401006481
 31
0.0
  0
LINE
  5
10D6
330
17
100
AcDbEntity
  8
IV_INTERIOR_PROFILES
100
AcDbLine
 10
1230.1
 20
-1007.6175401006481
 30
0.0
 11
1230.1
 21
-992.6175401006481
 31
0.0
  0
LINE
  5
10D7
330
17
100
AcDbEntity
  8
IV_INTERIOR_PROFILES
100
AcDbLine
 10
1230.5
 20
-1007.6175401006481
 30
0.0
 11
1230.1
 21
-1007.6175401006481
 31
0.0
  0
LINE
  5
10D8
330
17
100
AcDbEntity
  8
IV_INTERIOR_PROFILES
100
AcDbLine
 10
1230.5
 20
-992.6175401006481
 30
0.0
 11
1230.5
 21
-1007.6175401006481
 31
0.0
  0
LINE
  5
10D9
330
17
100
AcDbEntity
  8
IV_INTERIOR_PROFILES
100
AcDbLine
 10
1239.1
 20
-992.6175401006481
 30
0.0
 11
1239.5
 21
-992.6175401006481
 31
0.0
  0
LINE
  5
10DA
330
17
100
AcDbEntity
  8
IV_INTERIOR_PROFILES
100
AcDbLine
 10
1239.1
 20
-1007.6175401006481
 30
0.0
 11
1239.1
 21
-992.6175401006481
 31
0.0
  0
LINE
  5
10DB
330
17
100
AcDbEntity
  8
IV_INTERIOR_PROFILES
100
AcDbLine
 10
1239.5
 20
-1007.6175401006481
 30
0.0
 11
1239.1
 21
-1007.6175401006481
 31
0.0
  0
LINE
  5
10DC
330
17
100
AcDbEntity
  8
IV_INTERIOR_PROFILES
100
AcDbLine
 10
1239.5
 20
-992.6175401006481
 30
0.0
 11
1239.5
 21
-1007.6175401006481
 31
0.0
  0
LINE
  5
10DD
330
17
100
AcDbEntity
  8
IV_INTERIOR_PROFILES
100
AcDbLine
 10
1248.1
 20
-992.6175401006481
 30
0.0
 11
1248.5
 21
-992.6175401006481
 31
0.0
  0
LINE
  5
10DE
330
17
100
AcDbEntity
  8
IV_INTERIOR_PROFILES
100
AcDbLine
 10
1248.1
 20
-1007.6175401006481
 30
0.0
 11
1248.1
 21
-992.6175401006481
 31
0.0
  0
LINE
  5
10DF
330
17
100
AcDbEntity
  8
IV_INTERIOR_PROFILES
100
AcDbLine
 10
1248.5
 20
-1007.6175401006481
 30
0.0
 11
1248.1
 21
-1007.6175401006481
 31
0.0
  0
LINE
  5
10E0
330
17
100
AcDbEntity
  8
IV_INTERIOR_PROFILES
100
AcDbLine
 10
1248.5
 20
-992.6175401006481
 30
0.0
 11
1248.5
 21
-1007.6175401006481
 31
0.0
  0
LINE
  5
10E1
330
17
100
AcDbEntity
  8
IV_INTERIOR_PROFILES
100
AcDbLine
 10
1257.1
 20
-992.6175401006481
 30
0.0
 11
1257.5
 21
-992.6175401006481
 31
0.0
  0
LINE
  5
10E2
330
17
100
AcDbEntity
  8
IV_INTERIOR_PROFILES
100
AcDbLine
 10
1257.1
 20
-1007.6175401006481
 30
0.0
 11
1257.1
 21
-992.6175401006481
 31
0.0
  0
LINE
  5
10E3
330
17
100
AcDbEntity
  8
IV_INTERIOR_PROFILES
100
AcDbLine
 10
1257.5
 20
-1007.6175401006481
 30
0.0
 11
1257.1
 21
-1007.6175401006481
 31
0.0
  0
LINE
  5
10E4
330
17
100
AcDbEntity
  8
IV_INTERIOR_PROFILES
100
AcDbLine
 10
1257.5
 20
-992.6175401006481
 30
0.0
 11
1257.5
 21
-1007.6175401006481
 31
0.0
  0
LINE
  5
10E5
330
17
100
AcDbEntity
  8
IV_INTERIOR_PROFILES
100
AcDbLine
 10
1266.1
 20
-992.6175401006481
 30
0.0
 11
1266.5
 21
-992.6175401006481
 31
0.0
  0
LINE
  5
10E6
330
17
100
AcDbEntity
  8
IV_INTERIOR_PROFILES
100
AcDbLine
 10
1266.1
 20
-1007.6175401006481
 30
0.0
 11
1266.1
 21
-992.6175401006481
 31
0.0
  0
LINE
  5
10E7
330
17
100
AcDbEntity
  8
IV_INTERIOR_PROFILES
100
AcDbLine
 10
1266.5
 20
-1007.6175401006481
 30
0.0
 11
1266.1
 21
-1007.6175401006481
 31
0.0
  0
LINE
  5
10E8
330
17
100
AcDbEntity
  8
IV_INTERIOR_PROFILES
100
AcDbLine
 10
1266.5
 20
-992.6175401006481
 30
0.0
 11
1266.5
 21
-1007.6175401006481
 31
0.0
  0
LINE
  5
10E9
330
17
100
AcDbEntity
  8
IV_INTERIOR_PROFILES
100
AcDbLine
 10
1275.1
 20
-992.6175401006481
 30
0.0
 11
1275.5
 21
-992.6175401006481
 31
0.0
  0
LINE
  5
10EA
330
17
100
AcDbEntity
  8
IV_INTERIOR_PROFILES
100
AcDbLine
 10
1275.1
 20
-1007.6175401006481
 30
0.0
 11
1275.1
 21
-992.6175401006481
 31
0.0
  0
LINE
  5
10EB
330
17
100
AcDbEntity
  8
IV_INTERIOR_PROFILES
100
AcDbLine
 10
1275.5
 20
-1007.6175401006481
 30
0.0
 11
1275.1
 21
-1007.6175401006481
 31
0.0
  0
LINE
  5
10EC
330
17
100
AcDbEntity
  8
IV_INTERIOR_PROFILES
100
AcDbLine
 10
1275.5
 20
-992.6175401006481
 30
0.0
 11
1275.5
 21
-1007.6175401006481
 31
0.0
  0
LINE
  5
10ED
330
17
100
AcDbEntity
  8
IV_INTERIOR_PROFILES
100
AcDbLine
 10
1284.1
 20
-992.6175401006481
 30
0.0
 11
1284.5
 21
-992.6175401006481
 31
0.0
  0
LINE
  5
10EE
330
17
100
AcDbEntity
  8
IV_INTERIOR_PROFILES
100
AcDbLine
 10
1284.1
 20
-1007.6175401006481
 30
0.0
 11
1284.1
 21
-992.6175401006481
 31
0.0
  0
LINE
  5
10EF
330
17
100
AcDbEntity
  8
IV_INTERIOR_PROFILES
100
AcDbLine
 10
1284.5
 20
-1007.6175401006481
 30
0.0
 11
1284.1
 21
-1007.6175401006481
 31
0.0
  0
LINE
  5
10F0
330
17
100
AcDbEntity
  8
IV_INTERIOR_PROFILES
100
AcDbLine
 10
1284.5
 20
-992.6175401006481
 30
0.0
 11
1284.5
 21
-1007.6175401006481
 31
0.0
  0
LINE
  5
10F1
330
17
100
AcDbEntity
  8
IV_INTERIOR_PROFILES
100
AcDbLine
 10
1050.1
 20
-992.6175401006481
 30
0.0
 11
1050.5
 21
-992.6175401006481
 31
0.0
  0
LINE
  5
10F2
330
17
100
AcDbEntity
  8
IV_INTERIOR_PROFILES
100
AcDbLine
 10
1050.1
 20
-1007.6175401006481
 30
0.0
 11
1050.1
 21
-992.6175401006481
 31
0.0
  0
LINE
  5
10F3
330
17
100
AcDbEntity
  8
IV_INTERIOR_PROFILES
100
AcDbLine
 10
1050.5
 20
-1007.6175401006481
 30
0.0
 11
1050.1
 21
-1007.6175401006481
 31
0.0
  0
LINE
  5
10F4
330
17
100
AcDbEntity
  8
IV_INTERIOR_PROFILES
100
AcDbLine
 10
1050.5
 20
-992.6175401006481
 30
0.0
 11
1050.5
 21
-1007.6175401006481
 31
0.0
  0
LINE
  5
10F5
330
17
100
AcDbEntity
  8
IV_INTERIOR_PROFILES
100
AcDbLine
 10
1293.1
 20
-992.6175401006481
 30
0.0
 11
1293.5
 21
-992.6175401006481
 31
0.0
  0
LINE
  5
10F6
330
17
100
AcDbEntity
  8
IV_INTERIOR_PROFILES
100
AcDbLine
 10
1293.1
 20
-1007.6175401006481
 30
0.0
 11
1293.1
 21
-992.6175401006481
 31
0.0
  0
LINE
  5
10F7
330
17
100
AcDbEntity
  8
IV_INTERIOR_PROFILES
100
AcDbLine
 10
1293.5
 20
-1007.6175401006481
 30
0.0
 11
1293.1
 21
-1007.6175401006481
 31
0.0
  0
LINE
  5
10F8
330
17
100
AcDbEntity
  8
IV_INTERIOR_PROFILES
100
AcDbLine
 10
1293.5
 20
-992.6175401006481
 30
0.0
 11
1293.5
 21
-1007.6175401006481
 31
0.0
  0
LINE
  5
10F9
330
17
100
AcDbEntity
  8
IV_OUTER_PROFILE
100
AcDbLine
 10
1300.0
 20
-978.535160144416
 30
0.0
 11
1300.0
 21
-1048.242192173299
 31
0.0
  0
LINE
  5
10FA
330
17
100
AcDbEntity
  8
IV_OUTER_PROFILE
100
AcDbLine
 10
1040.0
 20
-1048.242192173299
 30
0.0
 11
1040.0
 21
-978.5351601444158
 31
0.0
  0
LINE
  5
10FB
330
17
100
AcDbEntity
  8
IV_OUTER_PROFILE
100
AcDbLine
 10
1300.0
 20
-1048.242192173299
 30
0.0
 11
1040.0
 21
-1048.242192173299
 31
0.0
  0
LINE
  5
10FC
330
17
100
AcDbEntity
  8
IV_OUTER_PROFILE
100
AcDbLine
 10
1040.0
 20
-978.5351601444158
 30
0.0
 11
1300.0
 21
-978.535160144416
 31
0.0
  0
TEXT
  5
10FD
330
17
100
AcDbEntity
  8
LABELS
100
AcDbText
 10
0.0
 20
-1028.3886761588574
 30
0.0
 40
30.0
  1
NDV-3602 s0.8mm x12
 11
0.0
 21
-1028.3886761588574
 31
0.0
100
AcDbText
  0
ARC
  5
10FE
330
17
100
AcDbEntity
  8
IV_OUTER_PROFILE
100
AcDbCircle
 10
1042.0
 20
-1300.242192173299
 30
0.0
 40
2.0
100
AcDbArc
 50
90.0
 51
179.9999999999998
  0
LINE
  5
10FF
330
17
100
AcDbEntity
  8
IV_OUTER_PROFILE
100
AcDbLine
 10
1042.0
 20
-1298.242192173299
 30
0.0
 11
1084.0
 21
-1298.242192173299
 31
0.0
  0
LINE
  5
1100
330
17
100
AcDbEntity
  8
IV_OUTER_PROFILE
100
AcDbLine
 10
1040.0
 20
-1355.442192173299
 30
0.0
 11
1040.0
 21
-1300.242192173299
 31
0.0
  0
ARC
  5
1101
330
17
100
AcDbEntity
  8
IV_OUTER_PROFILE
100
AcDbCircle
 10
1042.0
 20
-1355.442192173299
 30
0.0
 40
2.0
100
AcDbArc
 50
180.0
 51
270.0
  0
LINE
  5
1102
330
17
100
AcDbEntity
  8
IV_OUTER_PROFILE
100
AcDbLine
 10
1084.0
 20
-1357.442192173299
 30
0.0
 11
1042.0
 21
-1357.442192173299
 31
0.0
  0
ARC
  5
1103
330
17
100
AcDbEntity
  8
IV_OUTER_PROFILE
100
AcDbCircle
 10
1084.0
 20
-1355.442192173299
 30
0.0
 40
2.0
100
AcDbArc
 50
270.0
 51
0.0
  0
LINE
  5
1104
330
17
100
AcDbEntity
  8
IV_OUTER_PROFILE
100
AcDbLine
 10
1086.0
 20
-1300.242192173299
 30
0.0
 11
1086.0
 21
-1355.442192173299
 31
0.0
  0
ARC
  5
1105
330
17
100
AcDbEntity
  8
IV_OUTER_PROFILE
100
AcDbCircle
 10
1084.0
 20
-1300.242192173299
 30
0.0
 40
2.0
100
AcDbArc
 50
0.0
 51
90.0
  0
TEXT
  5
1106
330
17
100
AcDbEntity
  8
LABELS
100
AcDbText
 10
0.0
 20
-1342.8421921732988
 30
0.0
 40
30.0
  1
NDV-3002 s2mm x72
 11
0.0
 21
-1342.8421921732988
 31
0.0
100
AcDbText
  0
LWPOLYLINE
  5
1107
330
17
100
AcDbEntity
  8
IV_OUTER_PROFILE
100
AcDbPolyline
 90
4
 70
1
 10
1040.0
 20
-1497.442192173299
 10
2190.0
 20
-1497.442192173299
 10
2190.0
 20
-1457.442192173299
 10
1040.0
 20
-1457.442192173299
  0
CIRCLE
  5
1108
330
17
100
AcDbEntity
  8
IV_INTERIOR_PROFILES
100
AcDbCircle
 10
1085.0
 20
-1477.442192173299
 30
0.0
 40
12.5
  0
CIRCLE
  5
1109
330
17
100
AcDbEntity
  8
IV_INTERIOR_PROFILES
100
AcDbCircle
 10
1165.38
 20
-1477.442192173299
 30
0.0
 40
12.5
  0
CIRCLE
  5
110A
330
17
100
AcDbEntity
  8
IV_INTERIOR_PROFILES
100
AcDbCircle
 10
1245.77
 20
-1477.442192173299
 30
0.0
 40
12.5
  0
CIRCLE
  5
110B
330
17
100
AcDbEntity
  8
IV_INTERIOR_PROFILES
100
AcDbCircle
 10
1326.15
 20
-1477.442192173299
 30
0.0
 40
12.5
  0
CIRCLE
  5
110C
330
17
100
AcDbEntity
  8
IV_INTERIOR_PROFILES
100
AcDbCircle
 10
1406.54
 20
-1477.442192173299
 30
0.0
 40
12.5
  0
CIRCLE
  5
110D
330
17
100
AcDbEntity
  8
IV_INTERIOR_PROFILES
100
AcDbCircle
 10
1486.92
 20
-1477.442192173299
 30
0.0
 40
12.5
  0
CIRCLE
  5
110E
330
17
100
AcDbEntity
  8
IV_INTERIOR_PROFILES
100
AcDbCircle
 10
1567.31
 20
-1477.442192173299
 30
0.0
 40
12.5
  0
CIRCLE
  5
110F
330
17
100
AcDbEntity
  8
IV_INTERIOR_PROFILES
100
AcDbCircle
 10
1647.69
 20
-1477.442192173299
 30
0.0
 40
12.5
  0
CIRCLE
  5
1110
330
17
100
AcDbEntity
  8
IV_INTERIOR_PROFILES
100
AcDbCircle
 10
1728.08
 20
-1477.442192173299
 30
0.0
 40
12.5
  0
CIRCLE
  5
1111
330
17
100
AcDbEntity
  8
IV_INTERIOR_PROFILES
100
AcDbCircle
 10
1808.46
 20
-1477.442192173299
 30
0.0
 40
12.5
  0
CIRCLE
  5
1112
330
17
100
AcDbEntity
  8
IV_INTERIOR_PROFILES
100
AcDbCircle
 10
1888.85
 20
-1477.442192173299
 30
0.0
 40
12.5
  0
CIRCLE
  5
1113
330
17
100
AcDbEntity
  8
IV_INTERIOR_PROFILES
100
AcDbCircle
 10
1969.23
 20
-1477.442192173299
 30
0.0
 40
12.5
  0
CIRCLE
  5
1114
330
17
100
AcDbEntity
  8
IV_INTERIOR_PROFILES
100
AcDbCircle
 10
2049.62
 20
-1477.442192173299
 30
0.0
 40
12.5
  0
CIRCLE
  5
1115
330
17
100
AcDbEntity
  8
IV_INTERIOR_PROFILES
100
AcDbCircle
 10
2130.0
 20
-1477.442192173299
 30
0.0
 40
12.5
  0
TEXT
  5
1116
330
17
100
AcDbEntity
  8
LABELS
100
AcDbText
 10
0.0
 20
-1492.442192173299
 30
0.0
 40
30.0
  1
NDV-3101 s2mm x12 TUBE 40x40
 11
0.0
 21
-1492.442192173299
 31
0.0
100
AcDbText
  0
LWPOLYLINE
  5
1117
330
17
100
AcDbEntity
  8
IV_OUTER_PROFILE
100
AcDbPolyline
 90
4
 70
1
 10
1040.0
 20
-1637.442192173299
 10
2110.0
 20
-1637.442192173299
 10
2110.0
 20
-1597.442192173299
 10
1040.0
 20
-1597.442192173299
  0
CIRCLE
  5
1118
330
17
100
AcDbEntity
  8
IV_INTERIOR_PROFILES
100
AcDbCircle
 10
1085.0
 20
-1617.442192173299
 30
0.0
 40
12.5
  0
CIRCLE
  5
1119
330
17
100
AcDbEntity
  8
IV_INTERIOR_PROFILES
100
AcDbCircle
 10
1165.42
 20
-1617.442192173299
 30
0.0
 40
12.5
  0
CIRCLE
  5
111A
330
17
100
AcDbEntity
  8
IV_INTERIOR_PROFILES
100
AcDbCircle
 10
1245.83
 20
-1617.442192173299
 30
0.0
 40
12.5
  0
CIRCLE
  5
111B
330
17
100
AcDbEntity
  8
IV_INTERIOR_PROFILES
100
AcDbCircle
 10
1326.25
 20
-1617.442192173299
 30
0.0
 40
12.5
  0
CIRCLE
  5
111C
330
17
100
AcDbEntity
  8
IV_INTERIOR_PROFILES
100
AcDbCircle
 10
1406.67
 20
-1617.442192173299
 30
0.0
 40
12.5
  0
CIRCLE
  5
111D
330
17
100
AcDbEntity
  8
IV_INTERIOR_PROFILES
100
AcDbCircle
 10
1487.08
 20
-1617.442192173299
 30
0.0
 40
12.5
  0
CIRCLE
  5
111E
330
17
100
AcDbEntity
  8
IV_INTERIOR_PROFILES
100
AcDbCircle
 10
1567.5
 20
-1617.442192173299
 30
0.0
 40
12.5
  0
CIRCLE
  5
111F
330
17
100
AcDbEntity
  8
IV_INTERIOR_PROFILES
100
AcDbCircle
 10
1647.92
 20
-1617.442192173299
 30
0.0
 40
12.5
  0
CIRCLE
  5
1120
330
17
100
AcDbEntity
  8
IV_INTERIOR_PROFILES
100
AcDbCircle
 10
1728.33
 20
-1617.442192173299
 30
0.0
 40
12.5
  0
CIRCLE
  5
1121
330
17
100
AcDbEntity
  8
IV_INTERIOR_PROFILES
100
AcDbCircle
 10
1808.75
 20
-1617.442192173299
 30
0.0
 40
12.5
  0
CIRCLE
  5
1122
330
17
100
AcDbEntity
  8
IV_INTERIOR_PROFILES
100
AcDbCircle
 10
1889.17
 20
-1617.442192173299
 30
0.0
 40
12.5
  0
CIRCLE
  5
1123
330
17
100
AcDbEntity
  8
IV_INTERIOR_PROFILES
100
AcDbCircle
 10
1969.58
 20
-1617.442192173299
 30
0.0
 40
12.5
  0
CIRCLE
  5
1124
330
17
100
AcDbEntity
  8
IV_INTERIOR_PROFILES
100
AcDbCircle
 10
2050.0
 20
-1617.442192173299
 30
0.0
 40
12.5
  0
TEXT
  5
1125
330
17
100
AcDbEntity
  8
LABELS
100
AcDbText
 10
0.0
 20
-1632.442192173299
 30
0.0
 40
30.0
  1
NDV-3201 s2mm x12 TUBE 40x40
 11
0.0
 21
-1632.442192173299
 31
0.0
100
AcDbText
  0
LWPOLYLINE
  5
1126
330
17
100
AcDbEntity
  8
IV_OUTER_PROFILE
100
AcDbPolyline
 90
4
 70
1
 10
1040.0
 20
-1777.442192173299
 10
2010.0
 20
-1777.442192173299
 10
2010.0
 20
-1737.442192173299
 10
1040.0
 20
-1737.442192173299
  0
CIRCLE
  5
1127
330
17
100
AcDbEntity
  8
IV_INTERIOR_PROFILES
100
AcDbCircle
 10
1085.0
 20
-1757.442192173299
 30
0.0
 40
12.5
  0
CIRCLE
  5
1128
330
17
100
AcDbEntity
  8
IV_INTERIOR_PROFILES
100
AcDbCircle
 10
1163.6399999999999
 20
-1757.442192173299
 30
0.0
 40
12.5
  0
CIRCLE
  5
1129
330
17
100
AcDbEntity
  8
IV_INTERIOR_PROFILES
100
AcDbCircle
 10
1242.27
 20
-1757.442192173299
 30
0.0
 40
12.5
  0
CIRCLE
  5
112A
330
17
100
AcDbEntity
  8
IV_INTERIOR_PROFILES
100
AcDbCircle
 10
1320.9099999999999
 20
-1757.442192173299
 30
0.0
 40
12.5
  0
CIRCLE
  5
112B
330
17
100
AcDbEntity
  8
IV_INTERIOR_PROFILES
100
AcDbCircle
 10
1399.55
 20
-1757.442192173299
 30
0.0
 40
12.5
  0
CIRCLE
  5
112C
330
17
100
AcDbEntity
  8
IV_INTERIOR_PROFILES
100
AcDbCircle
 10
1478.1799999999998
 20
-1757.442192173299
 30
0.0
 40
12.5
  0
CIRCLE
  5
112D
330
17
100
AcDbEntity
  8
IV_INTERIOR_PROFILES
100
AcDbCircle
 10
1556.82
 20
-1757.442192173299
 30
0.0
 40
12.5
  0
CIRCLE
  5
112E
330
17
100
AcDbEntity
  8
IV_INTERIOR_PROFILES
100
AcDbCircle
 10
1635.45
 20
-1757.442192173299
 30
0.0
 40
12.5
  0
CIRCLE
  5
112F
330
17
100
AcDbEntity
  8
IV_INTERIOR_PROFILES
100
AcDbCircle
 10
1714.09
 20
-1757.442192173299
 30
0.0
 40
12.5
  0
CIRCLE
  5
1130
330
17
100
AcDbEntity
  8
IV_INTERIOR_PROFILES
100
AcDbCircle
 10
1792.73
 20
-1757.442192173299
 30
0.0
 40
12.5
  0
CIRCLE
  5
1131
330
17
100
AcDbEntity
  8
IV_INTERIOR_PROFILES
100
AcDbCircle
 10
1871.3600000000001
 20
-1757.442192173299
 30
0.0
 40
12.5
  0
CIRCLE
  5
1132
330
17
100
AcDbEntity
  8
IV_INTERIOR_PROFILES
100
AcDbCircle
 10
1950.0
 20
-1757.442192173299
 30
0.0
 40
12.5
  0
TEXT
  5
1133
330
17
100
AcDbEntity
  8
LABELS
100
AcDbText
 10
0.0
 20
-1772.442192173299
 30
0.0
 40
30.0
  1
NDV-3301 s2mm x12 TUBE 40x40
 11
0.0
 21
-1772.442192173299
 31
0.0
100
AcDbText
  0
LWPOLYLINE
  5
1134
330
17
100
AcDbEntity
  8
IV_OUTER_PROFILE
100
AcDbPolyline
 90
4
 70
1
 10
1040.0
 20
-1917.442192173299
 10
1860.0
 20
-1917.442192173299
 10
1860.0
 20
-1877.442192173299
 10
1040.0
 20
-1877.442192173299
  0
CIRCLE
  5
1135
330
17
100
AcDbEntity
  8
IV_INTERIOR_PROFILES
100
AcDbCircle
 10
1085.0
 20
-1897.442192173299
 30
0.0
 40
12.5
  0
CIRCLE
  5
1136
330
17
100
AcDbEntity
  8
IV_INTERIOR_PROFILES
100
AcDbCircle
 10
1164.44
 20
-1897.442192173299
 30
0.0
 40
12.5
  0
CIRCLE
  5
1137
330
17
100
AcDbEntity
  8
IV_INTERIOR_PROFILES
100
AcDbCircle
 10
1243.8899999999999
 20
-1897.442192173299
 30
0.0
 40
12.5
  0
CIRCLE
  5
1138
330
17
100
AcDbEntity
  8
IV_INTERIOR_PROFILES
100
AcDbCircle
 10
1323.33
 20
-1897.442192173299
 30
0.0
 40
12.5
  0
CIRCLE
  5
1139
330
17
100
AcDbEntity
  8
IV_INTERIOR_PROFILES
100
AcDbCircle
 10
1402.78
 20
-1897.442192173299
 30
0.0
 40
12.5
  0
CIRCLE
  5
113A
330
17
100
AcDbEntity
  8
IV_INTERIOR_PROFILES
100
AcDbCircle
 10
1482.22
 20
-1897.442192173299
 30
0.0
 40
12.5
  0
CIRCLE
  5
113B
330
17
100
AcDbEntity
  8
IV_INTERIOR_PROFILES
100
AcDbCircle
 10
1561.67
 20
-1897.442192173299
 30
0.0
 40
12.5
  0
CIRCLE
  5
113C
330
17
100
AcDbEntity
  8
IV_INTERIOR_PROFILES
100
AcDbCircle
 10
1641.1100000000001
 20
-1897.442192173299
 30
0.0
 40
12.5
  0
CIRCLE
  5
113D
330
17
100
AcDbEntity
  8
IV_INTERIOR_PROFILES
100
AcDbCircle
 10
1720.56
 20
-1897.442192173299
 30
0.0
 40
12.5
  0
CIRCLE
  5
113E
330
17
100
AcDbEntity
  8
IV_INTERIOR_PROFILES
100
AcDbCircle
 10
1800.0
 20
-1897.442192173299
 30
0.0
 40
12.5
  0
TEXT
  5
113F
330
17
100
AcDbEntity
  8
LABELS
100
AcDbText
 10
0.0
 20
-1912.442192173299
 30
0.0
 40
30.0
  1
NDV-3401 s2mm x12 TUBE 40x40
 11
0.0
 21
-1912.442192173299
 31
0.0
100
AcDbText
  0
LWPOLYLINE
  5
1140
330
17
100
AcDbEntity
  8
IV_OUTER_PROFILE
100
AcDbPolyline
 90
4
 70
1
 10
1040.0
 20
-2057.442192173299
 10
1690.0
 20
-2057.442192173299
 10
1690.0
 20
-2017.4421921732992
 10
1040.0
 20
-2017.4421921732992
  0
CIRCLE
  5
1141
330
17
100
AcDbEntity
  8
IV_INTERIOR_PROFILES
100
AcDbCircle
 10
1085.0
 20
-2037.4421921732992
 30
0.0
 40
12.5
  0
CIRCLE
  5
1142
330
17
100
AcDbEntity
  8
IV_INTERIOR_PROFILES
100
AcDbCircle
 10
1162.8600000000001
 20
-2037.4421921732992
 30
0.0
 40
12.5
  0
CIRCLE
  5
1143
330
17
100
AcDbEntity
  8
IV_INTERIOR_PROFILES
100
AcDbCircle
 10
1240.71
 20
-2037.4421921732992
 30
0.0
 40
12.5
  0
CIRCLE
  5
1144
330
17
100
AcDbEntity
  8
IV_INTERIOR_PROFILES
100
AcDbCircle
 10
1318.57
 20
-2037.4421921732992
 30
0.0
 40
12.5
  0
CIRCLE
  5
1145
330
17
100
AcDbEntity
  8
IV_INTERIOR_PROFILES
100
AcDbCircle
 10
1396.43
 20
-2037.4421921732992
 30
0.0
 40
12.5
  0
CIRCLE
  5
1146
330
17
100
AcDbEntity
  8
IV_INTERIOR_PROFILES
100
AcDbCircle
 10
1474.29
 20
-2037.4421921732992
 30
0.0
 40
12.5
  0
CIRCLE
  5
1147
330
17
100
AcDbEntity
  8
IV_INTERIOR_PROFILES
100
AcDbCircle
 10
1552.1399999999999
 20
-2037.4421921732992
 30
0.0
 40
12.5
  0
CIRCLE
  5
1148
330
17
100
AcDbEntity
  8
IV_INTERIOR_PROFILES
100
AcDbCircle
 10
1630.0
 20
-2037.4421921732992
 30
0.0
 40
12.5
  0
TEXT
  5
1149
330
17
100
AcDbEntity
  8
LABELS
100
AcDbText
 10
0.0
 20
-2052.442192173299
 30
0.0
 40
30.0
  1
NDV-3501 s2mm x12 TUBE 40x40
 11
0.0
 21
-2052.442192173299
 31
0.0
100
AcDbText
  0
LWPOLYLINE
  5
114A
330
17
100
AcDbEntity
  8
IV_OUTER_PROFILE
100
AcDbPolyline
 90
4
 70
1
 10
1040.0
 20
-2197.442192173299
 10
1340.0
 20
-2197.442192173299
 10
1340.0
 20
-2157.442192173299
 10
1040.0
 20
-2157.442192173299
  0
CIRCLE
  5
114B
330
17
100
AcDbEntity
  8
IV_INTERIOR_PROFILES
100
AcDbCircle
 10
1085.0
 20
-2177.442192173299
 30
0.0
 40
12.5
  0
CIRCLE
  5
114C
330
17
100
AcDbEntity
  8
IV_INTERIOR_PROFILES
100
AcDbCircle
 10
1182.5
 20
-2177.442192173299
 30
0.0
 40
12.5
  0
CIRCLE
  5
114D
330
17
100
AcDbEntity
  8
IV_INTERIOR_PROFILES
100
AcDbCircle
 10
1280.0
 20
-2177.442192173299
 30
0.0
 40
12.5
  0
TEXT
  5
114E
330
17
100
AcDbEntity
  8
LABELS
100
AcDbText
 10
0.0
 20
-2192.442192173299
 30
0.0
 40
30.0
  1
NDV-3601 s2mm x12 TUBE 40x40
 11
0.0
 21
-2192.442192173299
 31
0.0
100
AcDbText
  0
TEXT
  5
116C
330
17
100
AcDbEntity
  8
LABELS
100
AcDbText
 10
0.0
 20
-2664.388762698327
 30
0.0
 40
30.0
  1
NDV-1101 s3mm x6
 11
0.0
 21
-2664.388762698327
 31
0.0
100
AcDbText
  0
ARC
  5
116D
330
17
100
AcDbEntity
  8
IV_OUTER_PROFILE
100
AcDbCircle
 10
1042.0
 20
-2953.3353332233546
 30
0.0
 40
2.0
100
AcDbArc
 50
90.0
 51
179.9999999999995
  0
LINE
  5
116E
330
17
100
AcDbEntity
  8
IV_OUTER_PROFILE
100
AcDbLine
 10
1042.0
 20
-2951.3353332233546
 30
0.0
 11
1241.0
 21
-2951.3353332233546
 31
0.0
  0
LINE
  5
116F
330
17
100
AcDbEntity
  8
IV_OUTER_PROFILE
100
AcDbLine
 10
1040.0
 20
-3152.3353332233546
 30
0.0
 11
1040.0
 21
-2953.3353332233546
 31
0.0
  0
ARC
  5
1170
330
17
100
AcDbEntity
  8
IV_OUTER_PROFILE
100
AcDbCircle
 10
1042.0
 20
-3152.3353332233546
 30
0.0
 40
2.0
100
AcDbArc
 50
180.0
 51
270.0
  0
LINE
  5
1171
330
17
100
AcDbEntity
  8
IV_OUTER_PROFILE
100
AcDbLine
 10
1241.0
 20
-3154.3353332233546
 30
0.0
 11
1042.0
 21
-3154.3353332233546
 31
0.0
  0
ARC
  5
1172
330
17
100
AcDbEntity
  8
IV_OUTER_PROFILE
100
AcDbCircle
 10
1241.0
 20
-3152.3353332233546
 30
0.0
 40
2.0
100
AcDbArc
 50
270.0
 51
0.0
  0
LINE
  5
1173
330
17
100
AcDbEntity
  8
IV_OUTER_PROFILE
100
AcDbLine
 10
1243.0
 20
-2953.3353332233546
 30
0.0
 11
1243.0
 21
-3152.3353332233546
 31
0.0
  0
ARC
  5
1174
330
17
100
AcDbEntity
  8
IV_OUTER_PROFILE
100
AcDbCircle
 10
1241.0
 20
-2953.3353332233546
 30
0.0
 40
2.0
100
AcDbArc
 50
0.0
 51
90.0
  0
TEXT
  5
1175
330
17
100
AcDbEntity
  8
LABELS
100
AcDbText
 10
0.0
 20
-3067.8353332233546
 30
0.0
 40
30.0
  1
NDV-1102 s3mm x3
 11
0.0
 21
-3067.8353332233546
 31
0.0
100
AcDbText
  0
LINE
  5
1176
330
17
100
AcDbEntity
  8
IV_BEND
100
AcDbLine
 10
1040.0091839814875
 20
-3361.7404208189405
 30
0.0
 11
2090.0091839814877
 21
-3391.7404208189405
 31
0.0
  0
CIRCLE
  5
1177
330
17
100
AcDbEntity
  8
IV_INTERIOR_PROFILES
100
AcDbCircle
 10
2081.0
 20
-3399.9356869409953
 30
0.0
 40
2.750000000000003
  0
LINE
  5
1178
330
17
100
AcDbEntity
  8
IV_INTERIOR_PROFILES
100
AcDbLine
 10
2022.7499999999998
 20
-3448.1856869409953
 30
0.0
 11
2022.75
 21
-3407.6856869409953
 31
0.0
  0
LINE
  5
1179
330
17
100
AcDbEntity
  8
IV_INTERIOR_PROFILES
100
AcDbLine
 10
2022.75
 20
-3407.6856869409953
 30
0.0
 11
2063.25
 21
-3407.6856869409953
 31
0.0
  0
LINE
  5
117A
330
17
100
AcDbEntity
  8
IV_INTERIOR_PROFILES
100
AcDbLine
 10
2063.25
 20
-3407.6856869409953
 30
0.0
 11
2063.25
 21
-3448.1856869409953
 31
0.0
  0
LINE
  5
117B
330
17
100
AcDbEntity
  8
IV_INTERIOR_PROFILES
100
AcDbLine
 10
2063.25
 20
-3448.1856869409953
 30
0.0
 11
2022.7499999999998
 21
-3448.1856869409953
 31
0.0
  0
CIRCLE
  5
117C
330
17
100
AcDbEntity
  8
IV_INTERIOR_PROFILES
100
AcDbCircle
 10
2005.0
 20
-3399.9356869409953
 30
0.0
 40
2.750000000000001
  0
CIRCLE
  5
117D
330
17
100
AcDbEntity
  8
IV_INTERIOR_PROFILES
100
AcDbCircle
 10
2005.0
 20
-3455.9356869409953
 30
0.0
 40
2.750000000000001
  0
CIRCLE
  5
117E
330
17
100
AcDbEntity
  8
IV_INTERIOR_PROFILES
100
AcDbCircle
 10
2081.0
 20
-3455.9356869409953
 30
0.0
 40
2.750000000000003
  0
CIRCLE
  5
117F
330
17
100
AcDbEntity
  8
IV_INTERIOR_PROFILES
100
AcDbCircle
 10
1891.0
 20
-3399.9356869409953
 30
0.0
 40
2.750000000000003
  0
LINE
  5
1180
330
17
100
AcDbEntity
  8
IV_INTERIOR_PROFILES
100
AcDbLine
 10
1832.75
 20
-3448.1856869409953
 30
0.0
 11
1832.75
 21
-3407.6856869409953
 31
0.0
  0
LINE
  5
1181
330
17
100
AcDbEntity
  8
IV_INTERIOR_PROFILES
100
AcDbLine
 10
1832.75
 20
-3407.6856869409953
 30
0.0
 11
1873.25
 21
-3407.6856869409953
 31
0.0
  0
LINE
  5
1182
330
17
100
AcDbEntity
  8
IV_INTERIOR_PROFILES
100
AcDbLine
 10
1873.25
 20
-3407.6856869409953
 30
0.0
 11
1873.25
 21
-3448.1856869409953
 31
0.0
  0
LINE
  5
1183
330
17
100
AcDbEntity
  8
IV_INTERIOR_PROFILES
100
AcDbLine
 10
1873.25
 20
-3448.1856869409953
 30
0.0
 11
1832.75
 21
-3448.1856869409953
 31
0.0
  0
CIRCLE
  5
1184
330
17
100
AcDbEntity
  8
IV_INTERIOR_PROFILES
100
AcDbCircle
 10
1815.0
 20
-3399.9356869409953
 30
0.0
 40
2.750000000000001
  0
CIRCLE
  5
1185
330
17
100
AcDbEntity
  8
IV_INTERIOR_PROFILES
100
AcDbCircle
 10
1815.0
 20
-3455.9356869409953
 30
0.0
 40
2.750000000000001
  0
CIRCLE
  5
1186
330
17
100
AcDbEntity
  8
IV_INTERIOR_PROFILES
100
AcDbCircle
 10
1891.0
 20
-3455.9356869409953
 30
0.0
 40
2.750000000000003
  0
CIRCLE
  5
1187
330
17
100
AcDbEntity
  8
IV_INTERIOR_PROFILES
100
AcDbCircle
 10
1701.0
 20
-3399.9356869409953
 30
0.0
 40
2.750000000000003
  0
LINE
  5
1188
330
17
100
AcDbEntity
  8
IV_INTERIOR_PROFILES
100
AcDbLine
 10
1642.75
 20
-3448.1856869409953
 30
0.0
 11
1642.75
 21
-3407.6856869409953
 31
0.0
  0
LINE
  5
1189
330
17
100
AcDbEntity
  8
IV_INTERIOR_PROFILES
100
AcDbLine
 10
1642.75
 20
-3407.6856869409953
 30
0.0
 11
1683.25
 21
-3407.6856869409953
 31
0.0
  0
LINE
  5
118A
330
17
100
AcDbEntity
  8
IV_INTERIOR_PROFILES
100
AcDbLine
 10
1683.25
 20
-3407.6856869409953
 30
0.0
 11
1683.25
 21
-3448.1856869409953
 31
0.0
  0
LINE
  5
118B
330
17
100
AcDbEntity
  8
IV_INTERIOR_PROFILES
100
AcDbLine
 10
1683.25
 20
-3448.1856869409953
 30
0.0
 11
1642.75
 21
-3448.1856869409953
 31
0.0
  0
CIRCLE
  5
118C
330
17
100
AcDbEntity
  8
IV_INTERIOR_PROFILES
100
AcDbCircle
 10
1625.0
 20
-3399.9356869409953
 30
0.0
 40
2.750000000000001
  0
CIRCLE
  5
118D
330
17
100
AcDbEntity
  8
IV_INTERIOR_PROFILES
100
AcDbCircle
 10
1625.0
 20
-3455.9356869409953
 30
0.0
 40
2.750000000000001
  0
CIRCLE
  5
118E
330
17
100
AcDbEntity
  8
IV_INTERIOR_PROFILES
100
AcDbCircle
 10
1701.0
 20
-3455.9356869409953
 30
0.0
 40
2.750000000000003
  0
CIRCLE
  5
118F
330
17
100
AcDbEntity
  8
IV_INTERIOR_PROFILES
100
AcDbCircle
 10
1511.0
 20
-3399.9356869409953
 30
0.0
 40
2.750000000000003
  0
LINE
  5
1190
330
17
100
AcDbEntity
  8
IV_INTERIOR_PROFILES
100
AcDbLine
 10
1452.75
 20
-3448.1856869409953
 30
0.0
 11
1452.75
 21
-3407.6856869409953
 31
0.0
  0
LINE
  5
1191
330
17
100
AcDbEntity
  8
IV_INTERIOR_PROFILES
100
AcDbLine
 10
1452.75
 20
-3407.6856869409953
 30
0.0
 11
1493.25
 21
-3407.6856869409953
 31
0.0
  0
LINE
  5
1192
330
17
100
AcDbEntity
  8
IV_INTERIOR_PROFILES
100
AcDbLine
 10
1493.25
 20
-3407.6856869409953
 30
0.0
 11
1493.25
 21
-3448.1856869409953
 31
0.0
  0
LINE
  5
1193
330
17
100
AcDbEntity
  8
IV_INTERIOR_PROFILES
100
AcDbLine
 10
1493.25
 20
-3448.1856869409953
 30
0.0
 11
1452.75
 21
-3448.1856869409953
 31
0.0
  0
CIRCLE
  5
1194
330
17
100
AcDbEntity
  8
IV_INTERIOR_PROFILES
100
AcDbCircle
 10
1435.0
 20
-3399.9356869409953
 30
0.0
 40
2.750000000000001
  0
CIRCLE
  5
1195
330
17
100
AcDbEntity
  8
IV_INTERIOR_PROFILES
100
AcDbCircle
 10
1435.0
 20
-3455.9356869409953
 30
0.0
 40
2.750000000000001
  0
CIRCLE
  5
1196
330
17
100
AcDbEntity
  8
IV_INTERIOR_PROFILES
100
AcDbCircle
 10
1511.0
 20
-3455.9356869409953
 30
0.0
 40
2.750000000000003
  0
CIRCLE
  5
1197
330
17
100
AcDbEntity
  8
IV_INTERIOR_PROFILES
100
AcDbCircle
 10
1321.0
 20
-3399.9356869409953
 30
0.0
 40
2.750000000000003
  0
LINE
  5
1198
330
17
100
AcDbEntity
  8
IV_INTERIOR_PROFILES
100
AcDbLine
 10
1262.75
 20
-3448.1856869409953
 30
0.0
 11
1262.75
 21
-3407.6856869409953
 31
0.0
  0
LINE
  5
1199
330
17
100
AcDbEntity
  8
IV_INTERIOR_PROFILES
100
AcDbLine
 10
1262.75
 20
-3407.6856869409953
 30
0.0
 11
1303.25
 21
-3407.6856869409953
 31
0.0
  0
LINE
  5
119A
330
17
100
AcDbEntity
  8
IV_INTERIOR_PROFILES
100
AcDbLine
 10
1303.25
 20
-3407.6856869409953
 30
0.0
 11
1303.25
 21
-3448.1856869409953
 31
0.0
  0
LINE
  5
119B
330
17
100
AcDbEntity
  8
IV_INTERIOR_PROFILES
100
AcDbLine
 10
1303.25
 20
-3448.1856869409953
 30
0.0
 11
1262.75
 21
-3448.1856869409953
 31
0.0
  0
CIRCLE
  5
119C
330
17
100
AcDbEntity
  8
IV_INTERIOR_PROFILES
100
AcDbCircle
 10
1245.0
 20
-3399.9356869409953
 30
0.0
 40
2.750000000000001
  0
CIRCLE
  5
119D
330
17
100
AcDbEntity
  8
IV_INTERIOR_PROFILES
100
AcDbCircle
 10
1245.0
 20
-3455.9356869409953
 30
0.0
 40
2.750000000000001
  0
CIRCLE
  5
119E
330
17
100
AcDbEntity
  8
IV_INTERIOR_PROFILES
100
AcDbCircle
 10
1321.0
 20
-3455.9356869409953
 30
0.0
 40
2.750000000000003
  0
LINE
  5
119F
330
17
100
AcDbEntity
  8
IV_INTERIOR_PROFILES
100
AcDbLine
 10
1113.25
 20
-3407.6856869409953
 30
0.0
 11
1113.25
 21
-3448.1856869409953
 31
0.0
  0
LINE
  5
11A0
330
17
100
AcDbEntity
  8
IV_INTERIOR_PROFILES
100
AcDbLine
 10
1113.25
 20
-3448.1856869409953
 30
0.0
 11
1072.75
 21
-3448.1856869409953
 31
0.0
  0
LINE
  5
11A1
330
17
100
AcDbEntity
  8
IV_INTERIOR_PROFILES
100
AcDbLine
 10
1072.75
 20
-3448.1856869409953
 30
0.0
 11
1072.75
 21
-3407.6856869409953
 31
0.0
  0
LINE
  5
11A2
330
17
100
AcDbEntity
  8
IV_INTERIOR_PROFILES
100
AcDbLine
 10
1072.75
 20
-3407.6856869409953
 30
0.0
 11
1113.25
 21
-3407.6856869409953
 31
0.0
  0
CIRCLE
  5
11A3
330
17
100
AcDbEntity
  8
IV_INTERIOR_PROFILES
100
AcDbCircle
 10
1055.0
 20
-3399.9356869409953
 30
0.0
 40
2.750000000000001
  0
CIRCLE
  5
11A4
330
17
100
AcDbEntity
  8
IV_INTERIOR_PROFILES
100
AcDbCircle
 10
1055.0
 20
-3455.9356869409953
 30
0.0
 40
2.750000000000001
  0
CIRCLE
  5
11A5
330
17
100
AcDbEntity
  8
IV_INTERIOR_PROFILES
100
AcDbCircle
 10
1131.0
 20
-3455.9356869409953
 30
0.0
 40
2.750000000000003
  0
CIRCLE
  5
11A6
330
17
100
AcDbEntity
  8
IV_INTERIOR_PROFILES
100
AcDbCircle
 10
1131.0
 20
-3399.9356869409953
 30
0.0
 40
2.750000000000003
  0
LINE
  5
11A7
330
17
100
AcDbEntity
  8
IV_OUTER_PROFILE
100
AcDbLine
 10
2092.995724391933
 20
-3284.3353332233546
 30
0.0
 11
2090.0183679629763
 21
-3388.542808236882
 31
0.0
  0
LINE
  5
11A8
330
17
100
AcDbEntity
  8
IV_OUTER_PROFILE
100
AcDbLine
 10
2090.0183679629763
 20
-3388.542808236882
 30
0.0
 11
2090.0
 21
-3394.9380334009993
 31
0.0
  0
LINE
  5
11A9
330
17
100
AcDbEntity
  8
IV_OUTER_PROFILE
100
AcDbLine
 10
1040.0
 20
-3364.9380334009993
 30
0.0
 11
1040.0183679629754
 21
-3358.542808236882
 31
0.0
  0
LINE
  5
11AA
330
17
100
AcDbEntity
  8
IV_OUTER_PROFILE
100
AcDbLine
 10
1040.0183679629754
 20
-3358.542808236882
 30
0.0
 11
1042.9957243919325
 21
-3254.3353332233546
 31
0.0
  0
LINE
  5
11AB
330
17
100
AcDbEntity
  8
IV_OUTER_PROFILE
100
AcDbLine
 10
1042.9957243919325
 20
-3254.3353332233546
 30
0.0
 11
2092.995724391933
 21
-3284.3353332233546
 31
0.0
  0
LINE
  5
11AC
330
17
100
AcDbEntity
  8
IV_OUTER_PROFILE
100
AcDbLine
 10
1040.0
 20
-3469.1856869409953
 30
0.0
 11
1040.0
 21
-3364.9380334009993
 31
0.0
  0
LINE
  5
11AD
330
17
100
AcDbEntity
  8
IV_OUTER_PROFILE
100
AcDbLine
 10
2090.0
 20
-3469.1856869409953
 30
0.0
 11
1040.0
 21
-3469.1856869409953
 31
0.0
  0
LINE
  5
11AE
330
17
100
AcDbEntity
  8
IV_OUTER_PROFILE
100
AcDbLine
 10
2090.0
 20
-3394.9380334009993
 30
0.0
 11
2090.0
 21
-3469.1856869409953
 31
0.0
  0
TEXT
  5
11AF
330
17
100
AcDbEntity
  8
LABELS
100
AcDbText
 10
0.0
 20
-3376.7605100821747
 30
0.0
 40
30.0
  1
NDV-2101 s3mm x12
 11
0.0
 21
-3376.7605100821747
 31
0.0
100
AcDbText
  0
LINE
  5
11B0
330
17
100
AcDbEntity
  8
IV_BEND_DOWN
100
AcDbLine
 10
1040.0
 20
-3675.6322574660226
 30
0.0
 11
2090.0
 21
-3675.6322574660226
 31
0.0
  0
LINE
  5
11B1
330
17
100
AcDbEntity
  8
IV_OUTER_PROFILE
100
AcDbLine
 10
1040.0
 20
-3783.0788279910503
 30
0.0
 11
1040.0
 21
-3569.185686940995
 31
0.0
  0
LINE
  5
11B2
330
17
100
AcDbEntity
  8
IV_OUTER_PROFILE
100
AcDbLine
 10
2090.0
 20
-3598.185686940995
 30
0.0
 11
2090.0
 21
-3783.0788279910503
 31
0.0
  0
LINE
  5
11B3
330
17
100
AcDbEntity
  8
IV_OUTER_PROFILE
100
AcDbLine
 10
2090.0
 20
-3783.0788279910503
 30
0.0
 11
1040.0
 21
-3783.0788279910503
 31
0.0
  0
LINE
  5
11B4
330
17
100
AcDbEntity
  8
IV_OUTER_PROFILE
100
AcDbLine
 10
1040.0
 20
-3569.185686940995
 30
0.0
 11
2090.0
 21
-3598.185686940995
 31
0.0
  0
TEXT
  5
11B5
330
17
100
AcDbEntity
  8
LABELS
100
AcDbText
 10
0.0
 20
-3691.132257466023
 30
0.0
 40
30.0
  1
NDV-2102 s3mm x12
 11
0.0
 21
-3691.132257466023
 31
0.0
100
AcDbText
  0
TEXT
  5
11CE
330
17
100
AcDbEntity
  8
LABELS
100
AcDbText
 10
0.0
 20
-3968.0788279910503
 30
0.0
 40
30.0
  1
NDV-2103 s3mm x12
 11
0.0
 21
-3968.0788279910503
 31
0.0
100
AcDbText
  0
ARC
  5
11CF
330
17
100
AcDbEntity
  8
IV_OUTER_PROFILE
100
AcDbCircle
 10
1042.0
 20
-4145.07882799105
 30
0.0
 40
2.0
100
AcDbArc
 50
90.0
 51
179.9999999999997
  0
LINE
  5
11D0
330
17
100
AcDbEntity
  8
IV_OUTER_PROFILE
100
AcDbLine
 10
1042.0
 20
-4143.07882799105
 30
0.0
 11
1118.0
 21
-4143.07882799105
 31
0.0
  0
LINE
  5
11D1
330
17
100
AcDbEntity
  8
IV_OUTER_PROFILE
100
AcDbLine
 10
1040.0
 20
-4247.07882799105
 30
0.0
 11
1040.0
 21
-4145.07882799105
 31
0.0
  0
ARC
  5
11D2
330
17
100
AcDbEntity
  8
IV_OUTER_PROFILE
100
AcDbCircle
 10
1042.0
 20
-4247.07882799105
 30
0.0
 40
2.0
100
AcDbArc
 50
180.0
 51
270.0
  0
LINE
  5
11D3
330
17
100
AcDbEntity
  8
IV_OUTER_PROFILE
100
AcDbLine
 10
1118.0
 20
-4249.07882799105
 30
0.0
 11
1042.0
 21
-4249.07882799105
 31
0.0
  0
ARC
  5
11D4
330
17
100
AcDbEntity
  8
IV_OUTER_PROFILE
100
AcDbCircle
 10
1118.0
 20
-4247.07882799105
 30
0.0
 40
1.999999999999999
100
AcDbArc
 50
270.0
 51
4.796e-13
  0
LINE
  5
11D5
330
17
100
AcDbEntity
  8
IV_OUTER_PROFILE
100
AcDbLine
 10
1120.0
 20
-4145.07882799105
 30
0.0
 11
1120.0
 21
-4247.07882799105
 31
0.0
  0
ARC
  5
11D6
330
17
100
AcDbEntity
  8
IV_OUTER_PROFILE
100
AcDbCircle
 10
1118.0
 20
-4145.07882799105
 30
0.0
 40
2.0
100
AcDbArc
 50
0.0
 51
90.0
  0
TEXT
  5
11D7
330
17
100
AcDbEntity
  8
LABELS
100
AcDbText
 10
0.0
 20
-4211.07882799105
 30
0.0
 40
30.0
  1
NDV-2104 s3mm x12
 11
0.0
 21
-4211.07882799105
 31
0.0
100
AcDbText
  0
ARC
  5
11D8
330
17
100
AcDbEntity
  8
IV_INTERIOR_PROFILES
100
AcDbCircle
 10
1065.4
 20
-4403.678827991051
 30
0.0
 40
0.5000000000000001
100
AcDbArc
 50
179.9999999999997
 51
270.0
  0
LINE
  5
11D9
330
17
100
AcDbEntity
  8
IV_INTERIOR_PROFILES
100
AcDbLine
 10
1104.6
 20
-4404.178827991051
 30
0.0
 11
1065.4
 21
-4404.178827991051
 31
0.0
  0
ARC
  5
11DA
330
17
100
AcDbEntity
  8
IV_INTERIOR_PROFILES
100
AcDbCircle
 10
1065.4
 20
-4364.47882799105
 30
0.0
 40
0.5000000000000001
100
AcDbArc
 50
90.0
 51
180.0
  0
LINE
  5
11DB
330
17
100
AcDbEntity
  8
IV_INTERIOR_PROFILES
100
AcDbLine
 10
1064.9
 20
-4403.678827991051
 30
0.0
 11
1064.9
 21
-4364.47882799105
 31
0.0
  0
ARC
  5
11DC
330
17
100
AcDbEntity
  8
IV_INTERIOR_PROFILES
100
AcDbCircle
 10
1104.6
 20
-4364.47882799105
 30
0.0
 40
0.5000000000000001
100
AcDbArc
 50
0.0
 51
90.0
  0
LINE
  5
11DD
330
17
100
AcDbEntity
  8
IV_INTERIOR_PROFILES
100
AcDbLine
 10
1065.4
 20
-4363.97882799105
 30
0.0
 11
1104.6
 21
-4363.97882799105
 31
0.0
  0
ARC
  5
11DE
330
17
100
AcDbEntity
  8
IV_INTERIOR_PROFILES
100
AcDbCircle
 10
1104.6
 20
-4403.678827991051
 30
0.0
 40
0.5
100
AcDbArc
 50
270.0
 51
359.9999999999997
  0
LINE
  5
11DF
330
17
100
AcDbEntity
  8
IV_INTERIOR_PROFILES
100
AcDbLine
 10
1105.1
 20
-4364.47882799105
 30
0.0
 11
1105.1
 21
-4403.678827991051
 31
0.0
  0
CIRCLE
  5
11E0
330
17
100
AcDbEntity
  8
IV_INTERIOR_PROFILES
100
AcDbCircle
 10
1123.0
 20
-4412.07882799105
 30
0.0
 40
2.749999999999999
  0
CIRCLE
  5
11E1
330
17
100
AcDbEntity
  8
IV_INTERIOR_PROFILES
100
AcDbCircle
 10
1123.0
 20
-4356.07882799105
 30
0.0
 40
2.749999999999999
  0
CIRCLE
  5
11E2
330
17
100
AcDbEntity
  8
IV_INTERIOR_PROFILES
100
AcDbCircle
 10
1047.0
 20
-4412.07882799105
 30
0.0
 40
2.750000000000003
  0
CIRCLE
  5
11E3
330
17
100
AcDbEntity
  8
IV_INTERIOR_PROFILES
100
AcDbCircle
 10
1047.0
 20
-4356.07882799105
 30
0.0
 40
2.750000000000003
  0
ARC
  5
11E4
330
17
100
AcDbEntity
  8
IV_OUTER_PROFILE
100
AcDbCircle
 10
1043.0
 20
-4416.07882799105
 30
0.0
 40
3.0
100
AcDbArc
 50
180.0
 51
270.0
  0
LINE
  5
11E5
330
17
100
AcDbEntity
  8
IV_OUTER_PROFILE
100
AcDbLine
 10
1040.0
 20
-4416.07882799105
 30
0.0
 11
1040.0
 21
-4352.07882799105
 31
0.0
  0
LINE
  5
11E6
330
17
100
AcDbEntity
  8
IV_OUTER_PROFILE
100
AcDbLine
 10
1127.0
 20
-4419.07882799105
 30
0.0
 11
1043.0
 21
-4419.07882799105
 31
0.0
  0
ARC
  5
11E7
330
17
100
AcDbEntity
  8
IV_OUTER_PROFILE
100
AcDbCircle
 10
1127.0
 20
-4416.07882799105
 30
0.0
 40
3.0
100
AcDbArc
 50
270.0
 51
0.0
  0
LINE
  5
11E8
330
17
100
AcDbEntity
  8
IV_OUTER_PROFILE
100
AcDbLine
 10
1130.0
 20
-4352.07882799105
 30
0.0
 11
1130.0
 21
-4416.07882799105
 31
0.0
  0
ARC
  5
11E9
330
17
100
AcDbEntity
  8
IV_OUTER_PROFILE
100
AcDbCircle
 10
1127.0
 20
-4352.07882799105
 30
0.0
 40
3.0
100
AcDbArc
 50
0.0
 51
90.0
  0
LINE
  5
11EA
330
17
100
AcDbEntity
  8
IV_OUTER_PROFILE
100
AcDbLine
 10
1043.0
 20
-4349.07882799105
 30
0.0
 11
1127.0
 21
-4349.07882799105
 31
0.0
  0
ARC
  5
11EB
330
17
100
AcDbEntity
  8
IV_OUTER_PROFILE
100
AcDbCircle
 10
1043.0
 20
-4352.07882799105
 30
0.0
 40
3.0
100
AcDbArc
 50
90.0
 51
180.0
  0
TEXT
  5
11EC
330
17
100
AcDbEntity
  8
LABELS
100
AcDbText
 10
0.0
 20
-4399.07882799105
 30
0.0
 40
30.0
  1
NDV-3001 s3mm x72
 11
0.0
 21
-4399.07882799105
 31
0.0
100
AcDbText
  0
LINE
  5
11ED
330
17
100
AcDbEntity
  8
IV_INTERIOR_PROFILES
100
AcDbLine
 10
1250.1787155501902
 20
-4742.07882799105
 30
0.0
 11
1307.0
 21
-4798.9001124408605
 31
0.0
  0
LINE
  5
11EE
330
17
100
AcDbEntity
  8
IV_INTERIOR_PROFILES
100
AcDbLine
 10
1307.0
 20
-4798.9001124408605
 30
0.0
 11
1307.0
 21
-4879.257543541241
 31
0.0
  0
LINE
  5
11EF
330
17
100
AcDbEntity
  8
IV_INTERIOR_PROFILES
100
AcDbLine
 10
1307.0
 20
-4879.257543541241
 30
0.0
 11
1250.1787155501902
 21
-4936.07882799105
 31
0.0
  0
LINE
  5
11F0
330
17
100
AcDbEntity
  8
IV_INTERIOR_PROFILES
100
AcDbLine
 10
1250.1787155501902
 20
-4936.07882799105
 30
0.0
 11
1169.8212844498098
 21
-4936.07882799105
 31
0.0
  0
LINE
  5
11F1
330
17
100
AcDbEntity
  8
IV_INTERIOR_PROFILES
100
AcDbLine
 10
1169.8212844498098
 20
-4936.07882799105
 30
0.0
 11
1113.0
 21
-4879.257543541241
 31
0.0
  0
LINE
  5
11F2
330
17
100
AcDbEntity
  8
IV_INTERIOR_PROFILES
100
AcDbLine
 10
1113.0
 20
-4879.257543541241
 30
0.0
 11
1113.0
 21
-4798.9001124408605
 31
0.0
  0
LINE
  5
11F3
330
17
100
AcDbEntity
  8
IV_INTERIOR_PROFILES
100
AcDbLine
 10
1113.0
 20
-4798.9001124408605
 30
0.0
 11
1169.8212844498098
 21
-4742.07882799105
 31
0.0
  0
LINE
  5
11F4
330
17
100
AcDbEntity
  8
IV_INTERIOR_PROFILES
100
AcDbLine
 10
1169.8212844498098
 20
-4742.07882799105
 30
0.0
 11
1250.1787155501902
 21
-4742.07882799105
 31
0.0
  0
CIRCLE
  5
11F5
330
17
100
AcDbEntity
  8
IV_INTERIOR_PROFILES
100
AcDbCircle
 10
1153.5541937261492
 20
-4975.351059036465
 30
0.0
 40
11.0
  0
CIRCLE
  5
11F6
330
17
100
AcDbEntity
  8
IV_INTERIOR_PROFILES
100
AcDbCircle
 10
1073.7277689545851
 20
-4895.524634264901
 30
0.0
 40
11.0
  0
CIRCLE
  5
11F7
330
17
100
AcDbEntity
  8
IV_INTERIOR_PROFILES
100
AcDbCircle
 10
1073.7277689545851
 20
-4782.6330217172
 30
0.0
 40
11.0
  0
CIRCLE
  5
11F8
330
17
100
AcDbEntity
  8
IV_INTERIOR_PROFILES
100
AcDbCircle
 10
1153.5541937261492
 20
-4702.806596945636
 30
0.0
 40
11.0
  0
CIRCLE
  5
11F9
330
17
100
AcDbEntity
  8
IV_INTERIOR_PROFILES
100
AcDbCircle
 10
1266.4458062738508
 20
-4702.806596945636
 30
0.0
 40
11.0
  0
CIRCLE
  5
11FA
330
17
100
AcDbEntity
  8
IV_INTERIOR_PROFILES
100
AcDbCircle
 10
1346.2722310454149
 20
-4782.6330217172
 30
0.0
 40
11.0
  0
CIRCLE
  5
11FB
330
17
100
AcDbEntity
  8
IV_INTERIOR_PROFILES
100
AcDbCircle
 10
1346.2722310454149
 20
-4895.524634264901
 30
0.0
 40
11.0
  0
CIRCLE
  5
11FC
330
17
100
AcDbEntity
  8
IV_INTERIOR_PROFILES
100
AcDbCircle
 10
1266.4458062738508
 20
-4975.351059036465
 30
0.0
 40
11.0
  0
CIRCLE
  5
11FD
330
17
100
AcDbEntity
  8
IV_OUTER_PROFILE
100
AcDbCircle
 10
1210.0
 20
-4839.07882799105
 30
0.0
 40
170.0
  0
TEXT
  5
11FE
330
17
100
AcDbEntity
  8
LABELS
100
AcDbText
 10
0.0
 20
-4854.07882799105
 30
0.0
 40
30.0
  1
NDV-1103 s5mm x3
 11
0.0
 21
-4854.07882799105
 31
0.0
100
AcDbText
  0
LINE
  5
11FF
330
17
100
AcDbEntity
  8
IV_INTERIOR_PROFILES
100
AcDbLine
 10
1248.4213562373095
 20
-5176.07882799105
 30
0.0
 11
1307.0
 21
-5234.6574717537405
 31
0.0
  0
LINE
  5
1200
330
17
100
AcDbEntity
  8
IV_INTERIOR_PROFILES
100
AcDbLine
 10
1307.0
 20
-5234.6574717537405
 30
0.0
 11
1307.0
 21
-5317.50018422836
 31
0.0
  0
LINE
  5
1201
330
17
100
AcDbEntity
  8
IV_INTERIOR_PROFILES
100
AcDbLine
 10
1307.0
 20
-5317.50018422836
 30
0.0
 11
1248.4213562373093
 21
-5376.07882799105
 31
0.0
  0
LINE
  5
1202
330
17
100
AcDbEntity
  8
IV_INTERIOR_PROFILES
100
AcDbLine
 10
1248.4213562373093
 20
-5376.07882799105
 30
0.0
 11
1165.5786437626905
 21
-5376.07882799105
 31
0.0
  0
LINE
  5
1203
330
17
100
AcDbEntity
  8
IV_INTERIOR_PROFILES
100
AcDbLine
 10
1165.5786437626905
 20
-5376.07882799105
 30
0.0
 11
1107.0
 21
-5317.50018422836
 31
0.0
  0
LINE
  5
1204
330
17
100
AcDbEntity
  8
IV_INTERIOR_PROFILES
100
AcDbLine
 10
1107.0
 20
-5317.50018422836
 30
0.0
 11
1107.0
 21
-5234.6574717537405
 31
0.0
  0
LINE
  5
1205
330
17
100
AcDbEntity
  8
IV_INTERIOR_PROFILES
100
AcDbLine
 10
1107.0
 20
-5234.6574717537405
 30
0.0
 11
1165.5786437626905
 21
-5176.07882799105
 31
0.0
  0
LINE
  5
1206
330
17
100
AcDbEntity
  8
IV_INTERIOR_PROFILES
100
AcDbLine
 10
1165.5786437626905
 20
-5176.07882799105
 30
0.0
 11
1248.4213562373095
 21
-5176.07882799105
 31
0.0
  0
CIRCLE
  5
1207
330
17
100
AcDbEntity
  8
IV_INTERIOR_PROFILES
100
AcDbCircle
 10
1150.5541937261492
 20
-5412.351059036465
 30
0.0
 40
11.0
  0
CIRCLE
  5
1208
330
17
100
AcDbEntity
  8
IV_INTERIOR_PROFILES
100
AcDbCircle
 10
1070.7277689545851
 20
-5332.524634264901
 30
0.0
 40
11.0
  0
CIRCLE
  5
1209
330
17
100
AcDbEntity
  8
IV_INTERIOR_PROFILES
100
AcDbCircle
 10
1070.7277689545851
 20
-5219.6330217172
 30
0.0
 40
11.0
  0
CIRCLE
  5
120A
330
17
100
AcDbEntity
  8
IV_INTERIOR_PROFILES
100
AcDbCircle
 10
1150.5541937261492
 20
-5139.806596945636
 30
0.0
 40
11.0
  0
CIRCLE
  5
120B
330
17
100
AcDbEntity
  8
IV_INTERIOR_PROFILES
100
AcDbCircle
 10
1263.4458062738506
 20
-5139.806596945636
 30
0.0
 40
11.0
  0
CIRCLE
  5
120C
330
17
100
AcDbEntity
  8
IV_INTERIOR_PROFILES
100
AcDbCircle
 10
1343.2722310454149
 20
-5219.6330217172
 30
0.0
 40
11.0
  0
CIRCLE
  5
120D
330
17
100
AcDbEntity
  8
IV_INTERIOR_PROFILES
100
AcDbCircle
 10
1343.2722310454149
 20
-5332.524634264901
 30
0.0
 40
11.0
  0
CIRCLE
  5
120E
330
17
100
AcDbEntity
  8
IV_INTERIOR_PROFILES
100
AcDbCircle
 10
1263.4458062738508
 20
-5412.351059036465
 30
0.0
 40
11.0
  0
CIRCLE
  5
120F
330
17
100
AcDbEntity
  8
IV_OUTER_PROFILE
100
AcDbCircle
 10
1207.0
 20
-5276.07882799105
 30
0.0
 40
167.0
  0
TEXT
  5
1210
330
17
100
AcDbEntity
  8
LABELS
100
AcDbText
 10
0.0
 20
-5291.07882799105
 30
0.0
 40
30.0
  1
NDV-1104 s5mm x3
 11
0.0
 21
-5291.07882799105
 31
0.0
100
AcDbText
  0
CIRCLE
  5
1211
330
17
100
AcDbEntity
  8
IV_INTERIOR_PROFILES
100
AcDbCircle
 10
1210.0
 20
-5713.07882799105
 30
0.0
 40
110.5
  0
CIRCLE
  5
1212
330
17
100
AcDbEntity
  8
IV_INTERIOR_PROFILES
100
AcDbCircle
 10
1153.5541937261492
 20
-5849.351059036465
 30
0.0
 40
11.0
  0
CIRCLE
  5
1213
330
17
100
AcDbEntity
  8
IV_INTERIOR_PROFILES
100
AcDbCircle
 10
1073.7277689545851
 20
-5769.524634264901
 30
0.0
 40
11.0
  0
CIRCLE
  5
1214
330
17
100
AcDbEntity
  8
IV_INTERIOR_PROFILES
100
AcDbCircle
 10
1073.7277689545851
 20
-5656.6330217172
 30
0.0
 40
11.0
  0
CIRCLE
  5
1215
330
17
100
AcDbEntity
  8
IV_INTERIOR_PROFILES
100
AcDbCircle
 10
1153.5541937261492
 20
-5576.806596945636
 30
0.0
 40
11.0
  0
CIRCLE
  5
1216
330
17
100
AcDbEntity
  8
IV_INTERIOR_PROFILES
100
AcDbCircle
 10
1266.4458062738508
 20
-5576.806596945636
 30
0.0
 40
11.0
  0
CIRCLE
  5
1217
330
17
100
AcDbEntity
  8
IV_INTERIOR_PROFILES
100
AcDbCircle
 10
1346.2722310454149
 20
-5656.6330217172
 30
0.0
 40
11.0
  0
CIRCLE
  5
1218
330
17
100
AcDbEntity
  8
IV_INTERIOR_PROFILES
100
AcDbCircle
 10
1346.2722310454149
 20
-5769.524634264901
 30
0.0
 40
11.0
  0
CIRCLE
  5
1219
330
17
100
AcDbEntity
  8
IV_INTERIOR_PROFILES
100
AcDbCircle
 10
1266.4458062738508
 20
-5849.351059036465
 30
0.0
 40
11.0
  0
CIRCLE
  5
121A
330
17
100
AcDbEntity
  8
IV_OUTER_PROFILE
100
AcDbCircle
 10
1210.0
 20
-5713.07882799105
 30
0.0
 40
170.0
  0
TEXT
  5
121B
330
17
100
AcDbEntity
  8
LABELS
100
AcDbText
 10
0.0
 20
-5728.07882799105
 30
0.0
 40
30.0
  1
NDV-4101 s5mm x3
 11
0.0
 21
-5728.07882799105
 31
0.0
100
AcDbText
  0
CIRCLE
  5
121C
330
17
100
AcDbEntity
  8
IV_INTERIOR_PROFILES
100
AcDbCircle
 10
1207.0
 20
-6150.07882799105
 30
0.0
 40
113.5
  0
CIRCLE
  5
121D
330
17
100
AcDbEntity
  8
IV_INTERIOR_PROFILES
100
AcDbCircle
 10
1150.5541937261492
 20
-6286.351059036465
 30
0.0
 40
11.0
  0
CIRCLE
  5
121E
330
17
100
AcDbEntity
  8
IV_INTERIOR_PROFILES
100
AcDbCircle
 10
1070.7277689545851
 20
-6206.524634264901
 30
0.0
 40
11.0
  0
CIRCLE
  5
121F
330
17
100
AcDbEntity
  8
IV_INTERIOR_PROFILES
100
AcDbCircle
 10
1070.7277689545851
 20
-6093.6330217172
 30
0.0
 40
11.0
  0
CIRCLE
  5
1220
330
17
100
AcDbEntity
  8
IV_INTERIOR_PROFILES
100
AcDbCircle
 10
1150.5541937261492
 20
-6013.806596945636
 30
0.0
 40
11.0
  0
CIRCLE
  5
1221
330
17
100
AcDbEntity
  8
IV_INTERIOR_PROFILES
100
AcDbCircle
 10
1263.4458062738506
 20
-6013.806596945636
 30
0.0
 40
11.0
  0
CIRCLE
  5
1222
330
17
100
AcDbEntity
  8
IV_INTERIOR_PROFILES
100
AcDbCircle
 10
1343.2722310454149
 20
-6093.6330217172
 30
0.0
 40
11.0
  0
CIRCLE
  5
1223
330
17
100
AcDbEntity
  8
IV_INTERIOR_PROFILES
100
AcDbCircle
 10
1343.2722310454149
 20
-6206.524634264901
 30
0.0
 40
11.0
  0
CIRCLE
  5
1224
330
17
100
AcDbEntity
  8
IV_INTERIOR_PROFILES
100
AcDbCircle
 10
1263.4458062738508
 20
-6286.351059036465
 30
0.0
 40
11.0
  0
CIRCLE
  5
1225
330
17
100
AcDbEntity
  8
IV_OUTER_PROFILE
100
AcDbCircle
 10
1207.0
 20
-6150.07882799105
 30
0.0
 40
167.0
  0
TEXT
  5
1226
330
17
100
AcDbEntity
  8
LABELS
100
AcDbText
 10
0.0
 20
-6165.07882799105
 30
0.0
 40
30.0
  1
NDV-4102 s5mm x3
 11
0.0
 21
-6165.07882799105
 31
0.0
100
AcDbText
  0
LINE
  5
122A
330
17
100
AcDbEntity
  8
IV_BEND_DOWN
100
AcDbLine
 10
1040.0000000000002
 20
-2647.888762698327
 30
0.0
 11
1245.0
 21
-2647.888762698327
 31
0.0
  0
CIRCLE
  5
122B
330
17
100
AcDbEntity
  8
IV_INTERIOR_PROFILES
100
AcDbCircle
 10
1160.0
 20
-2477.442192173299
 30
0.0
 40
2.750000000000003
  0
CIRCLE
  5
122C
330
17
100
AcDbEntity
  8
IV_INTERIOR_PROFILES
100
AcDbCircle
 10
1231.5
 20
-2548.942192173299
 30
0.0
 40
2.749999999999999
  0
CIRCLE
  5
122D
330
17
100
AcDbEntity
  8
IV_INTERIOR_PROFILES
100
AcDbCircle
 10
1088.5000000000002
 20
-2620.442192173299
 30
0.0
 40
2.749999999999999
  0
CIRCLE
  5
122E
330
17
100
AcDbEntity
  8
IV_INTERIOR_PROFILES
100
AcDbCircle
 10
1231.5
 20
-2477.442192173299
 30
0.0
 40
2.750000000000003
  0
CIRCLE
  5
122F
330
17
100
AcDbEntity
  8
IV_INTERIOR_PROFILES
100
AcDbCircle
 10
1231.5
 20
-2620.442192173299
 30
0.0
 40
2.749999999999999
  0
CIRCLE
  5
1230
330
17
100
AcDbEntity
  8
IV_INTERIOR_PROFILES
100
AcDbCircle
 10
1088.5
 20
-2477.442192173299
 30
0.0
 40
2.750000000000003
  0
CIRCLE
  5
1231
330
17
100
AcDbEntity
  8
IV_INTERIOR_PROFILES
100
AcDbCircle
 10
1088.5
 20
-2548.942192173299
 30
0.0
 40
2.749999999999999
  0
CIRCLE
  5
1232
330
17
100
AcDbEntity
  8
IV_INTERIOR_PROFILES
100
AcDbCircle
 10
1160.0000000000002
 20
-2620.442192173299
 30
0.0
 40
2.749999999999999
  0
CIRCLE
  5
1233
330
17
100
AcDbEntity
  8
IV_INTERIOR_PROFILES
100
AcDbCircle
 10
1160.0000000000002
 20
-2819.8353332233546
 30
0.0
 40
2.750000000000003
  0
CIRCLE
  5
1234
330
17
100
AcDbEntity
  8
IV_INTERIOR_PROFILES
100
AcDbCircle
 10
1088.5000000000002
 20
-2748.3353332233546
 30
0.0
 40
2.750000000000003
  0
CIRCLE
  5
1235
330
17
100
AcDbEntity
  8
IV_INTERIOR_PROFILES
100
AcDbCircle
 10
1088.5000000000002
 20
-2676.8353332233546
 30
0.0
 40
2.749999999999985
  0
CIRCLE
  5
1236
330
17
100
AcDbEntity
  8
IV_INTERIOR_PROFILES
100
AcDbCircle
 10
1231.5
 20
-2819.8353332233546
 30
0.0
 40
2.750000000000003
  0
CIRCLE
  5
1237
330
17
100
AcDbEntity
  8
IV_INTERIOR_PROFILES
100
AcDbCircle
 10
1231.5
 20
-2676.8353332233546
 30
0.0
 40
2.749999999999985
  0
CIRCLE
  5
1238
330
17
100
AcDbEntity
  8
IV_INTERIOR_PROFILES
100
AcDbCircle
 10
1088.5000000000002
 20
-2819.8353332233546
 30
0.0
 40
2.750000000000003
  0
CIRCLE
  5
1239
330
17
100
AcDbEntity
  8
IV_INTERIOR_PROFILES
100
AcDbCircle
 10
1231.5
 20
-2748.3353332233546
 30
0.0
 40
2.750000000000003
  0
CIRCLE
  5
123A
330
17
100
AcDbEntity
  8
IV_INTERIOR_PROFILES
100
AcDbCircle
 10
1160.0000000000002
 20
-2676.8353332233546
 30
0.0
 40
2.749999999999985
  0
LINE
  5
123B
330
17
100
AcDbEntity
  8
IV_INTERIOR_PROFILES
100
AcDbLine
 10
1103.2500000000002
 20
-2803.5853332233546
 30
0.0
 11
1103.2500000000002
 21
-2693.0853332233546
 31
0.0
  0
LINE
  5
123C
330
17
100
AcDbEntity
  8
IV_INTERIOR_PROFILES
100
AcDbLine
 10
1216.75
 20
-2803.5853332233546
 30
0.0
 11
1103.2500000000002
 21
-2803.5853332233546
 31
0.0
  0
LINE
  5
123D
330
17
100
AcDbEntity
  8
IV_INTERIOR_PROFILES
100
AcDbLine
 10
1216.7500000000002
 20
-2693.0853332233546
 30
0.0
 11
1216.75
 21
-2803.5853332233546
 31
0.0
  0
LINE
  5
123E
330
17
100
AcDbEntity
  8
IV_INTERIOR_PROFILES
100
AcDbLine
 10
1103.2500000000002
 20
-2693.0853332233546
 30
0.0
 11
1216.7500000000002
 21
-2693.0853332233546
 31
0.0
  0
LINE
  5
123F
330
17
100
AcDbEntity
  8
IV_INTERIOR_PROFILES
100
AcDbLine
 10
1103.25
 20
-2604.192192173299
 30
0.0
 11
1103.25
 21
-2493.692192173299
 31
0.0
  0
LINE
  5
1240
330
17
100
AcDbEntity
  8
IV_INTERIOR_PROFILES
100
AcDbLine
 10
1103.25
 20
-2493.692192173299
 30
0.0
 11
1216.75
 21
-2493.692192173299
 31
0.0
  0
LINE
  5
1241
330
17
100
AcDbEntity
  8
IV_INTERIOR_PROFILES
100
AcDbLine
 10
1216.75
 20
-2493.692192173299
 30
0.0
 11
1216.75
 21
-2604.192192173299
 31
0.0
  0
LINE
  5
1242
330
17
100
AcDbEntity
  8
IV_INTERIOR_PROFILES
100
AcDbLine
 10
1216.75
 20
-2604.192192173299
 30
0.0
 11
1103.25
 21
-2604.192192173299
 31
0.0
  0
LINE
  5
1243
330
17
100
AcDbEntity
  8
IV_OUTER_PROFILE
100
AcDbLine
 10
1040.0000000000002
 20
-2851.3353332233546
 30
0.0
 11
1040.0
 21
-2447.442192173299
 31
0.0
  0
LINE
  5
1244
330
17
100
AcDbEntity
  8
IV_OUTER_PROFILE
100
AcDbLine
 10
1245.0
 20
-2447.442192173299
 30
0.0
 11
1245.0000000000002
 21
-2851.3353332233546
 31
0.0
  0
LINE
  5
1245
330
17
100
AcDbEntity
  8
IV_OUTER_PROFILE
100
AcDbLine
 10
1245.0000000000002
 20
-2851.3353332233546
 30
0.0
 11
1040.0000000000002
 21
-2851.3353332233546
 31
0.0
  0
LINE
  5
1246
330
17
100
AcDbEntity
  8
IV_OUTER_PROFILE
100
AcDbLine
 10
1040.0
 20
-2447.442192173299
 30
0.0
 11
1245.0
 21
-2447.442192173299
 31
0.0
  0
ARC
  5
1247
330
17
100
AcDbEntity
  8
IV_INTERIOR_PROFILES
100
AcDbCircle
 10
1173.1
 20
-3911.4788279910504
 30
0.0
 40
0.5
100
AcDbArc
 50
0.0
 51
90.0
  0
LINE
  5
1248
330
17
100
AcDbEntity
  8
IV_INTERIOR_PROFILES
100
AcDbLine
 10
1066.9
 20
-3910.9788279910504
 30
0.0
 11
1173.1
 21
-3910.9788279910504
 31
0.0
  0
ARC
  5
1249
330
17
100
AcDbEntity
  8
IV_INTERIOR_PROFILES
100
AcDbCircle
 10
1066.9
 20
-3911.4788279910504
 30
0.0
 40
0.5
100
AcDbArc
 50
90.0
 51
180.0
  0
LINE
  5
124A
330
17
100
AcDbEntity
  8
IV_INTERIOR_PROFILES
100
AcDbLine
 10
1066.3999999999999
 20
-4014.67882799105
 30
0.0
 11
1066.4
 21
-3911.4788279910504
 31
0.0
  0
ARC
  5
124B
330
17
100
AcDbEntity
  8
IV_INTERIOR_PROFILES
100
AcDbCircle
 10
1066.9
 20
-4014.67882799105
 30
0.0
 40
0.5
100
AcDbArc
 50
180.0
 51
270.0
  0
LINE
  5
124C
330
17
100
AcDbEntity
  8
IV_INTERIOR_PROFILES
100
AcDbLine
 10
1173.1
 20
-4015.17882799105
 30
0.0
 11
1066.9
 21
-4015.17882799105
 31
0.0
  0
ARC
  5
124D
330
17
100
AcDbEntity
  8
IV_INTERIOR_PROFILES
100
AcDbCircle
 10
1173.1
 20
-4014.67882799105
 30
0.0
 40
0.5
100
AcDbArc
 50
270.0
 51
0.0
  0
LINE
  5
124E
330
17
100
AcDbEntity
  8
IV_INTERIOR_PROFILES
100
AcDbLine
 10
1173.6
 20
-3911.4788279910504
 30
0.0
 11
1173.6
 21
-4014.67882799105
 31
0.0
  0
CIRCLE
  5
124F
330
17
100
AcDbEntity
  8
IV_INTERIOR_PROFILES
100
AcDbCircle
 10
1120.0
 20
-3891.5788279910503
 30
0.0
 40
2.749999999999999
  0
CIRCLE
  5
1250
330
17
100
AcDbEntity
  8
IV_INTERIOR_PROFILES
100
AcDbCircle
 10
1048.5
 20
-3963.0788279910503
 30
0.0
 40
2.75
  0
CIRCLE
  5
1251
330
17
100
AcDbEntity
  8
IV_INTERIOR_PROFILES
100
AcDbCircle
 10
1120.0
 20
-4034.5788279910503
 30
0.0
 40
2.749999999999999
  0
CIRCLE
  5
1252
330
17
100
AcDbEntity
  8
IV_INTERIOR_PROFILES
100
AcDbCircle
 10
1191.5
 20
-3963.0788279910503
 30
0.0
 40
2.75
  0
CIRCLE
  5
1253
330
17
100
AcDbEntity
  8
IV_INTERIOR_PROFILES
100
AcDbCircle
 10
1191.5
 20
-4034.5788279910503
 30
0.0
 40
2.75
  0
CIRCLE
  5
1254
330
17
100
AcDbEntity
  8
IV_INTERIOR_PROFILES
100
AcDbCircle
 10
1191.5
 20
-3891.5788279910503
 30
0.0
 40
2.75
  0
CIRCLE
  5
1255
330
17
100
AcDbEntity
  8
IV_INTERIOR_PROFILES
100
AcDbCircle
 10
1048.5
 20
-3891.5788279910503
 30
0.0
 40
2.75
  0
CIRCLE
  5
1256
330
17
100
AcDbEntity
  8
IV_INTERIOR_PROFILES
100
AcDbCircle
 10
1048.5
 20
-4034.5788279910503
 30
0.0
 40
2.75
  0
ARC
  5
1257
330
17
100
AcDbEntity
  8
IV_OUTER_PROFILE
100
AcDbCircle
 10
1043.0
 20
-3886.0788279910503
 30
0.0
 40
3.000000000000001
100
AcDbArc
 50
90.0
 51
180.0
  0
LINE
  5
1258
330
17
100
AcDbEntity
  8
IV_OUTER_PROFILE
100
AcDbLine
 10
1043.0
 20
-3883.0788279910503
 30
0.0
 11
1197.0
 21
-3883.0788279910503
 31
0.0
  0
LINE
  5
1259
330
17
100
AcDbEntity
  8
IV_OUTER_PROFILE
100
AcDbLine
 10
1040.0
 20
-4040.0788279910503
 30
0.0
 11
1040.0
 21
-3886.0788279910503
 31
0.0
  0
ARC
  5
125A
330
17
100
AcDbEntity
  8
IV_OUTER_PROFILE
100
AcDbCircle
 10
1043.0
 20
-4040.0788279910503
 30
0.0
 40
3.000000000000001
100
AcDbArc
 50
180.0
 51
270.0
  0
LINE
  5
125B
330
17
100
AcDbEntity
  8
IV_OUTER_PROFILE
100
AcDbLine
 10
1197.0
 20
-4043.0788279910503
 30
0.0
 11
1043.0
 21
-4043.0788279910503
 31
0.0
  0
ARC
  5
125C
330
17
100
AcDbEntity
  8
IV_OUTER_PROFILE
100
AcDbCircle
 10
1197.0
 20
-4040.0788279910503
 30
0.0
 40
3.000000000000001
100
AcDbArc
 50
270.0
 51
3.197e-13
  0
LINE
  5
125D
330
17
100
AcDbEntity
  8
IV_OUTER_PROFILE
100
AcDbLine
 10
1200.0
 20
-3886.0788279910503
 30
0.0
 11
1200.0
 21
-4040.0788279910503
 31
0.0
  0
ARC
  5
125E
330
17
100
AcDbEntity
  8
IV_OUTER_PROFILE
100
AcDbCircle
 10
1197.0
 20
-3886.0788279910503
 30
0.0
 40
3.000000000000001
100
AcDbArc
 50
0.0
 51
90.0
  0
ENDSEC
  0
SECTION
  2
OBJECTS
  0
DICTIONARY
  5
A
330
0
100
AcDbDictionary
281
1
  3
ACAD_COLOR
350
B
  3
ACAD_GROUP
350
C
  3
ACAD_LAYOUT
350
D
  3
ACAD_MATERIAL
350
E
  3
ACAD_MLEADERSTYLE
350
F
  3
ACAD_MLINESTYLE
350
10
  3
ACAD_PLOTSETTINGS
350
11
  3
ACAD_PLOTSTYLENAME
350
12
  3
ACAD_SCALELIST
350
14
  3
ACAD_TABLESTYLE
350
15
  3
ACAD_VISUALSTYLE
350
16
  3
EZDXF_META
350
2D
  0
DICTIONARY
  5
B
330
A
100
AcDbDictionary
281
1
  0
DICTIONARY
  5
C
330
A
100
AcDbDictionary
281
1
  0
DICTIONARY
  5
D
330
A
100
AcDbDictionary
281
1
  3
Model
350
1A
  3
Layout1
350
1E
  0
DICTIONARY
  5
E
330
A
100
AcDbDictionary
281
1
  3
ByBlock
350
1F
  3
ByLayer
350
20
  3
Global
350
21
  0
DICTIONARY
  5
F
330
A
100
AcDbDictionary
281
1
  3
Standard
350
2C
  0
DICTIONARY
  5
10
330
A
100
AcDbDictionary
281
1
  3
Standard
350
22
  0
DICTIONARY
  5
11
330
A
100
AcDbDictionary
281
1
  0
ACDBDICTIONARYWDFLT
  5
12
330
A
100
AcDbDictionary
281
1
  3
Normal
350
13
100
AcDbDictionaryWithDefault
340
13
  0
ACDBPLACEHOLDER
  5
13
330
12
  0
DICTIONARY
  5
14
330
A
100
AcDbDictionary
281
1
  0
DICTIONARY
  5
15
330
A
100
AcDbDictionary
281
1
  0
DICTIONARY
  5
16
330
A
100
AcDbDictionary
281
1
  3
2dWireframe
350
5A
  3
Basic
350
5B
  3
Brighten
350
5C
  3
ColorChange
350
5D
  3
Conceptual
350
5E
  3
Dim
350
5F
  3
EdgeColorOff
350
60
  3
Facepattern
350
61
  3
Flat
350
62
  3
FlatWithEdges
350
63
  3
Gouraud
350
64
  3
GouraudWithEdges
350
65
  3
Hidden
350
66
  3
JitterOff
350
67
  3
Linepattern
350
68
  3
Modeling
350
69
  3
OverhangOff
350
6A
  3
Realistic
350
6B
  3
Shaded
350
6C
  3
Shaded with edges
350
6D
  3
Shades of Gray
350
6E
  3
Sketchy
350
6F
  3
Thicken
350
70
  3
Wireframe
350
71
  3
X-Ray
350
72
  0
LAYOUT
  5
1A
330
D
100
AcDbPlotSettings
  1

  4
A3
  6

 40
7.5
 41
20.0
 42
7.5
 43
20.0
 44
420.0
 45
297.0
 46
0.0
 47
0.0
 48
0.0
 49
0.0
140
0.0
141
0.0
142
1.0
143
1.0
 70
1024
 72
1
 73
0
 74
5
  7

 75
16
 76
0
 77
2
 78
300
147
1.0
148
0.0
149
0.0
100
AcDbLayout
  1
Model
 70
1
 71
0
 10
0.0
 20
0.0
 11
420.0
 21
297.0
 12
0.0
 22
0.0
 32
0.0
 14
1e+20
 24
1e+20
 34
1e+20
 15
-1e+20
 25
-1e+20
 35
-1e+20
146
0.0
 13
0.0
 23
0.0
 33
0.0
 16
1.0
 26
0.0
 36
0.0
 17
0.0
 27
1.0
 37
0.0
 76
1
330
17
  0
LAYOUT
  5
1E
330
D
100
AcDbPlotSettings
  1

  4
A3
  6

 40
7.5
 41
20.0
 42
7.5
 43
20.0
 44
420.0
 45
297.0
 46
0.0
 47
0.0
 48
0.0
 49
0.0
140
0.0
141
0.0
142
1.0
143
1.0
 70
0
 72
1
 73
0
 74
5
  7

 75
16
 76
0
 77
2
 78
300
147
1.0
148
0.0
149
0.0
100
AcDbLayout
  1
Layout1
 70
1
 71
1
 10
0.0
 20
0.0
 11
420.0
 21
297.0
 12
0.0
 22
0.0
 32
0.0
 14
1e+20
 24
1e+20
 34
1e+20
 15
-1e+20
 25
-1e+20
 35
-1e+20
146
0.0
 13
0.0
 23
0.0
 33
0.0
 16
1.0
 26
0.0
 36
0.0
 17
0.0
 27
1.0
 37
0.0
 76
1
330
1B
  0
MATERIAL
  5
1F
102
{ACAD_REACTORS
330
E
102
}
330
E
100
AcDbMaterial
  1
ByBlock
  2

 70
0
 40
1.0
 71
1
 41
1.0
 91
-1023410177
 42
1.0
 72
1
  3

 73
1
 74
1
 75
1
 44
0.5
 73
0
 45
1.0
 46
1.0
 77
1
  4

 78
1
 79
1
170
1
 48
1.0
171
1
  6

172
1
173
1
174
1
140
1.0
141
1.0
175
1
  7

176
1
177
1
178
1
143
1.0
179
1
  8

270
1
271
1
272
1
145
1.0
146
1.0
273
1
  9

274
1
275
1
276
1
 42
1.0
 72
1
  3

 73
1
 74
1
 75
1
 94
63
  0
MATERIAL
  5
20
102
{ACAD_REACTORS
330
E
102
}
330
E
100
AcDbMaterial
  1
ByLayer
  2

 70
0
 40
1.0
 71
1
 41
1.0
 91
-1023410177
 42
1.0
 72
1
  3

 73
1
 74
1
 75
1
 44
0.5
 73
0
 45
1.0
 46
1.0
 77
1
  4

 78
1
 79
1
170
1
 48
1.0
171
1
  6

172
1
173
1
174
1
140
1.0
141
1.0
175
1
  7

176
1
177
1
178
1
143
1.0
179
1
  8

270
1
271
1
272
1
145
1.0
146
1.0
273
1
  9

274
1
275
1
276
1
 42
1.0
 72
1
  3

 73
1
 74
1
 75
1
 94
63
  0
MATERIAL
  5
21
102
{ACAD_REACTORS
330
E
102
}
330
E
100
AcDbMaterial
  1
Global
  2

 70
0
 40
1.0
 71
1
 41
1.0
 91
-1023410177
 42
1.0
 72
1
  3

 73
1
 74
1
 75
1
 44
0.5
 73
0
 45
1.0
 46
1.0
 77
1
  4

 78
1
 79
1
170
1
 48
1.0
171
1
  6

172
1
173
1
174
1
140
1.0
141
1.0
175
1
  7

176
1
177
1
178
1
143
1.0
179
1
  8

270
1
271
1
272
1
145
1.0
146
1.0
273
1
  9

274
1
275
1
276
1
 42
1.0
 72
1
  3

 73
1
 74
1
 75
1
 94
63
  0
MLINESTYLE
  5
22
102
{ACAD_REACTORS
330
10
102
}
330
10
100
AcDbMlineStyle
  2
Standard
 70
0
  3

 62
256
 51
90.0
 52
90.0
 71
2
 49
0.5
 62
256
  6
BYLAYER
 49
-0.5
 62
256
  6
BYLAYER
  0
MLEADERSTYLE
  5
2C
102
{ACAD_REACTORS
330
F
102
}
330
F
100
AcDbMLeaderStyle
179
2
170
2
171
1
172
0
 90
2
 40
0.0
 41
0.0
173
1
 91
-1056964608
 92
-2
290
1
 42
2.0
291
1
 43
8.0
  3
Standard
 44
4.0
300

342
29
174
1
175
1
176
0
178
1
 93
-1056964608
 45
4.0
292
0
297
0
 46
4.0
 94
-1056964608
 47
1.0
 49
1.0
140
1.0
294
1
141
0.0
177
0
142
1.0
295
0
296
0
143
3.75
271
0
272
9
273
9
  0
DICTIONARY
  5
2D
330
A
100
AcDbDictionary
280
1
281
1
  3
CREATED_BY_EZDXF
350
2E
  3
WRITTEN_BY_EZDXF
350
1229
  0
DICTIONARYVAR
  5
2E
330
2D
100
DictionaryVariables
280
0
  1
1.4.4 @ 2026-10-05T21:53:21.746910+00:00
  0
VISUALSTYLE
  5
5A
102
{ACAD_REACTORS
330
16
102
}
330
16
100
AcDbVisualStyle
  2
2dWireframe
 70
4
 90
0
 40
0.6
 62
7
290
0
291
0
  0
VISUALSTYLE
  5
5B
102
{ACAD_REACTORS
330
16
102
}
330
16
100
AcDbVisualStyle
  2
Basic
 70
7
 90
1
 40
0.6
 62
7
290
0
291
1
  0
VISUALSTYLE
  5
5C
102
{ACAD_REACTORS
330
16
102
}
330
16
100
AcDbVisualStyle
  2
Brighten
 70
12
 90
2
 40
0.6
 62
7
290
0
291
1
  0
VISUALSTYLE
  5
5D
102
{ACAD_REACTORS
330
16
102
}
330
16
100
AcDbVisualStyle
  2
ColorChange
 70
16
 90
2
 40
0.6
 62
8
290
0
291
1
  0
VISUALSTYLE
  5
5E
102
{ACAD_REACTORS
330
16
102
}
330
16
100
AcDbVisualStyle
  2
Conceptual
 70
9
 90
3
 40
0.6
 62
7
290
0
291
0
  0
VISUALSTYLE
  5
5F
102
{ACAD_REACTORS
330
16
102
}
330
16
100
AcDbVisualStyle
  2
Dim
 70
11
 90
2
 40
0.6
 62
7
290
0
291
1
  0
VISUALSTYLE
  5
60
102
{ACAD_REACTORS
330
16
102
}
330
16
100
AcDbVisualStyle
  2
EdgeColorOff
 70
22
 90
2
 40
0.6
 62
7
290
0
291
1
  0
VISUALSTYLE
  5
61
102
{ACAD_REACTORS
330
16
102
}
330
16
100
AcDbVisualStyle
  2
Facepattern
 70
15
 90
2
 40
0.6
 62
7
290
0
291
1
  0
VISUALSTYLE
  5
62
102
{ACAD_REACTORS
330
16
102
}
330
16
100
AcDbVisualStyle
  2
Flat
 70
0
 90
2
 40
0.6
 62
7
290
0
291
1
  0
VISUALSTYLE
  5
63
102
{ACAD_REACTORS
330
16
102
}
330
16
100
AcDbVisualStyle
  2
FlatWithEdges
 70
1
 90
2
 40
0.6
 62
7
290
0
291
1
  0
VISUALSTYLE
  5
64
102
{ACAD_REACTORS
330
16
102
}
330
16
100
AcDbVisualStyle
  2
Gouraud
 70
2
 90
2
 40
0.6
 62
7
290
0
291
1
  0
VISUALSTYLE
  5
65
102
{ACAD_REACTORS
330
16
102
}
330
16
100
AcDbVisualStyle
  2
GouraudWithEdges
 70
3
 90
2
 40
0.6
 62
7
290
0
291
1
  0
VISUALSTYLE
  5
66
102
{ACAD_REACTORS
330
16
102
}
330
16
100
AcDbVisualStyle
  2
Hidden
 70
6
 90
1
 40
0.6
 62
7
290
0
291
0
  0
VISUALSTYLE
  5
67
102
{ACAD_REACTORS
330
16
102
}
330
16
100
AcDbVisualStyle
  2
JitterOff
 70
20
 90
2
 40
0.6
 62
7
290
0
291
1
  0
VISUALSTYLE
  5
68
102
{ACAD_REACTORS
330
16
102
}
330
16
100
AcDbVisualStyle
  2
Linepattern
 70
14
 90
2
 40
0.6
 62
7
290
0
291
1
  0
VISUALSTYLE
  5
69
102
{ACAD_REACTORS
330
16
102
}
330
16
100
AcDbVisualStyle
  2
Modeling
 70
10
 90
2
 40
0.6
 62
7
290
0
291
0
  0
VISUALSTYLE
  5
6A
102
{ACAD_REACTORS
330
16
102
}
330
16
100
AcDbVisualStyle
  2
OverhangOff
 70
21
 90
2
 40
0.6
 62
7
290
0
291
1
  0
VISUALSTYLE
  5
6B
102
{ACAD_REACTORS
330
16
102
}
330
16
100
AcDbVisualStyle
  2
Realistic
 70
8
 90
2
 40
0.6
 62
7
290
0
291
0
  0
VISUALSTYLE
  5
6C
102
{ACAD_REACTORS
330
16
102
}
330
16
100
AcDbVisualStyle
  2
Shaded
 70
27
 90
2
 40
0.6
 62
7
290
0
291
0
  0
VISUALSTYLE
  5
6D
102
{ACAD_REACTORS
330
16
102
}
330
16
100
AcDbVisualStyle
  2
Shaded with edges
 70
26
 90
2
 40
0.6
 62
7
290
0
291
0
  0
VISUALSTYLE
  5
6E
102
{ACAD_REACTORS
330
16
102
}
330
16
100
AcDbVisualStyle
  2
Shades of Gray
 70
23
 90
2
 40
0.6
 62
7
290
0
291
0
  0
VISUALSTYLE
  5
6F
102
{ACAD_REACTORS
330
16
102
}
330
16
100
AcDbVisualStyle
  2
Sketchy
 70
24
 90
1
 40
0.6
 62
7
290
0
291
0
  0
VISUALSTYLE
  5
70
102
{ACAD_REACTORS
330
16
102
}
330
16
100
AcDbVisualStyle
  2
Thicken
 70
13
 90
2
 40
0.6
 62
7
290
0
291
1
  0
VISUALSTYLE
  5
71
102
{ACAD_REACTORS
330
16
102
}
330
16
100
AcDbVisualStyle
  2
Wireframe
 70
5
 90
0
 40
0.6
 62
7
290
0
291
0
  0
VISUALSTYLE
  5
72
102
{ACAD_REACTORS
330
16
102
}
330
16
100
AcDbVisualStyle
  2
X-Ray
 70
25
 90
2
 40
0.5
 62
7
290
0
291
0
  0
DICTIONARYVAR
  5
1229
330
2D
100
DictionaryVariables
280
0
  1
1.4.4 @ 2026-10-07T07:30:34.506230+00:00
  0
ENDSEC
  0
EOF
